The system is: Linux - 6.5.0-15-generic - x86_64
Compiling the C compiler identification source file "CMakeCCompilerId.c" succeeded.
Compiler: /usr/bin/gcc 
Build flags: 
Id flags:  

The output was:
0


Compilation of the C compiler identification source "CMakeCCompilerId.c" produced "a.out"

The C compiler identification is GNU, found in "/home/yzwu/Desktop/soc_test/vadd_host/build/x86sim/CMakeFiles/3.24.2/CompilerIdC/a.out"

Compiling the CXX compiler identification source file "CMakeCXXCompilerId.cpp" succeeded.
Compiler: /usr/bin/g++ 
Build flags: 
Id flags:  

The output was:
0


Compilation of the CXX compiler identification source "CMakeCXXCompilerId.cpp" produced "a.out"

The CXX compiler identification is GNU, found in "/home/yzwu/Desktop/soc_test/vadd_host/build/x86sim/CMakeFiles/3.24.2/CompilerIdCXX/a.out"

Detecting C compiler ABI info compiled with the following output:
Change Dir: /home/yzwu/Desktop/soc_test/vadd_host/build/x86sim/CMakeFiles/CMakeTmp

Run Build Command(s):/usr/bin/gmake -f Makefile cmTC_5958c/fast && /usr/bin/gmake  -f CMakeFiles/cmTC_5958c.dir/build.make CMakeFiles/cmTC_5958c.dir/build
gmake[1]: Entering directory '/home/yzwu/Desktop/soc_test/vadd_host/build/x86sim/CMakeFiles/CMakeTmp'
Building C object CMakeFiles/cmTC_5958c.dir/CMakeCCompilerABI.c.o
/usr/bin/gcc   -v -o CMakeFiles/cmTC_5958c.dir/CMakeCCompilerABI.c.o -c /tools/Xilinx/Vitis/2023.2/tps/lnx64/cmake-3.24.2/share/cmake-3.24/Modules/CMakeCCompilerABI.c
Using built-in specs.
COLLECT_GCC=/usr/bin/gcc
OFFLOAD_TARGET_NAMES=nvptx-none:amdgcn-amdhsa
OFFLOAD_TARGET_DEFAULT=1
Target: x86_64-linux-gnu
Configured with: ../src/configure -v --with-pkgversion='Ubuntu 11.4.0-1ubuntu1~22.04' --with-bugurl=file:///usr/share/doc/gcc-11/README.Bugs --enable-languages=c,ada,c++,go,brig,d,fortran,objc,obj-c++,m2 --prefix=/usr --with-gcc-major-version-only --program-suffix=-11 --program-prefix=x86_64-linux-gnu- --enable-shared --enable-linker-build-id --libexecdir=/usr/lib --without-included-gettext --enable-threads=posix --libdir=/usr/lib --enable-nls --enable-bootstrap --enable-clocale=gnu --enable-libstdcxx-debug --enable-libstdcxx-time=yes --with-default-libstdcxx-abi=new --enable-gnu-unique-object --disable-vtable-verify --enable-plugin --enable-default-pie --with-system-zlib --enable-libphobos-checking=release --with-target-system-zlib=auto --enable-objc-gc=auto --enable-multiarch --disable-werror --enable-cet --with-arch-32=i686 --with-abi=m64 --with-multilib-list=m32,m64,mx32 --enable-multilib --with-tune=generic --enable-offload-targets=nvptx-none=/build/gcc-11-XeT9lY/gcc-11-11.4.0/debian/tmp-nvptx/usr,amdgcn-amdhsa=/build/gcc-11-XeT9lY/gcc-11-11.4.0/debian/tmp-gcn/usr --without-cuda-driver --enable-checking=release --build=x86_64-linux-gnu --host=x86_64-linux-gnu --target=x86_64-linux-gnu --with-build-config=bootstrap-lto-lean --enable-link-serialization=2
Thread model: posix
Supported LTO compression algorithms: zlib zstd
gcc version 11.4.0 (Ubuntu 11.4.0-1ubuntu1~22.04) 
COLLECT_GCC_OPTIONS='-v' '-o' 'CMakeFiles/cmTC_5958c.dir/CMakeCCompilerABI.c.o' '-c' '-mtune=generic' '-march=x86-64' '-dumpdir' 'CMakeFiles/cmTC_5958c.dir/'
 /usr/lib/gcc/x86_64-linux-gnu/11/cc1 -quiet -v -imultiarch x86_64-linux-gnu /tools/Xilinx/Vitis/2023.2/tps/lnx64/cmake-3.24.2/share/cmake-3.24/Modules/CMakeCCompilerABI.c -quiet -dumpdir CMakeFiles/cmTC_5958c.dir/ -dumpbase CMakeCCompilerABI.c.c -dumpbase-ext .c -mtune=generic -march=x86-64 -version -fasynchronous-unwind-tables -fstack-protector-strong -Wformat -Wformat-security -fstack-clash-protection -fcf-protection -o /tmp/cc0kVRKK.s
GNU C17 (Ubuntu 11.4.0-1ubuntu1~22.04) version 11.4.0 (x86_64-linux-gnu)
	compiled by GNU C version 11.4.0, GMP version 6.2.1, MPFR version 4.1.0, MPC version 1.2.1, isl version isl-0.24-GMP

GGC heuristics: --param ggc-min-expand=100 --param ggc-min-heapsize=131072
ignoring nonexistent directory "/usr/local/include/x86_64-linux-gnu"
ignoring nonexistent directory "/usr/lib/gcc/x86_64-linux-gnu/11/include-fixed"
ignoring nonexistent directory "/usr/lib/gcc/x86_64-linux-gnu/11/../../../../x86_64-linux-gnu/include"
#include "..." search starts here:
#include <...> search starts here:
 /usr/lib/gcc/x86_64-linux-gnu/11/include
 /usr/local/include
 /usr/include/x86_64-linux-gnu
 /usr/include
End of search list.
GNU C17 (Ubuntu 11.4.0-1ubuntu1~22.04) version 11.4.0 (x86_64-linux-gnu)
	compiled by GNU C version 11.4.0, GMP version 6.2.1, MPFR version 4.1.0, MPC version 1.2.1, isl version isl-0.24-GMP

GGC heuristics: --param ggc-min-expand=100 --param ggc-min-heapsize=131072
Compiler executable checksum: 50eaa2331df977b8016186198deb2d18
COLLECT_GCC_OPTIONS='-v' '-o' 'CMakeFiles/cmTC_5958c.dir/CMakeCCompilerABI.c.o' '-c' '-mtune=generic' '-march=x86-64' '-dumpdir' 'CMakeFiles/cmTC_5958c.dir/'
 as -v --64 -o CMakeFiles/cmTC_5958c.dir/CMakeCCompilerABI.c.o /tmp/cc0kVRKK.s
GNU assembler version 2.38 (x86_64-linux-gnu) using BFD version (GNU Binutils for Ubuntu) 2.38
COMPILER_PATH=/usr/lib/gcc/x86_64-linux-gnu/11/:/usr/lib/gcc/x86_64-linux-gnu/11/:/usr/lib/gcc/x86_64-linux-gnu/:/usr/lib/gcc/x86_64-linux-gnu/11/:/usr/lib/gcc/x86_64-linux-gnu/
LIBRARY_PATH=/usr/lib/gcc/x86_64-linux-gnu/11/:/usr/lib/gcc/x86_64-linux-gnu/11/../../../x86_64-linux-gnu/:/usr/lib/gcc/x86_64-linux-gnu/11/../../../../lib/:/lib/x86_64-linux-gnu/:/lib/../lib/:/usr/lib/x86_64-linux-gnu/:/usr/lib/../lib/:/usr/lib/gcc/x86_64-linux-gnu/11/../../../:/lib/:/usr/lib/
COLLECT_GCC_OPTIONS='-v' '-o' 'CMakeFiles/cmTC_5958c.dir/CMakeCCompilerABI.c.o' '-c' '-mtune=generic' '-march=x86-64' '-dumpdir' 'CMakeFiles/cmTC_5958c.dir/CMakeCCompilerABI.c.'
Linking C executable cmTC_5958c
/tools/Xilinx/Vitis/2023.2/tps/lnx64/cmake-3.24.2/bin/cmake -E cmake_link_script CMakeFiles/cmTC_5958c.dir/link.txt --verbose=1
/usr/bin/gcc  -v CMakeFiles/cmTC_5958c.dir/CMakeCCompilerABI.c.o -o cmTC_5958c 
Using built-in specs.
COLLECT_GCC=/usr/bin/gcc
COLLECT_LTO_WRAPPER=/usr/lib/gcc/x86_64-linux-gnu/11/lto-wrapper
OFFLOAD_TARGET_NAMES=nvptx-none:amdgcn-amdhsa
OFFLOAD_TARGET_DEFAULT=1
Target: x86_64-linux-gnu
Configured with: ../src/configure -v --with-pkgversion='Ubuntu 11.4.0-1ubuntu1~22.04' --with-bugurl=file:///usr/share/doc/gcc-11/README.Bugs --enable-languages=c,ada,c++,go,brig,d,fortran,objc,obj-c++,m2 --prefix=/usr --with-gcc-major-version-only --program-suffix=-11 --program-prefix=x86_64-linux-gnu- --enable-shared --enable-linker-build-id --libexecdir=/usr/lib --without-included-gettext --enable-threads=posix --libdir=/usr/lib --enable-nls --enable-bootstrap --enable-clocale=gnu --enable-libstdcxx-debug --enable-libstdcxx-time=yes --with-default-libstdcxx-abi=new --enable-gnu-unique-object --disable-vtable-verify --enable-plugin --enable-default-pie --with-system-zlib --enable-libphobos-checking=release --with-target-system-zlib=auto --enable-objc-gc=auto --enable-multiarch --disable-werror --enable-cet --with-arch-32=i686 --with-abi=m64 --with-multilib-list=m32,m64,mx32 --enable-multilib --with-tune=generic --enable-offload-targets=nvptx-none=/build/gcc-11-XeT9lY/gcc-11-11.4.0/debian/tmp-nvptx/usr,amdgcn-amdhsa=/build/gcc-11-XeT9lY/gcc-11-11.4.0/debian/tmp-gcn/usr --without-cuda-driver --enable-checking=release --build=x86_64-linux-gnu --host=x86_64-linux-gnu --target=x86_64-linux-gnu --with-build-config=bootstrap-lto-lean --enable-link-serialization=2
Thread model: posix
Supported LTO compression algorithms: zlib zstd
gcc version 11.4.0 (Ubuntu 11.4.0-1ubuntu1~22.04) 
COMPILER_PATH=/usr/lib/gcc/x86_64-linux-gnu/11/:/usr/lib/gcc/x86_64-linux-gnu/11/:/usr/lib/gcc/x86_64-linux-gnu/:/usr/lib/gcc/x86_64-linux-gnu/11/:/usr/lib/gcc/x86_64-linux-gnu/
LIBRARY_PATH=/usr/lib/gcc/x86_64-linux-gnu/11/:/usr/lib/gcc/x86_64-linux-gnu/11/../../../x86_64-linux-gnu/:/usr/lib/gcc/x86_64-linux-gnu/11/../../../../lib/:/lib/x86_64-linux-gnu/:/lib/../lib/:/usr/lib/x86_64-linux-gnu/:/usr/lib/../lib/:/usr/lib/gcc/x86_64-linux-gnu/11/../../../:/lib/:/usr/lib/
COLLECT_GCC_OPTIONS='-v' '-o' 'cmTC_5958c' '-mtune=generic' '-march=x86-64' '-dumpdir' 'cmTC_5958c.'
 /usr/lib/gcc/x86_64-linux-gnu/11/collect2 -plugin /usr/lib/gcc/x86_64-linux-gnu/11/liblto_plugin.so -plugin-opt=/usr/lib/gcc/x86_64-linux-gnu/11/lto-wrapper -plugin-opt=-fresolution=/tmp/ccX564zp.res -plugin-opt=-pass-through=-lgcc -plugin-opt=-pass-through=-lgcc_s -plugin-opt=-pass-through=-lc -plugin-opt=-pass-through=-lgcc -plugin-opt=-pass-through=-lgcc_s --build-id --eh-frame-hdr -m elf_x86_64 --hash-style=gnu --as-needed -dynamic-linker /lib64/ld-linux-x86-64.so.2 -pie -z now -z relro -o cmTC_5958c /usr/lib/gcc/x86_64-linux-gnu/11/../../../x86_64-linux-gnu/Scrt1.o /usr/lib/gcc/x86_64-linux-gnu/11/../../../x86_64-linux-gnu/crti.o /usr/lib/gcc/x86_64-linux-gnu/11/crtbeginS.o -L/usr/lib/gcc/x86_64-linux-gnu/11 -L/usr/lib/gcc/x86_64-linux-gnu/11/../../../x86_64-linux-gnu -L/usr/lib/gcc/x86_64-linux-gnu/11/../../../../lib -L/lib/x86_64-linux-gnu -L/lib/../lib -L/usr/lib/x86_64-linux-gnu -L/usr/lib/../lib -L/usr/lib/gcc/x86_64-linux-gnu/11/../../.. CMakeFiles/cmTC_5958c.dir/CMakeCCompilerABI.c.o -lgcc --push-state --as-needed -lgcc_s --pop-state -lc -lgcc --push-state --as-needed -lgcc_s --pop-state /usr/lib/gcc/x86_64-linux-gnu/11/crtendS.o /usr/lib/gcc/x86_64-linux-gnu/11/../../../x86_64-linux-gnu/crtn.o
COLLECT_GCC_OPTIONS='-v' '-o' 'cmTC_5958c' '-mtune=generic' '-march=x86-64' '-dumpdir' 'cmTC_5958c.'
gmake[1]: Leaving directory '/home/yzwu/Desktop/soc_test/vadd_host/build/x86sim/CMakeFiles/CMakeTmp'



Parsed C implicit include dir info from above output: rv=done
  found start of include info
  found start of implicit include info
    add: [/usr/lib/gcc/x86_64-linux-gnu/11/include]
    add: [/usr/local/include]
    add: [/usr/include/x86_64-linux-gnu]
    add: [/usr/include]
  end of search list found
  collapse include dir [/usr/lib/gcc/x86_64-linux-gnu/11/include] ==> [/usr/lib/gcc/x86_64-linux-gnu/11/include]
  collapse include dir [/usr/local/include] ==> [/usr/local/include]
  collapse include dir [/usr/include/x86_64-linux-gnu] ==> [/usr/include/x86_64-linux-gnu]
  collapse include dir [/usr/include] ==> [/usr/include]
  implicit include dirs: [/usr/lib/gcc/x86_64-linux-gnu/11/include;/usr/local/include;/usr/include/x86_64-linux-gnu;/usr/include]


Parsed C implicit link information from above output:
  link line regex: [^( *|.*[/\])(ld|CMAKE_LINK_STARTFILE-NOTFOUND|([^/\]+-)?ld|collect2)[^/\]*( |$)]
  ignore line: [Change Dir: /home/yzwu/Desktop/soc_test/vadd_host/build/x86sim/CMakeFiles/CMakeTmp]
  ignore line: []
  ignore line: [Run Build Command(s):/usr/bin/gmake -f Makefile cmTC_5958c/fast && /usr/bin/gmake  -f CMakeFiles/cmTC_5958c.dir/build.make CMakeFiles/cmTC_5958c.dir/build]
  ignore line: [gmake[1]: Entering directory '/home/yzwu/Desktop/soc_test/vadd_host/build/x86sim/CMakeFiles/CMakeTmp']
  ignore line: [Building C object CMakeFiles/cmTC_5958c.dir/CMakeCCompilerABI.c.o]
  ignore line: [/usr/bin/gcc   -v -o CMakeFiles/cmTC_5958c.dir/CMakeCCompilerABI.c.o -c /tools/Xilinx/Vitis/2023.2/tps/lnx64/cmake-3.24.2/share/cmake-3.24/Modules/CMakeCCompilerABI.c]
  ignore line: [Using built-in specs.]
  ignore line: [COLLECT_GCC=/usr/bin/gcc]
  ignore line: [OFFLOAD_TARGET_NAMES=nvptx-none:amdgcn-amdhsa]
  ignore line: [OFFLOAD_TARGET_DEFAULT=1]
  ignore line: [Target: x86_64-linux-gnu]
  ignore line: [Configured with: ../src/configure -v --with-pkgversion='Ubuntu 11.4.0-1ubuntu1~22.04' --with-bugurl=file:///usr/share/doc/gcc-11/README.Bugs --enable-languages=c ada c++ go brig d fortran objc obj-c++ m2 --prefix=/usr --with-gcc-major-version-only --program-suffix=-11 --program-prefix=x86_64-linux-gnu- --enable-shared --enable-linker-build-id --libexecdir=/usr/lib --without-included-gettext --enable-threads=posix --libdir=/usr/lib --enable-nls --enable-bootstrap --enable-clocale=gnu --enable-libstdcxx-debug --enable-libstdcxx-time=yes --with-default-libstdcxx-abi=new --enable-gnu-unique-object --disable-vtable-verify --enable-plugin --enable-default-pie --with-system-zlib --enable-libphobos-checking=release --with-target-system-zlib=auto --enable-objc-gc=auto --enable-multiarch --disable-werror --enable-cet --with-arch-32=i686 --with-abi=m64 --with-multilib-list=m32 m64 mx32 --enable-multilib --with-tune=generic --enable-offload-targets=nvptx-none=/build/gcc-11-XeT9lY/gcc-11-11.4.0/debian/tmp-nvptx/usr amdgcn-amdhsa=/build/gcc-11-XeT9lY/gcc-11-11.4.0/debian/tmp-gcn/usr --without-cuda-driver --enable-checking=release --build=x86_64-linux-gnu --host=x86_64-linux-gnu --target=x86_64-linux-gnu --with-build-config=bootstrap-lto-lean --enable-link-serialization=2]
  ignore line: [Thread model: posix]
  ignore line: [Supported LTO compression algorithms: zlib zstd]
  ignore line: [gcc version 11.4.0 (Ubuntu 11.4.0-1ubuntu1~22.04) ]
  ignore line: [COLLECT_GCC_OPTIONS='-v' '-o' 'CMakeFiles/cmTC_5958c.dir/CMakeCCompilerABI.c.o' '-c' '-mtune=generic' '-march=x86-64' '-dumpdir' 'CMakeFiles/cmTC_5958c.dir/']
  ignore line: [ /usr/lib/gcc/x86_64-linux-gnu/11/cc1 -quiet -v -imultiarch x86_64-linux-gnu /tools/Xilinx/Vitis/2023.2/tps/lnx64/cmake-3.24.2/share/cmake-3.24/Modules/CMakeCCompilerABI.c -quiet -dumpdir CMakeFiles/cmTC_5958c.dir/ -dumpbase CMakeCCompilerABI.c.c -dumpbase-ext .c -mtune=generic -march=x86-64 -version -fasynchronous-unwind-tables -fstack-protector-strong -Wformat -Wformat-security -fstack-clash-protection -fcf-protection -o /tmp/cc0kVRKK.s]
  ignore line: [GNU C17 (Ubuntu 11.4.0-1ubuntu1~22.04) version 11.4.0 (x86_64-linux-gnu)]
  ignore line: [	compiled by GNU C version 11.4.0  GMP version 6.2.1  MPFR version 4.1.0  MPC version 1.2.1  isl version isl-0.24-GMP]
  ignore line: []
  ignore line: [GGC heuristics: --param ggc-min-expand=100 --param ggc-min-heapsize=131072]
  ignore line: [ignoring nonexistent directory "/usr/local/include/x86_64-linux-gnu"]
  ignore line: [ignoring nonexistent directory "/usr/lib/gcc/x86_64-linux-gnu/11/include-fixed"]
  ignore line: [ignoring nonexistent directory "/usr/lib/gcc/x86_64-linux-gnu/11/../../../../x86_64-linux-gnu/include"]
  ignore line: [#include "..." search starts here:]
  ignore line: [#include <...> search starts here:]
  ignore line: [ /usr/lib/gcc/x86_64-linux-gnu/11/include]
  ignore line: [ /usr/local/include]
  ignore line: [ /usr/include/x86_64-linux-gnu]
  ignore line: [ /usr/include]
  ignore line: [End of search list.]
  ignore line: [GNU C17 (Ubuntu 11.4.0-1ubuntu1~22.04) version 11.4.0 (x86_64-linux-gnu)]
  ignore line: [	compiled by GNU C version 11.4.0  GMP version 6.2.1  MPFR version 4.1.0  MPC version 1.2.1  isl version isl-0.24-GMP]
  ignore line: []
  ignore line: [GGC heuristics: --param ggc-min-expand=100 --param ggc-min-heapsize=131072]
  ignore line: [Compiler executable checksum: 50eaa2331df977b8016186198deb2d18]
  ignore line: [COLLECT_GCC_OPTIONS='-v' '-o' 'CMakeFiles/cmTC_5958c.dir/CMakeCCompilerABI.c.o' '-c' '-mtune=generic' '-march=x86-64' '-dumpdir' 'CMakeFiles/cmTC_5958c.dir/']
  ignore line: [ as -v --64 -o CMakeFiles/cmTC_5958c.dir/CMakeCCompilerABI.c.o /tmp/cc0kVRKK.s]
  ignore line: [GNU assembler version 2.38 (x86_64-linux-gnu) using BFD version (GNU Binutils for Ubuntu) 2.38]
  ignore line: [COMPILER_PATH=/usr/lib/gcc/x86_64-linux-gnu/11/:/usr/lib/gcc/x86_64-linux-gnu/11/:/usr/lib/gcc/x86_64-linux-gnu/:/usr/lib/gcc/x86_64-linux-gnu/11/:/usr/lib/gcc/x86_64-linux-gnu/]
  ignore line: [LIBRARY_PATH=/usr/lib/gcc/x86_64-linux-gnu/11/:/usr/lib/gcc/x86_64-linux-gnu/11/../../../x86_64-linux-gnu/:/usr/lib/gcc/x86_64-linux-gnu/11/../../../../lib/:/lib/x86_64-linux-gnu/:/lib/../lib/:/usr/lib/x86_64-linux-gnu/:/usr/lib/../lib/:/usr/lib/gcc/x86_64-linux-gnu/11/../../../:/lib/:/usr/lib/]
  ignore line: [COLLECT_GCC_OPTIONS='-v' '-o' 'CMakeFiles/cmTC_5958c.dir/CMakeCCompilerABI.c.o' '-c' '-mtune=generic' '-march=x86-64' '-dumpdir' 'CMakeFiles/cmTC_5958c.dir/CMakeCCompilerABI.c.']
  ignore line: [Linking C executable cmTC_5958c]
  ignore line: [/tools/Xilinx/Vitis/2023.2/tps/lnx64/cmake-3.24.2/bin/cmake -E cmake_link_script CMakeFiles/cmTC_5958c.dir/link.txt --verbose=1]
  ignore line: [/usr/bin/gcc  -v CMakeFiles/cmTC_5958c.dir/CMakeCCompilerABI.c.o -o cmTC_5958c ]
  ignore line: [Using built-in specs.]
  ignore line: [COLLECT_GCC=/usr/bin/gcc]
  ignore line: [COLLECT_LTO_WRAPPER=/usr/lib/gcc/x86_64-linux-gnu/11/lto-wrapper]
  ignore line: [OFFLOAD_TARGET_NAMES=nvptx-none:amdgcn-amdhsa]
  ignore line: [OFFLOAD_TARGET_DEFAULT=1]
  ignore line: [Target: x86_64-linux-gnu]
  ignore line: [Configured with: ../src/configure -v --with-pkgversion='Ubuntu 11.4.0-1ubuntu1~22.04' --with-bugurl=file:///usr/share/doc/gcc-11/README.Bugs --enable-languages=c ada c++ go brig d fortran objc obj-c++ m2 --prefix=/usr --with-gcc-major-version-only --program-suffix=-11 --program-prefix=x86_64-linux-gnu- --enable-shared --enable-linker-build-id --libexecdir=/usr/lib --without-included-gettext --enable-threads=posix --libdir=/usr/lib --enable-nls --enable-bootstrap --enable-clocale=gnu --enable-libstdcxx-debug --enable-libstdcxx-time=yes --with-default-libstdcxx-abi=new --enable-gnu-unique-object --disable-vtable-verify --enable-plugin --enable-default-pie --with-system-zlib --enable-libphobos-checking=release --with-target-system-zlib=auto --enable-objc-gc=auto --enable-multiarch --disable-werror --enable-cet --with-arch-32=i686 --with-abi=m64 --with-multilib-list=m32 m64 mx32 --enable-multilib --with-tune=generic --enable-offload-targets=nvptx-none=/build/gcc-11-XeT9lY/gcc-11-11.4.0/debian/tmp-nvptx/usr amdgcn-amdhsa=/build/gcc-11-XeT9lY/gcc-11-11.4.0/debian/tmp-gcn/usr --without-cuda-driver --enable-checking=release --build=x86_64-linux-gnu --host=x86_64-linux-gnu --target=x86_64-linux-gnu --with-build-config=bootstrap-lto-lean --enable-link-serialization=2]
  ignore line: [Thread model: posix]
  ignore line: [Supported LTO compression algorithms: zlib zstd]
  ignore line: [gcc version 11.4.0 (Ubuntu 11.4.0-1ubuntu1~22.04) ]
  ignore line: [COMPILER_PATH=/usr/lib/gcc/x86_64-linux-gnu/11/:/usr/lib/gcc/x86_64-linux-gnu/11/:/usr/lib/gcc/x86_64-linux-gnu/:/usr/lib/gcc/x86_64-linux-gnu/11/:/usr/lib/gcc/x86_64-linux-gnu/]
  ignore line: [LIBRARY_PATH=/usr/lib/gcc/x86_64-linux-gnu/11/:/usr/lib/gcc/x86_64-linux-gnu/11/../../../x86_64-linux-gnu/:/usr/lib/gcc/x86_64-linux-gnu/11/../../../../lib/:/lib/x86_64-linux-gnu/:/lib/../lib/:/usr/lib/x86_64-linux-gnu/:/usr/lib/../lib/:/usr/lib/gcc/x86_64-linux-gnu/11/../../../:/lib/:/usr/lib/]
  ignore line: [COLLECT_GCC_OPTIONS='-v' '-o' 'cmTC_5958c' '-mtune=generic' '-march=x86-64' '-dumpdir' 'cmTC_5958c.']
  link line: [ /usr/lib/gcc/x86_64-linux-gnu/11/collect2 -plugin /usr/lib/gcc/x86_64-linux-gnu/11/liblto_plugin.so -plugin-opt=/usr/lib/gcc/x86_64-linux-gnu/11/lto-wrapper -plugin-opt=-fresolution=/tmp/ccX564zp.res -plugin-opt=-pass-through=-lgcc -plugin-opt=-pass-through=-lgcc_s -plugin-opt=-pass-through=-lc -plugin-opt=-pass-through=-lgcc -plugin-opt=-pass-through=-lgcc_s --build-id --eh-frame-hdr -m elf_x86_64 --hash-style=gnu --as-needed -dynamic-linker /lib64/ld-linux-x86-64.so.2 -pie -z now -z relro -o cmTC_5958c /usr/lib/gcc/x86_64-linux-gnu/11/../../../x86_64-linux-gnu/Scrt1.o /usr/lib/gcc/x86_64-linux-gnu/11/../../../x86_64-linux-gnu/crti.o /usr/lib/gcc/x86_64-linux-gnu/11/crtbeginS.o -L/usr/lib/gcc/x86_64-linux-gnu/11 -L/usr/lib/gcc/x86_64-linux-gnu/11/../../../x86_64-linux-gnu -L/usr/lib/gcc/x86_64-linux-gnu/11/../../../../lib -L/lib/x86_64-linux-gnu -L/lib/../lib -L/usr/lib/x86_64-linux-gnu -L/usr/lib/../lib -L/usr/lib/gcc/x86_64-linux-gnu/11/../../.. CMakeFiles/cmTC_5958c.dir/CMakeCCompilerABI.c.o -lgcc --push-state --as-needed -lgcc_s --pop-state -lc -lgcc --push-state --as-needed -lgcc_s --pop-state /usr/lib/gcc/x86_64-linux-gnu/11/crtendS.o /usr/lib/gcc/x86_64-linux-gnu/11/../../../x86_64-linux-gnu/crtn.o]
    arg [/usr/lib/gcc/x86_64-linux-gnu/11/collect2] ==> ignore
    arg [-plugin] ==> ignore
    arg [/usr/lib/gcc/x86_64-linux-gnu/11/liblto_plugin.so] ==> ignore
    arg [-plugin-opt=/usr/lib/gcc/x86_64-linux-gnu/11/lto-wrapper] ==> ignore
    arg [-plugin-opt=-fresolution=/tmp/ccX564zp.res] ==> ignore
    arg [-plugin-opt=-pass-through=-lgcc] ==> ignore
    arg [-plugin-opt=-pass-through=-lgcc_s] ==> ignore
    arg [-plugin-opt=-pass-through=-lc] ==> ignore
    arg [-plugin-opt=-pass-through=-lgcc] ==> ignore
    arg [-plugin-opt=-pass-through=-lgcc_s] ==> ignore
    arg [--build-id] ==> ignore
    arg [--eh-frame-hdr] ==> ignore
    arg [-m] ==> ignore
    arg [elf_x86_64] ==> ignore
    arg [--hash-style=gnu] ==> ignore
    arg [--as-needed] ==> ignore
    arg [-dynamic-linker] ==> ignore
    arg [/lib64/ld-linux-x86-64.so.2] ==> ignore
    arg [-pie] ==> ignore
    arg [-znow] ==> ignore
    arg [-zrelro] ==> ignore
    arg [-o] ==> ignore
    arg [cmTC_5958c] ==> ignore
    arg [/usr/lib/gcc/x86_64-linux-gnu/11/../../../x86_64-linux-gnu/Scrt1.o] ==> obj [/usr/lib/gcc/x86_64-linux-gnu/11/../../../x86_64-linux-gnu/Scrt1.o]
    arg [/usr/lib/gcc/x86_64-linux-gnu/11/../../../x86_64-linux-gnu/crti.o] ==> obj [/usr/lib/gcc/x86_64-linux-gnu/11/../../../x86_64-linux-gnu/crti.o]
    arg [/usr/lib/gcc/x86_64-linux-gnu/11/crtbeginS.o] ==> obj [/usr/lib/gcc/x86_64-linux-gnu/11/crtbeginS.o]
    arg [-L/usr/lib/gcc/x86_64-linux-gnu/11] ==> dir [/usr/lib/gcc/x86_64-linux-gnu/11]
    arg [-L/usr/lib/gcc/x86_64-linux-gnu/11/../../../x86_64-linux-gnu] ==> dir [/usr/lib/gcc/x86_64-linux-gnu/11/../../../x86_64-linux-gnu]
    arg [-L/usr/lib/gcc/x86_64-linux-gnu/11/../../../../lib] ==> dir [/usr/lib/gcc/x86_64-linux-gnu/11/../../../../lib]
    arg [-L/lib/x86_64-linux-gnu] ==> dir [/lib/x86_64-linux-gnu]
    arg [-L/lib/../lib] ==> dir [/lib/../lib]
    arg [-L/usr/lib/x86_64-linux-gnu] ==> dir [/usr/lib/x86_64-linux-gnu]
    arg [-L/usr/lib/../lib] ==> dir [/usr/lib/../lib]
    arg [-L/usr/lib/gcc/x86_64-linux-gnu/11/../../..] ==> dir [/usr/lib/gcc/x86_64-linux-gnu/11/../../..]
    arg [CMakeFiles/cmTC_5958c.dir/CMakeCCompilerABI.c.o] ==> ignore
    arg [-lgcc] ==> lib [gcc]
    arg [--push-state] ==> ignore
    arg [--as-needed] ==> ignore
    arg [-lgcc_s] ==> lib [gcc_s]
    arg [--pop-state] ==> ignore
    arg [-lc] ==> lib [c]
    arg [-lgcc] ==> lib [gcc]
    arg [--push-state] ==> ignore
    arg [--as-needed] ==> ignore
    arg [-lgcc_s] ==> lib [gcc_s]
    arg [--pop-state] ==> ignore
    arg [/usr/lib/gcc/x86_64-linux-gnu/11/crtendS.o] ==> obj [/usr/lib/gcc/x86_64-linux-gnu/11/crtendS.o]
    arg [/usr/lib/gcc/x86_64-linux-gnu/11/../../../x86_64-linux-gnu/crtn.o] ==> obj [/usr/lib/gcc/x86_64-linux-gnu/11/../../../x86_64-linux-gnu/crtn.o]
  collapse obj [/usr/lib/gcc/x86_64-linux-gnu/11/../../../x86_64-linux-gnu/Scrt1.o] ==> [/usr/lib/x86_64-linux-gnu/Scrt1.o]
  collapse obj [/usr/lib/gcc/x86_64-linux-gnu/11/../../../x86_64-linux-gnu/crti.o] ==> [/usr/lib/x86_64-linux-gnu/crti.o]
  collapse obj [/usr/lib/gcc/x86_64-linux-gnu/11/../../../x86_64-linux-gnu/crtn.o] ==> [/usr/lib/x86_64-linux-gnu/crtn.o]
  collapse library dir [/usr/lib/gcc/x86_64-linux-gnu/11] ==> [/usr/lib/gcc/x86_64-linux-gnu/11]
  collapse library dir [/usr/lib/gcc/x86_64-linux-gnu/11/../../../x86_64-linux-gnu] ==> [/usr/lib/x86_64-linux-gnu]
  collapse library dir [/usr/lib/gcc/x86_64-linux-gnu/11/../../../../lib] ==> [/usr/lib]
  collapse library dir [/lib/x86_64-linux-gnu] ==> [/lib/x86_64-linux-gnu]
  collapse library dir [/lib/../lib] ==> [/lib]
  collapse library dir [/usr/lib/x86_64-linux-gnu] ==> [/usr/lib/x86_64-linux-gnu]
  collapse library dir [/usr/lib/../lib] ==> [/usr/lib]
  collapse library dir [/usr/lib/gcc/x86_64-linux-gnu/11/../../..] ==> [/usr/lib]
  implicit libs: [gcc;gcc_s;c;gcc;gcc_s]
  implicit objs: [/usr/lib/x86_64-linux-gnu/Scrt1.o;/usr/lib/x86_64-linux-gnu/crti.o;/usr/lib/gcc/x86_64-linux-gnu/11/crtbeginS.o;/usr/lib/gcc/x86_64-linux-gnu/11/crtendS.o;/usr/lib/x86_64-linux-gnu/crtn.o]
  implicit dirs: [/usr/lib/gcc/x86_64-linux-gnu/11;/usr/lib/x86_64-linux-gnu;/usr/lib;/lib/x86_64-linux-gnu;/lib]
  implicit fwks: []


Detecting CXX compiler ABI info compiled with the following output:
Change Dir: /home/yzwu/Desktop/soc_test/vadd_host/build/x86sim/CMakeFiles/CMakeTmp

Run Build Command(s):/usr/bin/gmake -f Makefile cmTC_d2710/fast && /usr/bin/gmake  -f CMakeFiles/cmTC_d2710.dir/build.make CMakeFiles/cmTC_d2710.dir/build
gmake[1]: Entering directory '/home/yzwu/Desktop/soc_test/vadd_host/build/x86sim/CMakeFiles/CMakeTmp'
Building CXX object CMakeFiles/cmTC_d2710.dir/CMakeCXXCompilerABI.cpp.o
/usr/bin/g++   -v -o CMakeFiles/cmTC_d2710.dir/CMakeCXXCompilerABI.cpp.o -c /tools/Xilinx/Vitis/2023.2/tps/lnx64/cmake-3.24.2/share/cmake-3.24/Modules/CMakeCXXCompilerABI.cpp
Using built-in specs.
COLLECT_GCC=/usr/bin/g++
OFFLOAD_TARGET_NAMES=nvptx-none:amdgcn-amdhsa
OFFLOAD_TARGET_DEFAULT=1
Target: x86_64-linux-gnu
Configured with: ../src/configure -v --with-pkgversion='Ubuntu 11.4.0-1ubuntu1~22.04' --with-bugurl=file:///usr/share/doc/gcc-11/README.Bugs --enable-languages=c,ada,c++,go,brig,d,fortran,objc,obj-c++,m2 --prefix=/usr --with-gcc-major-version-only --program-suffix=-11 --program-prefix=x86_64-linux-gnu- --enable-shared --enable-linker-build-id --libexecdir=/usr/lib --without-included-gettext --enable-threads=posix --libdir=/usr/lib --enable-nls --enable-bootstrap --enable-clocale=gnu --enable-libstdcxx-debug --enable-libstdcxx-time=yes --with-default-libstdcxx-abi=new --enable-gnu-unique-object --disable-vtable-verify --enable-plugin --enable-default-pie --with-system-zlib --enable-libphobos-checking=release --with-target-system-zlib=auto --enable-objc-gc=auto --enable-multiarch --disable-werror --enable-cet --with-arch-32=i686 --with-abi=m64 --with-multilib-list=m32,m64,mx32 --enable-multilib --with-tune=generic --enable-offload-targets=nvptx-none=/build/gcc-11-XeT9lY/gcc-11-11.4.0/debian/tmp-nvptx/usr,amdgcn-amdhsa=/build/gcc-11-XeT9lY/gcc-11-11.4.0/debian/tmp-gcn/usr --without-cuda-driver --enable-checking=release --build=x86_64-linux-gnu --host=x86_64-linux-gnu --target=x86_64-linux-gnu --with-build-config=bootstrap-lto-lean --enable-link-serialization=2
Thread model: posix
Supported LTO compression algorithms: zlib zstd
gcc version 11.4.0 (Ubuntu 11.4.0-1ubuntu1~22.04) 
COLLECT_GCC_OPTIONS='-v' '-o' 'CMakeFiles/cmTC_d2710.dir/CMakeCXXCompilerABI.cpp.o' '-c' '-shared-libgcc' '-mtune=generic' '-march=x86-64' '-dumpdir' 'CMakeFiles/cmTC_d2710.dir/'
 /usr/lib/gcc/x86_64-linux-gnu/11/cc1plus -quiet -v -imultiarch x86_64-linux-gnu -D_GNU_SOURCE /tools/Xilinx/Vitis/2023.2/tps/lnx64/cmake-3.24.2/share/cmake-3.24/Modules/CMakeCXXCompilerABI.cpp -quiet -dumpdir CMakeFiles/cmTC_d2710.dir/ -dumpbase CMakeCXXCompilerABI.cpp.cpp -dumpbase-ext .cpp -mtune=generic -march=x86-64 -version -fasynchronous-unwind-tables -fstack-protector-strong -Wformat -Wformat-security -fstack-clash-protection -fcf-protection -o /tmp/cc83wzbD.s
GNU C++17 (Ubuntu 11.4.0-1ubuntu1~22.04) version 11.4.0 (x86_64-linux-gnu)
	compiled by GNU C version 11.4.0, GMP version 6.2.1, MPFR version 4.1.0, MPC version 1.2.1, isl version isl-0.24-GMP

GGC heuristics: --param ggc-min-expand=100 --param ggc-min-heapsize=131072
ignoring duplicate directory "/usr/include/x86_64-linux-gnu/c++/11"
ignoring nonexistent directory "/usr/local/include/x86_64-linux-gnu"
ignoring nonexistent directory "/usr/lib/gcc/x86_64-linux-gnu/11/include-fixed"
ignoring nonexistent directory "/usr/lib/gcc/x86_64-linux-gnu/11/../../../../x86_64-linux-gnu/include"
#include "..." search starts here:
#include <...> search starts here:
 /usr/include/c++/11
 /usr/include/x86_64-linux-gnu/c++/11
 /usr/include/c++/11/backward
 /usr/lib/gcc/x86_64-linux-gnu/11/include
 /usr/local/include
 /usr/include/x86_64-linux-gnu
 /usr/include
End of search list.
GNU C++17 (Ubuntu 11.4.0-1ubuntu1~22.04) version 11.4.0 (x86_64-linux-gnu)
	compiled by GNU C version 11.4.0, GMP version 6.2.1, MPFR version 4.1.0, MPC version 1.2.1, isl version isl-0.24-GMP

GGC heuristics: --param ggc-min-expand=100 --param ggc-min-heapsize=131072
Compiler executable checksum: d591828bb4d392ae8b7b160e5bb0b95f
COLLECT_GCC_OPTIONS='-v' '-o' 'CMakeFiles/cmTC_d2710.dir/CMakeCXXCompilerABI.cpp.o' '-c' '-shared-libgcc' '-mtune=generic' '-march=x86-64' '-dumpdir' 'CMakeFiles/cmTC_d2710.dir/'
 as -v --64 -o CMakeFiles/cmTC_d2710.dir/CMakeCXXCompilerABI.cpp.o /tmp/cc83wzbD.s
GNU assembler version 2.38 (x86_64-linux-gnu) using BFD version (GNU Binutils for Ubuntu) 2.38
COMPILER_PATH=/usr/lib/gcc/x86_64-linux-gnu/11/:/usr/lib/gcc/x86_64-linux-gnu/11/:/usr/lib/gcc/x86_64-linux-gnu/:/usr/lib/gcc/x86_64-linux-gnu/11/:/usr/lib/gcc/x86_64-linux-gnu/
LIBRARY_PATH=/usr/lib/gcc/x86_64-linux-gnu/11/:/usr/lib/gcc/x86_64-linux-gnu/11/../../../x86_64-linux-gnu/:/usr/lib/gcc/x86_64-linux-gnu/11/../../../../lib/:/lib/x86_64-linux-gnu/:/lib/../lib/:/usr/lib/x86_64-linux-gnu/:/usr/lib/../lib/:/usr/lib/gcc/x86_64-linux-gnu/11/../../../:/lib/:/usr/lib/
COLLECT_GCC_OPTIONS='-v' '-o' 'CMakeFiles/cmTC_d2710.dir/CMakeCXXCompilerABI.cpp.o' '-c' '-shared-libgcc' '-mtune=generic' '-march=x86-64' '-dumpdir' 'CMakeFiles/cmTC_d2710.dir/CMakeCXXCompilerABI.cpp.'
Linking CXX executable cmTC_d2710
/tools/Xilinx/Vitis/2023.2/tps/lnx64/cmake-3.24.2/bin/cmake -E cmake_link_script CMakeFiles/cmTC_d2710.dir/link.txt --verbose=1
/usr/bin/g++  -v CMakeFiles/cmTC_d2710.dir/CMakeCXXCompilerABI.cpp.o -o cmTC_d2710 
Using built-in specs.
COLLECT_GCC=/usr/bin/g++
COLLECT_LTO_WRAPPER=/usr/lib/gcc/x86_64-linux-gnu/11/lto-wrapper
OFFLOAD_TARGET_NAMES=nvptx-none:amdgcn-amdhsa
OFFLOAD_TARGET_DEFAULT=1
Target: x86_64-linux-gnu
Configured with: ../src/configure -v --with-pkgversion='Ubuntu 11.4.0-1ubuntu1~22.04' --with-bugurl=file:///usr/share/doc/gcc-11/README.Bugs --enable-languages=c,ada,c++,go,brig,d,fortran,objc,obj-c++,m2 --prefix=/usr --with-gcc-major-version-only --program-suffix=-11 --program-prefix=x86_64-linux-gnu- --enable-shared --enable-linker-build-id --libexecdir=/usr/lib --without-included-gettext --enable-threads=posix --libdir=/usr/lib --enable-nls --enable-bootstrap --enable-clocale=gnu --enable-libstdcxx-debug --enable-libstdcxx-time=yes --with-default-libstdcxx-abi=new --enable-gnu-unique-object --disable-vtable-verify --enable-plugin --enable-default-pie --with-system-zlib --enable-libphobos-checking=release --with-target-system-zlib=auto --enable-objc-gc=auto --enable-multiarch --disable-werror --enable-cet --with-arch-32=i686 --with-abi=m64 --with-multilib-list=m32,m64,mx32 --enable-multilib --with-tune=generic --enable-offload-targets=nvptx-none=/build/gcc-11-XeT9lY/gcc-11-11.4.0/debian/tmp-nvptx/usr,amdgcn-amdhsa=/build/gcc-11-XeT9lY/gcc-11-11.4.0/debian/tmp-gcn/usr --without-cuda-driver --enable-checking=release --build=x86_64-linux-gnu --host=x86_64-linux-gnu --target=x86_64-linux-gnu --with-build-config=bootstrap-lto-lean --enable-link-serialization=2
Thread model: posix
Supported LTO compression algorithms: zlib zstd
gcc version 11.4.0 (Ubuntu 11.4.0-1ubuntu1~22.04) 
COMPILER_PATH=/usr/lib/gcc/x86_64-linux-gnu/11/:/usr/lib/gcc/x86_64-linux-gnu/11/:/usr/lib/gcc/x86_64-linux-gnu/:/usr/lib/gcc/x86_64-linux-gnu/11/:/usr/lib/gcc/x86_64-linux-gnu/
LIBRARY_PATH=/usr/lib/gcc/x86_64-linux-gnu/11/:/usr/lib/gcc/x86_64-linux-gnu/11/../../../x86_64-linux-gnu/:/usr/lib/gcc/x86_64-linux-gnu/11/../../../../lib/:/lib/x86_64-linux-gnu/:/lib/../lib/:/usr/lib/x86_64-linux-gnu/:/usr/lib/../lib/:/usr/lib/gcc/x86_64-linux-gnu/11/../../../:/lib/:/usr/lib/
COLLECT_GCC_OPTIONS='-v' '-o' 'cmTC_d2710' '-shared-libgcc' '-mtune=generic' '-march=x86-64' '-dumpdir' 'cmTC_d2710.'
 /usr/lib/gcc/x86_64-linux-gnu/11/collect2 -plugin /usr/lib/gcc/x86_64-linux-gnu/11/liblto_plugin.so -plugin-opt=/usr/lib/gcc/x86_64-linux-gnu/11/lto-wrapper -plugin-opt=-fresolution=/tmp/cc42t6ra.res -plugin-opt=-pass-through=-lgcc_s -plugin-opt=-pass-through=-lgcc -plugin-opt=-pass-through=-lc -plugin-opt=-pass-through=-lgcc_s -plugin-opt=-pass-through=-lgcc --build-id --eh-frame-hdr -m elf_x86_64 --hash-style=gnu --as-needed -dynamic-linker /lib64/ld-linux-x86-64.so.2 -pie -z now -z relro -o cmTC_d2710 /usr/lib/gcc/x86_64-linux-gnu/11/../../../x86_64-linux-gnu/Scrt1.o /usr/lib/gcc/x86_64-linux-gnu/11/../../../x86_64-linux-gnu/crti.o /usr/lib/gcc/x86_64-linux-gnu/11/crtbeginS.o -L/usr/lib/gcc/x86_64-linux-gnu/11 -L/usr/lib/gcc/x86_64-linux-gnu/11/../../../x86_64-linux-gnu -L/usr/lib/gcc/x86_64-linux-gnu/11/../../../../lib -L/lib/x86_64-linux-gnu -L/lib/../lib -L/usr/lib/x86_64-linux-gnu -L/usr/lib/../lib -L/usr/lib/gcc/x86_64-linux-gnu/11/../../.. CMakeFiles/cmTC_d2710.dir/CMakeCXXCompilerABI.cpp.o -lstdc++ -lm -lgcc_s -lgcc -lc -lgcc_s -lgcc /usr/lib/gcc/x86_64-linux-gnu/11/crtendS.o /usr/lib/gcc/x86_64-linux-gnu/11/../../../x86_64-linux-gnu/crtn.o
COLLECT_GCC_OPTIONS='-v' '-o' 'cmTC_d2710' '-shared-libgcc' '-mtune=generic' '-march=x86-64' '-dumpdir' 'cmTC_d2710.'
gmake[1]: Leaving directory '/home/yzwu/Desktop/soc_test/vadd_host/build/x86sim/CMakeFiles/CMakeTmp'



Parsed CXX implicit include dir info from above output: rv=done
  found start of include info
  found start of implicit include info
    add: [/usr/include/c++/11]
    add: [/usr/include/x86_64-linux-gnu/c++/11]
    add: [/usr/include/c++/11/backward]
    add: [/usr/lib/gcc/x86_64-linux-gnu/11/include]
    add: [/usr/local/include]
    add: [/usr/include/x86_64-linux-gnu]
    add: [/usr/include]
  end of search list found
  collapse include dir [/usr/include/c++/11] ==> [/usr/include/c++/11]
  collapse include dir [/usr/include/x86_64-linux-gnu/c++/11] ==> [/usr/include/x86_64-linux-gnu/c++/11]
  collapse include dir [/usr/include/c++/11/backward] ==> [/usr/include/c++/11/backward]
  collapse include dir [/usr/lib/gcc/x86_64-linux-gnu/11/include] ==> [/usr/lib/gcc/x86_64-linux-gnu/11/include]
  collapse include dir [/usr/local/include] ==> [/usr/local/include]
  collapse include dir [/usr/include/x86_64-linux-gnu] ==> [/usr/include/x86_64-linux-gnu]
  collapse include dir [/usr/include] ==> [/usr/include]
  implicit include dirs: [/usr/include/c++/11;/usr/include/x86_64-linux-gnu/c++/11;/usr/include/c++/11/backward;/usr/lib/gcc/x86_64-linux-gnu/11/include;/usr/local/include;/usr/include/x86_64-linux-gnu;/usr/include]


Parsed CXX implicit link information from above output:
  link line regex: [^( *|.*[/\])(ld|CMAKE_LINK_STARTFILE-NOTFOUND|([^/\]+-)?ld|collect2)[^/\]*( |$)]
  ignore line: [Change Dir: /home/yzwu/Desktop/soc_test/vadd_host/build/x86sim/CMakeFiles/CMakeTmp]
  ignore line: []
  ignore line: [Run Build Command(s):/usr/bin/gmake -f Makefile cmTC_d2710/fast && /usr/bin/gmake  -f CMakeFiles/cmTC_d2710.dir/build.make CMakeFiles/cmTC_d2710.dir/build]
  ignore line: [gmake[1]: Entering directory '/home/yzwu/Desktop/soc_test/vadd_host/build/x86sim/CMakeFiles/CMakeTmp']
  ignore line: [Building CXX object CMakeFiles/cmTC_d2710.dir/CMakeCXXCompilerABI.cpp.o]
  ignore line: [/usr/bin/g++   -v -o CMakeFiles/cmTC_d2710.dir/CMakeCXXCompilerABI.cpp.o -c /tools/Xilinx/Vitis/2023.2/tps/lnx64/cmake-3.24.2/share/cmake-3.24/Modules/CMakeCXXCompilerABI.cpp]
  ignore line: [Using built-in specs.]
  ignore line: [COLLECT_GCC=/usr/bin/g++]
  ignore line: [OFFLOAD_TARGET_NAMES=nvptx-none:amdgcn-amdhsa]
  ignore line: [OFFLOAD_TARGET_DEFAULT=1]
  ignore line: [Target: x86_64-linux-gnu]
  ignore line: [Configured with: ../src/configure -v --with-pkgversion='Ubuntu 11.4.0-1ubuntu1~22.04' --with-bugurl=file:///usr/share/doc/gcc-11/README.Bugs --enable-languages=c ada c++ go brig d fortran objc obj-c++ m2 --prefix=/usr --with-gcc-major-version-only --program-suffix=-11 --program-prefix=x86_64-linux-gnu- --enable-shared --enable-linker-build-id --libexecdir=/usr/lib --without-included-gettext --enable-threads=posix --libdir=/usr/lib --enable-nls --enable-bootstrap --enable-clocale=gnu --enable-libstdcxx-debug --enable-libstdcxx-time=yes --with-default-libstdcxx-abi=new --enable-gnu-unique-object --disable-vtable-verify --enable-plugin --enable-default-pie --with-system-zlib --enable-libphobos-checking=release --with-target-system-zlib=auto --enable-objc-gc=auto --enable-multiarch --disable-werror --enable-cet --with-arch-32=i686 --with-abi=m64 --with-multilib-list=m32 m64 mx32 --enable-multilib --with-tune=generic --enable-offload-targets=nvptx-none=/build/gcc-11-XeT9lY/gcc-11-11.4.0/debian/tmp-nvptx/usr amdgcn-amdhsa=/build/gcc-11-XeT9lY/gcc-11-11.4.0/debian/tmp-gcn/usr --without-cuda-driver --enable-checking=release --build=x86_64-linux-gnu --host=x86_64-linux-gnu --target=x86_64-linux-gnu --with-build-config=bootstrap-lto-lean --enable-link-serialization=2]
  ignore line: [Thread model: posix]
  ignore line: [Supported LTO compression algorithms: zlib zstd]
  ignore line: [gcc version 11.4.0 (Ubuntu 11.4.0-1ubuntu1~22.04) ]
  ignore line: [COLLECT_GCC_OPTIONS='-v' '-o' 'CMakeFiles/cmTC_d2710.dir/CMakeCXXCompilerABI.cpp.o' '-c' '-shared-libgcc' '-mtune=generic' '-march=x86-64' '-dumpdir' 'CMakeFiles/cmTC_d2710.dir/']
  ignore line: [ /usr/lib/gcc/x86_64-linux-gnu/11/cc1plus -quiet -v -imultiarch x86_64-linux-gnu -D_GNU_SOURCE /tools/Xilinx/Vitis/2023.2/tps/lnx64/cmake-3.24.2/share/cmake-3.24/Modules/CMakeCXXCompilerABI.cpp -quiet -dumpdir CMakeFiles/cmTC_d2710.dir/ -dumpbase CMakeCXXCompilerABI.cpp.cpp -dumpbase-ext .cpp -mtune=generic -march=x86-64 -version -fasynchronous-unwind-tables -fstack-protector-strong -Wformat -Wformat-security -fstack-clash-protection -fcf-protection -o /tmp/cc83wzbD.s]
  ignore line: [GNU C++17 (Ubuntu 11.4.0-1ubuntu1~22.04) version 11.4.0 (x86_64-linux-gnu)]
  ignore line: [	compiled by GNU C version 11.4.0  GMP version 6.2.1  MPFR version 4.1.0  MPC version 1.2.1  isl version isl-0.24-GMP]
  ignore line: []
  ignore line: [GGC heuristics: --param ggc-min-expand=100 --param ggc-min-heapsize=131072]
  ignore line: [ignoring duplicate directory "/usr/include/x86_64-linux-gnu/c++/11"]
  ignore line: [ignoring nonexistent directory "/usr/local/include/x86_64-linux-gnu"]
  ignore line: [ignoring nonexistent directory "/usr/lib/gcc/x86_64-linux-gnu/11/include-fixed"]
  ignore line: [ignoring nonexistent directory "/usr/lib/gcc/x86_64-linux-gnu/11/../../../../x86_64-linux-gnu/include"]
  ignore line: [#include "..." search starts here:]
  ignore line: [#include <...> search starts here:]
  ignore line: [ /usr/include/c++/11]
  ignore line: [ /usr/include/x86_64-linux-gnu/c++/11]
  ignore line: [ /usr/include/c++/11/backward]
  ignore line: [ /usr/lib/gcc/x86_64-linux-gnu/11/include]
  ignore line: [ /usr/local/include]
  ignore line: [ /usr/include/x86_64-linux-gnu]
  ignore line: [ /usr/include]
  ignore line: [End of search list.]
  ignore line: [GNU C++17 (Ubuntu 11.4.0-1ubuntu1~22.04) version 11.4.0 (x86_64-linux-gnu)]
  ignore line: [	compiled by GNU C version 11.4.0  GMP version 6.2.1  MPFR version 4.1.0  MPC version 1.2.1  isl version isl-0.24-GMP]
  ignore line: []
  ignore line: [GGC heuristics: --param ggc-min-expand=100 --param ggc-min-heapsize=131072]
  ignore line: [Compiler executable checksum: d591828bb4d392ae8b7b160e5bb0b95f]
  ignore line: [COLLECT_GCC_OPTIONS='-v' '-o' 'CMakeFiles/cmTC_d2710.dir/CMakeCXXCompilerABI.cpp.o' '-c' '-shared-libgcc' '-mtune=generic' '-march=x86-64' '-dumpdir' 'CMakeFiles/cmTC_d2710.dir/']
  ignore line: [ as -v --64 -o CMakeFiles/cmTC_d2710.dir/CMakeCXXCompilerABI.cpp.o /tmp/cc83wzbD.s]
  ignore line: [GNU assembler version 2.38 (x86_64-linux-gnu) using BFD version (GNU Binutils for Ubuntu) 2.38]
  ignore line: [COMPILER_PATH=/usr/lib/gcc/x86_64-linux-gnu/11/:/usr/lib/gcc/x86_64-linux-gnu/11/:/usr/lib/gcc/x86_64-linux-gnu/:/usr/lib/gcc/x86_64-linux-gnu/11/:/usr/lib/gcc/x86_64-linux-gnu/]
  ignore line: [LIBRARY_PATH=/usr/lib/gcc/x86_64-linux-gnu/11/:/usr/lib/gcc/x86_64-linux-gnu/11/../../../x86_64-linux-gnu/:/usr/lib/gcc/x86_64-linux-gnu/11/../../../../lib/:/lib/x86_64-linux-gnu/:/lib/../lib/:/usr/lib/x86_64-linux-gnu/:/usr/lib/../lib/:/usr/lib/gcc/x86_64-linux-gnu/11/../../../:/lib/:/usr/lib/]
  ignore line: [COLLECT_GCC_OPTIONS='-v' '-o' 'CMakeFiles/cmTC_d2710.dir/CMakeCXXCompilerABI.cpp.o' '-c' '-shared-libgcc' '-mtune=generic' '-march=x86-64' '-dumpdir' 'CMakeFiles/cmTC_d2710.dir/CMakeCXXCompilerABI.cpp.']
  ignore line: [Linking CXX executable cmTC_d2710]
  ignore line: [/tools/Xilinx/Vitis/2023.2/tps/lnx64/cmake-3.24.2/bin/cmake -E cmake_link_script CMakeFiles/cmTC_d2710.dir/link.txt --verbose=1]
  ignore line: [/usr/bin/g++  -v CMakeFiles/cmTC_d2710.dir/CMakeCXXCompilerABI.cpp.o -o cmTC_d2710 ]
  ignore line: [Using built-in specs.]
  ignore line: [COLLECT_GCC=/usr/bin/g++]
  ignore line: [COLLECT_LTO_WRAPPER=/usr/lib/gcc/x86_64-linux-gnu/11/lto-wrapper]
  ignore line: [OFFLOAD_TARGET_NAMES=nvptx-none:amdgcn-amdhsa]
  ignore line: [OFFLOAD_TARGET_DEFAULT=1]
  ignore line: [Target: x86_64-linux-gnu]
  ignore line: [Configured with: ../src/configure -v --with-pkgversion='Ubuntu 11.4.0-1ubuntu1~22.04' --with-bugurl=file:///usr/share/doc/gcc-11/README.Bugs --enable-languages=c ada c++ go brig d fortran objc obj-c++ m2 --prefix=/usr --with-gcc-major-version-only --program-suffix=-11 --program-prefix=x86_64-linux-gnu- --enable-shared --enable-linker-build-id --libexecdir=/usr/lib --without-included-gettext --enable-threads=posix --libdir=/usr/lib --enable-nls --enable-bootstrap --enable-clocale=gnu --enable-libstdcxx-debug --enable-libstdcxx-time=yes --with-default-libstdcxx-abi=new --enable-gnu-unique-object --disable-vtable-verify --enable-plugin --enable-default-pie --with-system-zlib --enable-libphobos-checking=release --with-target-system-zlib=auto --enable-objc-gc=auto --enable-multiarch --disable-werror --enable-cet --with-arch-32=i686 --with-abi=m64 --with-multilib-list=m32 m64 mx32 --enable-multilib --with-tune=generic --enable-offload-targets=nvptx-none=/build/gcc-11-XeT9lY/gcc-11-11.4.0/debian/tmp-nvptx/usr amdgcn-amdhsa=/build/gcc-11-XeT9lY/gcc-11-11.4.0/debian/tmp-gcn/usr --without-cuda-driver --enable-checking=release --build=x86_64-linux-gnu --host=x86_64-linux-gnu --target=x86_64-linux-gnu --with-build-config=bootstrap-lto-lean --enable-link-serialization=2]
  ignore line: [Thread model: posix]
  ignore line: [Supported LTO compression algorithms: zlib zstd]
  ignore line: [gcc version 11.4.0 (Ubuntu 11.4.0-1ubuntu1~22.04) ]
  ignore line: [COMPILER_PATH=/usr/lib/gcc/x86_64-linux-gnu/11/:/usr/lib/gcc/x86_64-linux-gnu/11/:/usr/lib/gcc/x86_64-linux-gnu/:/usr/lib/gcc/x86_64-linux-gnu/11/:/usr/lib/gcc/x86_64-linux-gnu/]
  ignore line: [LIBRARY_PATH=/usr/lib/gcc/x86_64-linux-gnu/11/:/usr/lib/gcc/x86_64-linux-gnu/11/../../../x86_64-linux-gnu/:/usr/lib/gcc/x86_64-linux-gnu/11/../../../../lib/:/lib/x86_64-linux-gnu/:/lib/../lib/:/usr/lib/x86_64-linux-gnu/:/usr/lib/../lib/:/usr/lib/gcc/x86_64-linux-gnu/11/../../../:/lib/:/usr/lib/]
  ignore line: [COLLECT_GCC_OPTIONS='-v' '-o' 'cmTC_d2710' '-shared-libgcc' '-mtune=generic' '-march=x86-64' '-dumpdir' 'cmTC_d2710.']
  link line: [ /usr/lib/gcc/x86_64-linux-gnu/11/collect2 -plugin /usr/lib/gcc/x86_64-linux-gnu/11/liblto_plugin.so -plugin-opt=/usr/lib/gcc/x86_64-linux-gnu/11/lto-wrapper -plugin-opt=-fresolution=/tmp/cc42t6ra.res -plugin-opt=-pass-through=-lgcc_s -plugin-opt=-pass-through=-lgcc -plugin-opt=-pass-through=-lc -plugin-opt=-pass-through=-lgcc_s -plugin-opt=-pass-through=-lgcc --build-id --eh-frame-hdr -m elf_x86_64 --hash-style=gnu --as-needed -dynamic-linker /lib64/ld-linux-x86-64.so.2 -pie -z now -z relro -o cmTC_d2710 /usr/lib/gcc/x86_64-linux-gnu/11/../../../x86_64-linux-gnu/Scrt1.o /usr/lib/gcc/x86_64-linux-gnu/11/../../../x86_64-linux-gnu/crti.o /usr/lib/gcc/x86_64-linux-gnu/11/crtbeginS.o -L/usr/lib/gcc/x86_64-linux-gnu/11 -L/usr/lib/gcc/x86_64-linux-gnu/11/../../../x86_64-linux-gnu -L/usr/lib/gcc/x86_64-linux-gnu/11/../../../../lib -L/lib/x86_64-linux-gnu -L/lib/../lib -L/usr/lib/x86_64-linux-gnu -L/usr/lib/../lib -L/usr/lib/gcc/x86_64-linux-gnu/11/../../.. CMakeFiles/cmTC_d2710.dir/CMakeCXXCompilerABI.cpp.o -lstdc++ -lm -lgcc_s -lgcc -lc -lgcc_s -lgcc /usr/lib/gcc/x86_64-linux-gnu/11/crtendS.o /usr/lib/gcc/x86_64-linux-gnu/11/../../../x86_64-linux-gnu/crtn.o]
    arg [/usr/lib/gcc/x86_64-linux-gnu/11/collect2] ==> ignore
    arg [-plugin] ==> ignore
    arg [/usr/lib/gcc/x86_64-linux-gnu/11/liblto_plugin.so] ==> ignore
    arg [-plugin-opt=/usr/lib/gcc/x86_64-linux-gnu/11/lto-wrapper] ==> ignore
    arg [-plugin-opt=-fresolution=/tmp/cc42t6ra.res] ==> ignore
    arg [-plugin-opt=-pass-through=-lgcc_s] ==> ignore
    arg [-plugin-opt=-pass-through=-lgcc] ==> ignore
    arg [-plugin-opt=-pass-through=-lc] ==> ignore
    arg [-plugin-opt=-pass-through=-lgcc_s] ==> ignore
    arg [-plugin-opt=-pass-through=-lgcc] ==> ignore
    arg [--build-id] ==> ignore
    arg [--eh-frame-hdr] ==> ignore
    arg [-m] ==> ignore
    arg [elf_x86_64] ==> ignore
    arg [--hash-style=gnu] ==> ignore
    arg [--as-needed] ==> ignore
    arg [-dynamic-linker] ==> ignore
    arg [/lib64/ld-linux-x86-64.so.2] ==> ignore
    arg [-pie] ==> ignore
    arg [-znow] ==> ignore
    arg [-zrelro] ==> ignore
    arg [-o] ==> ignore
    arg [cmTC_d2710] ==> ignore
    arg [/usr/lib/gcc/x86_64-linux-gnu/11/../../../x86_64-linux-gnu/Scrt1.o] ==> obj [/usr/lib/gcc/x86_64-linux-gnu/11/../../../x86_64-linux-gnu/Scrt1.o]
    arg [/usr/lib/gcc/x86_64-linux-gnu/11/../../../x86_64-linux-gnu/crti.o] ==> obj [/usr/lib/gcc/x86_64-linux-gnu/11/../../../x86_64-linux-gnu/crti.o]
    arg [/usr/lib/gcc/x86_64-linux-gnu/11/crtbeginS.o] ==> obj [/usr/lib/gcc/x86_64-linux-gnu/11/crtbeginS.o]
    arg [-L/usr/lib/gcc/x86_64-linux-gnu/11] ==> dir [/usr/lib/gcc/x86_64-linux-gnu/11]
    arg [-L/usr/lib/gcc/x86_64-linux-gnu/11/../../../x86_64-linux-gnu] ==> dir [/usr/lib/gcc/x86_64-linux-gnu/11/../../../x86_64-linux-gnu]
    arg [-L/usr/lib/gcc/x86_64-linux-gnu/11/../../../../lib] ==> dir [/usr/lib/gcc/x86_64-linux-gnu/11/../../../../lib]
    arg [-L/lib/x86_64-linux-gnu] ==> dir [/lib/x86_64-linux-gnu]
    arg [-L/lib/../lib] ==> dir [/lib/../lib]
    arg [-L/usr/lib/x86_64-linux-gnu] ==> dir [/usr/lib/x86_64-linux-gnu]
    arg [-L/usr/lib/../lib] ==> dir [/usr/lib/../lib]
    arg [-L/usr/lib/gcc/x86_64-linux-gnu/11/../../..] ==> dir [/usr/lib/gcc/x86_64-linux-gnu/11/../../..]
    arg [CMakeFiles/cmTC_d2710.dir/CMakeCXXCompilerABI.cpp.o] ==> ignore
    arg [-lstdc++] ==> lib [stdc++]
    arg [-lm] ==> lib [m]
    arg [-lgcc_s] ==> lib [gcc_s]
    arg [-lgcc] ==> lib [gcc]
    arg [-lc] ==> lib [c]
    arg [-lgcc_s] ==> lib [gcc_s]
    arg [-lgcc] ==> lib [gcc]
    arg [/usr/lib/gcc/x86_64-linux-gnu/11/crtendS.o] ==> obj [/usr/lib/gcc/x86_64-linux-gnu/11/crtendS.o]
    arg [/usr/lib/gcc/x86_64-linux-gnu/11/../../../x86_64-linux-gnu/crtn.o] ==> obj [/usr/lib/gcc/x86_64-linux-gnu/11/../../../x86_64-linux-gnu/crtn.o]
  collapse obj [/usr/lib/gcc/x86_64-linux-gnu/11/../../../x86_64-linux-gnu/Scrt1.o] ==> [/usr/lib/x86_64-linux-gnu/Scrt1.o]
  collapse obj [/usr/lib/gcc/x86_64-linux-gnu/11/../../../x86_64-linux-gnu/crti.o] ==> [/usr/lib/x86_64-linux-gnu/crti.o]
  collapse obj [/usr/lib/gcc/x86_64-linux-gnu/11/../../../x86_64-linux-gnu/crtn.o] ==> [/usr/lib/x86_64-linux-gnu/crtn.o]
  collapse library dir [/usr/lib/gcc/x86_64-linux-gnu/11] ==> [/usr/lib/gcc/x86_64-linux-gnu/11]
  collapse library dir [/usr/lib/gcc/x86_64-linux-gnu/11/../../../x86_64-linux-gnu] ==> [/usr/lib/x86_64-linux-gnu]
  collapse library dir [/usr/lib/gcc/x86_64-linux-gnu/11/../../../../lib] ==> [/usr/lib]
  collapse library dir [/lib/x86_64-linux-gnu] ==> [/lib/x86_64-linux-gnu]
  collapse library dir [/lib/../lib] ==> [/lib]
  collapse library dir [/usr/lib/x86_64-linux-gnu] ==> [/usr/lib/x86_64-linux-gnu]
  collapse library dir [/usr/lib/../lib] ==> [/usr/lib]
  collapse library dir [/usr/lib/gcc/x86_64-linux-gnu/11/../../..] ==> [/usr/lib]
  implicit libs: [stdc++;m;gcc_s;gcc;c;gcc_s;gcc]
  implicit objs: [/usr/lib/x86_64-linux-gnu/Scrt1.o;/usr/lib/x86_64-linux-gnu/crti.o;/usr/lib/gcc/x86_64-linux-gnu/11/crtbeginS.o;/usr/lib/gcc/x86_64-linux-gnu/11/crtendS.o;/usr/lib/x86_64-linux-gnu/crtn.o]
  implicit dirs: [/usr/lib/gcc/x86_64-linux-gnu/11;/usr/lib/x86_64-linux-gnu;/usr/lib;/lib/x86_64-linux-gnu;/lib]
  implicit fwks: []


Determining if the CL_VERSION_3_0 exist passed with the following output:
Change Dir: /home/yzwu/Desktop/soc_test/vadd_host/build/x86sim/CMakeFiles/CMakeTmp

Run Build Command(s):/usr/bin/gmake -f Makefile cmTC_fd906/fast && /usr/bin/gmake  -f CMakeFiles/cmTC_fd906.dir/build.make CMakeFiles/cmTC_fd906.dir/build
gmake[1]: Entering directory '/home/yzwu/Desktop/soc_test/vadd_host/build/x86sim/CMakeFiles/CMakeTmp'
Building C object CMakeFiles/cmTC_fd906.dir/CheckSymbolExists.c.o
/usr/bin/gcc    -o CMakeFiles/cmTC_fd906.dir/CheckSymbolExists.c.o -c /home/yzwu/Desktop/soc_test/vadd_host/build/x86sim/CMakeFiles/CMakeTmp/CheckSymbolExists.c
In file included from /usr/include/CL/cl.h:20,
                 from /home/yzwu/Desktop/soc_test/vadd_host/build/x86sim/CMakeFiles/CMakeTmp/CheckSymbolExists.c:2:
/usr/include/CL/cl_version.h:22:9: note: ‘#pragma message: cl_version.h: CL_TARGET_OPENCL_VERSION is not defined. Defaulting to 300 (OpenCL 3.0)’
   22 | #pragma message("cl_version.h: CL_TARGET_OPENCL_VERSION is not defined. Defaulting to 300 (OpenCL 3.0)")
      |         ^~~~~~~
Linking C executable cmTC_fd906
/tools/Xilinx/Vitis/2023.2/tps/lnx64/cmake-3.24.2/bin/cmake -E cmake_link_script CMakeFiles/cmTC_fd906.dir/link.txt --verbose=1
/usr/bin/gcc CMakeFiles/cmTC_fd906.dir/CheckSymbolExists.c.o -o cmTC_fd906 
gmake[1]: Leaving directory '/home/yzwu/Desktop/soc_test/vadd_host/build/x86sim/CMakeFiles/CMakeTmp'


File /home/yzwu/Desktop/soc_test/vadd_host/build/x86sim/CMakeFiles/CMakeTmp/CheckSymbolExists.c:
/* */
#include </usr/include/CL/cl.h>

int main(int argc, char** argv)
{
  (void)argv;
#ifndef CL_VERSION_3_0
  return ((int*)(&CL_VERSION_3_0))[argc];
#else
  (void)argc;
  return 0;
#endif
}
The system is: Linux - 6.5.0-15-generic - x86_64
Compiling the C compiler identification source file "CMakeCCompilerId.c" succeeded.
Compiler: /usr/bin/gcc 
Build flags: 
Id flags:  

The output was:
0


Compilation of the C compiler identification source "CMakeCCompilerId.c" produced "a.out"

The C compiler identification is GNU, found in "/home/yzwu/Desktop/soc_test/vadd_host/build/x86sim/CMakeFiles/3.24.2/CompilerIdC/a.out"

Compiling the CXX compiler identification source file "CMakeCXXCompilerId.cpp" succeeded.
Compiler: /usr/bin/g++ 
Build flags: 
Id flags:  

The output was:
0


Compilation of the CXX compiler identification source "CMakeCXXCompilerId.cpp" produced "a.out"

The CXX compiler identification is GNU, found in "/home/yzwu/Desktop/soc_test/vadd_host/build/x86sim/CMakeFiles/3.24.2/CompilerIdCXX/a.out"

Detecting C compiler ABI info compiled with the following output:
Change Dir: /home/yzwu/Desktop/soc_test/vadd_host/build/x86sim/CMakeFiles/CMakeTmp

Run Build Command(s):/usr/bin/gmake -f Makefile cmTC_aa24f/fast && /usr/bin/gmake  -f CMakeFiles/cmTC_aa24f.dir/build.make CMakeFiles/cmTC_aa24f.dir/build
gmake[1]: Entering directory '/home/yzwu/Desktop/soc_test/vadd_host/build/x86sim/CMakeFiles/CMakeTmp'
Building C object CMakeFiles/cmTC_aa24f.dir/CMakeCCompilerABI.c.o
/usr/bin/gcc   -v -o CMakeFiles/cmTC_aa24f.dir/CMakeCCompilerABI.c.o -c /tools/Xilinx/Vitis/2023.2/tps/lnx64/cmake-3.24.2/share/cmake-3.24/Modules/CMakeCCompilerABI.c
Using built-in specs.
COLLECT_GCC=/usr/bin/gcc
OFFLOAD_TARGET_NAMES=nvptx-none:amdgcn-amdhsa
OFFLOAD_TARGET_DEFAULT=1
Target: x86_64-linux-gnu
Configured with: ../src/configure -v --with-pkgversion='Ubuntu 11.4.0-1ubuntu1~22.04' --with-bugurl=file:///usr/share/doc/gcc-11/README.Bugs --enable-languages=c,ada,c++,go,brig,d,fortran,objc,obj-c++,m2 --prefix=/usr --with-gcc-major-version-only --program-suffix=-11 --program-prefix=x86_64-linux-gnu- --enable-shared --enable-linker-build-id --libexecdir=/usr/lib --without-included-gettext --enable-threads=posix --libdir=/usr/lib --enable-nls --enable-bootstrap --enable-clocale=gnu --enable-libstdcxx-debug --enable-libstdcxx-time=yes --with-default-libstdcxx-abi=new --enable-gnu-unique-object --disable-vtable-verify --enable-plugin --enable-default-pie --with-system-zlib --enable-libphobos-checking=release --with-target-system-zlib=auto --enable-objc-gc=auto --enable-multiarch --disable-werror --enable-cet --with-arch-32=i686 --with-abi=m64 --with-multilib-list=m32,m64,mx32 --enable-multilib --with-tune=generic --enable-offload-targets=nvptx-none=/build/gcc-11-XeT9lY/gcc-11-11.4.0/debian/tmp-nvptx/usr,amdgcn-amdhsa=/build/gcc-11-XeT9lY/gcc-11-11.4.0/debian/tmp-gcn/usr --without-cuda-driver --enable-checking=release --build=x86_64-linux-gnu --host=x86_64-linux-gnu --target=x86_64-linux-gnu --with-build-config=bootstrap-lto-lean --enable-link-serialization=2
Thread model: posix
Supported LTO compression algorithms: zlib zstd
gcc version 11.4.0 (Ubuntu 11.4.0-1ubuntu1~22.04) 
COLLECT_GCC_OPTIONS='-v' '-o' 'CMakeFiles/cmTC_aa24f.dir/CMakeCCompilerABI.c.o' '-c' '-mtune=generic' '-march=x86-64' '-dumpdir' 'CMakeFiles/cmTC_aa24f.dir/'
 /usr/lib/gcc/x86_64-linux-gnu/11/cc1 -quiet -v -imultiarch x86_64-linux-gnu /tools/Xilinx/Vitis/2023.2/tps/lnx64/cmake-3.24.2/share/cmake-3.24/Modules/CMakeCCompilerABI.c -quiet -dumpdir CMakeFiles/cmTC_aa24f.dir/ -dumpbase CMakeCCompilerABI.c.c -dumpbase-ext .c -mtune=generic -march=x86-64 -version -fasynchronous-unwind-tables -fstack-protector-strong -Wformat -Wformat-security -fstack-clash-protection -fcf-protection -o /tmp/cc82CaTh.s
GNU C17 (Ubuntu 11.4.0-1ubuntu1~22.04) version 11.4.0 (x86_64-linux-gnu)
	compiled by GNU C version 11.4.0, GMP version 6.2.1, MPFR version 4.1.0, MPC version 1.2.1, isl version isl-0.24-GMP

GGC heuristics: --param ggc-min-expand=100 --param ggc-min-heapsize=131072
ignoring nonexistent directory "/usr/local/include/x86_64-linux-gnu"
ignoring nonexistent directory "/usr/lib/gcc/x86_64-linux-gnu/11/include-fixed"
ignoring nonexistent directory "/usr/lib/gcc/x86_64-linux-gnu/11/../../../../x86_64-linux-gnu/include"
#include "..." search starts here:
#include <...> search starts here:
 /usr/lib/gcc/x86_64-linux-gnu/11/include
 /usr/local/include
 /usr/include/x86_64-linux-gnu
 /usr/include
End of search list.
GNU C17 (Ubuntu 11.4.0-1ubuntu1~22.04) version 11.4.0 (x86_64-linux-gnu)
	compiled by GNU C version 11.4.0, GMP version 6.2.1, MPFR version 4.1.0, MPC version 1.2.1, isl version isl-0.24-GMP

GGC heuristics: --param ggc-min-expand=100 --param ggc-min-heapsize=131072
Compiler executable checksum: 50eaa2331df977b8016186198deb2d18
COLLECT_GCC_OPTIONS='-v' '-o' 'CMakeFiles/cmTC_aa24f.dir/CMakeCCompilerABI.c.o' '-c' '-mtune=generic' '-march=x86-64' '-dumpdir' 'CMakeFiles/cmTC_aa24f.dir/'
 as -v --64 -o CMakeFiles/cmTC_aa24f.dir/CMakeCCompilerABI.c.o /tmp/cc82CaTh.s
GNU assembler version 2.38 (x86_64-linux-gnu) using BFD version (GNU Binutils for Ubuntu) 2.38
COMPILER_PATH=/usr/lib/gcc/x86_64-linux-gnu/11/:/usr/lib/gcc/x86_64-linux-gnu/11/:/usr/lib/gcc/x86_64-linux-gnu/:/usr/lib/gcc/x86_64-linux-gnu/11/:/usr/lib/gcc/x86_64-linux-gnu/
LIBRARY_PATH=/usr/lib/gcc/x86_64-linux-gnu/11/:/usr/lib/gcc/x86_64-linux-gnu/11/../../../x86_64-linux-gnu/:/usr/lib/gcc/x86_64-linux-gnu/11/../../../../lib/:/lib/x86_64-linux-gnu/:/lib/../lib/:/usr/lib/x86_64-linux-gnu/:/usr/lib/../lib/:/usr/lib/gcc/x86_64-linux-gnu/11/../../../:/lib/:/usr/lib/
COLLECT_GCC_OPTIONS='-v' '-o' 'CMakeFiles/cmTC_aa24f.dir/CMakeCCompilerABI.c.o' '-c' '-mtune=generic' '-march=x86-64' '-dumpdir' 'CMakeFiles/cmTC_aa24f.dir/CMakeCCompilerABI.c.'
Linking C executable cmTC_aa24f
/tools/Xilinx/Vitis/2023.2/tps/lnx64/cmake-3.24.2/bin/cmake -E cmake_link_script CMakeFiles/cmTC_aa24f.dir/link.txt --verbose=1
/usr/bin/gcc  -v CMakeFiles/cmTC_aa24f.dir/CMakeCCompilerABI.c.o -o cmTC_aa24f 
Using built-in specs.
COLLECT_GCC=/usr/bin/gcc
COLLECT_LTO_WRAPPER=/usr/lib/gcc/x86_64-linux-gnu/11/lto-wrapper
OFFLOAD_TARGET_NAMES=nvptx-none:amdgcn-amdhsa
OFFLOAD_TARGET_DEFAULT=1
Target: x86_64-linux-gnu
Configured with: ../src/configure -v --with-pkgversion='Ubuntu 11.4.0-1ubuntu1~22.04' --with-bugurl=file:///usr/share/doc/gcc-11/README.Bugs --enable-languages=c,ada,c++,go,brig,d,fortran,objc,obj-c++,m2 --prefix=/usr --with-gcc-major-version-only --program-suffix=-11 --program-prefix=x86_64-linux-gnu- --enable-shared --enable-linker-build-id --libexecdir=/usr/lib --without-included-gettext --enable-threads=posix --libdir=/usr/lib --enable-nls --enable-bootstrap --enable-clocale=gnu --enable-libstdcxx-debug --enable-libstdcxx-time=yes --with-default-libstdcxx-abi=new --enable-gnu-unique-object --disable-vtable-verify --enable-plugin --enable-default-pie --with-system-zlib --enable-libphobos-checking=release --with-target-system-zlib=auto --enable-objc-gc=auto --enable-multiarch --disable-werror --enable-cet --with-arch-32=i686 --with-abi=m64 --with-multilib-list=m32,m64,mx32 --enable-multilib --with-tune=generic --enable-offload-targets=nvptx-none=/build/gcc-11-XeT9lY/gcc-11-11.4.0/debian/tmp-nvptx/usr,amdgcn-amdhsa=/build/gcc-11-XeT9lY/gcc-11-11.4.0/debian/tmp-gcn/usr --without-cuda-driver --enable-checking=release --build=x86_64-linux-gnu --host=x86_64-linux-gnu --target=x86_64-linux-gnu --with-build-config=bootstrap-lto-lean --enable-link-serialization=2
Thread model: posix
Supported LTO compression algorithms: zlib zstd
gcc version 11.4.0 (Ubuntu 11.4.0-1ubuntu1~22.04) 
COMPILER_PATH=/usr/lib/gcc/x86_64-linux-gnu/11/:/usr/lib/gcc/x86_64-linux-gnu/11/:/usr/lib/gcc/x86_64-linux-gnu/:/usr/lib/gcc/x86_64-linux-gnu/11/:/usr/lib/gcc/x86_64-linux-gnu/
LIBRARY_PATH=/usr/lib/gcc/x86_64-linux-gnu/11/:/usr/lib/gcc/x86_64-linux-gnu/11/../../../x86_64-linux-gnu/:/usr/lib/gcc/x86_64-linux-gnu/11/../../../../lib/:/lib/x86_64-linux-gnu/:/lib/../lib/:/usr/lib/x86_64-linux-gnu/:/usr/lib/../lib/:/usr/lib/gcc/x86_64-linux-gnu/11/../../../:/lib/:/usr/lib/
COLLECT_GCC_OPTIONS='-v' '-o' 'cmTC_aa24f' '-mtune=generic' '-march=x86-64' '-dumpdir' 'cmTC_aa24f.'
 /usr/lib/gcc/x86_64-linux-gnu/11/collect2 -plugin /usr/lib/gcc/x86_64-linux-gnu/11/liblto_plugin.so -plugin-opt=/usr/lib/gcc/x86_64-linux-gnu/11/lto-wrapper -plugin-opt=-fresolution=/tmp/ccZ3UmXY.res -plugin-opt=-pass-through=-lgcc -plugin-opt=-pass-through=-lgcc_s -plugin-opt=-pass-through=-lc -plugin-opt=-pass-through=-lgcc -plugin-opt=-pass-through=-lgcc_s --build-id --eh-frame-hdr -m elf_x86_64 --hash-style=gnu --as-needed -dynamic-linker /lib64/ld-linux-x86-64.so.2 -pie -z now -z relro -o cmTC_aa24f /usr/lib/gcc/x86_64-linux-gnu/11/../../../x86_64-linux-gnu/Scrt1.o /usr/lib/gcc/x86_64-linux-gnu/11/../../../x86_64-linux-gnu/crti.o /usr/lib/gcc/x86_64-linux-gnu/11/crtbeginS.o -L/usr/lib/gcc/x86_64-linux-gnu/11 -L/usr/lib/gcc/x86_64-linux-gnu/11/../../../x86_64-linux-gnu -L/usr/lib/gcc/x86_64-linux-gnu/11/../../../../lib -L/lib/x86_64-linux-gnu -L/lib/../lib -L/usr/lib/x86_64-linux-gnu -L/usr/lib/../lib -L/usr/lib/gcc/x86_64-linux-gnu/11/../../.. CMakeFiles/cmTC_aa24f.dir/CMakeCCompilerABI.c.o -lgcc --push-state --as-needed -lgcc_s --pop-state -lc -lgcc --push-state --as-needed -lgcc_s --pop-state /usr/lib/gcc/x86_64-linux-gnu/11/crtendS.o /usr/lib/gcc/x86_64-linux-gnu/11/../../../x86_64-linux-gnu/crtn.o
COLLECT_GCC_OPTIONS='-v' '-o' 'cmTC_aa24f' '-mtune=generic' '-march=x86-64' '-dumpdir' 'cmTC_aa24f.'
gmake[1]: Leaving directory '/home/yzwu/Desktop/soc_test/vadd_host/build/x86sim/CMakeFiles/CMakeTmp'



Parsed C implicit include dir info from above output: rv=done
  found start of include info
  found start of implicit include info
    add: [/usr/lib/gcc/x86_64-linux-gnu/11/include]
    add: [/usr/local/include]
    add: [/usr/include/x86_64-linux-gnu]
    add: [/usr/include]
  end of search list found
  collapse include dir [/usr/lib/gcc/x86_64-linux-gnu/11/include] ==> [/usr/lib/gcc/x86_64-linux-gnu/11/include]
  collapse include dir [/usr/local/include] ==> [/usr/local/include]
  collapse include dir [/usr/include/x86_64-linux-gnu] ==> [/usr/include/x86_64-linux-gnu]
  collapse include dir [/usr/include] ==> [/usr/include]
  implicit include dirs: [/usr/lib/gcc/x86_64-linux-gnu/11/include;/usr/local/include;/usr/include/x86_64-linux-gnu;/usr/include]


Parsed C implicit link information from above output:
  link line regex: [^( *|.*[/\])(ld|CMAKE_LINK_STARTFILE-NOTFOUND|([^/\]+-)?ld|collect2)[^/\]*( |$)]
  ignore line: [Change Dir: /home/yzwu/Desktop/soc_test/vadd_host/build/x86sim/CMakeFiles/CMakeTmp]
  ignore line: []
  ignore line: [Run Build Command(s):/usr/bin/gmake -f Makefile cmTC_aa24f/fast && /usr/bin/gmake  -f CMakeFiles/cmTC_aa24f.dir/build.make CMakeFiles/cmTC_aa24f.dir/build]
  ignore line: [gmake[1]: Entering directory '/home/yzwu/Desktop/soc_test/vadd_host/build/x86sim/CMakeFiles/CMakeTmp']
  ignore line: [Building C object CMakeFiles/cmTC_aa24f.dir/CMakeCCompilerABI.c.o]
  ignore line: [/usr/bin/gcc   -v -o CMakeFiles/cmTC_aa24f.dir/CMakeCCompilerABI.c.o -c /tools/Xilinx/Vitis/2023.2/tps/lnx64/cmake-3.24.2/share/cmake-3.24/Modules/CMakeCCompilerABI.c]
  ignore line: [Using built-in specs.]
  ignore line: [COLLECT_GCC=/usr/bin/gcc]
  ignore line: [OFFLOAD_TARGET_NAMES=nvptx-none:amdgcn-amdhsa]
  ignore line: [OFFLOAD_TARGET_DEFAULT=1]
  ignore line: [Target: x86_64-linux-gnu]
  ignore line: [Configured with: ../src/configure -v --with-pkgversion='Ubuntu 11.4.0-1ubuntu1~22.04' --with-bugurl=file:///usr/share/doc/gcc-11/README.Bugs --enable-languages=c ada c++ go brig d fortran objc obj-c++ m2 --prefix=/usr --with-gcc-major-version-only --program-suffix=-11 --program-prefix=x86_64-linux-gnu- --enable-shared --enable-linker-build-id --libexecdir=/usr/lib --without-included-gettext --enable-threads=posix --libdir=/usr/lib --enable-nls --enable-bootstrap --enable-clocale=gnu --enable-libstdcxx-debug --enable-libstdcxx-time=yes --with-default-libstdcxx-abi=new --enable-gnu-unique-object --disable-vtable-verify --enable-plugin --enable-default-pie --with-system-zlib --enable-libphobos-checking=release --with-target-system-zlib=auto --enable-objc-gc=auto --enable-multiarch --disable-werror --enable-cet --with-arch-32=i686 --with-abi=m64 --with-multilib-list=m32 m64 mx32 --enable-multilib --with-tune=generic --enable-offload-targets=nvptx-none=/build/gcc-11-XeT9lY/gcc-11-11.4.0/debian/tmp-nvptx/usr amdgcn-amdhsa=/build/gcc-11-XeT9lY/gcc-11-11.4.0/debian/tmp-gcn/usr --without-cuda-driver --enable-checking=release --build=x86_64-linux-gnu --host=x86_64-linux-gnu --target=x86_64-linux-gnu --with-build-config=bootstrap-lto-lean --enable-link-serialization=2]
  ignore line: [Thread model: posix]
  ignore line: [Supported LTO compression algorithms: zlib zstd]
  ignore line: [gcc version 11.4.0 (Ubuntu 11.4.0-1ubuntu1~22.04) ]
  ignore line: [COLLECT_GCC_OPTIONS='-v' '-o' 'CMakeFiles/cmTC_aa24f.dir/CMakeCCompilerABI.c.o' '-c' '-mtune=generic' '-march=x86-64' '-dumpdir' 'CMakeFiles/cmTC_aa24f.dir/']
  ignore line: [ /usr/lib/gcc/x86_64-linux-gnu/11/cc1 -quiet -v -imultiarch x86_64-linux-gnu /tools/Xilinx/Vitis/2023.2/tps/lnx64/cmake-3.24.2/share/cmake-3.24/Modules/CMakeCCompilerABI.c -quiet -dumpdir CMakeFiles/cmTC_aa24f.dir/ -dumpbase CMakeCCompilerABI.c.c -dumpbase-ext .c -mtune=generic -march=x86-64 -version -fasynchronous-unwind-tables -fstack-protector-strong -Wformat -Wformat-security -fstack-clash-protection -fcf-protection -o /tmp/cc82CaTh.s]
  ignore line: [GNU C17 (Ubuntu 11.4.0-1ubuntu1~22.04) version 11.4.0 (x86_64-linux-gnu)]
  ignore line: [	compiled by GNU C version 11.4.0  GMP version 6.2.1  MPFR version 4.1.0  MPC version 1.2.1  isl version isl-0.24-GMP]
  ignore line: []
  ignore line: [GGC heuristics: --param ggc-min-expand=100 --param ggc-min-heapsize=131072]
  ignore line: [ignoring nonexistent directory "/usr/local/include/x86_64-linux-gnu"]
  ignore line: [ignoring nonexistent directory "/usr/lib/gcc/x86_64-linux-gnu/11/include-fixed"]
  ignore line: [ignoring nonexistent directory "/usr/lib/gcc/x86_64-linux-gnu/11/../../../../x86_64-linux-gnu/include"]
  ignore line: [#include "..." search starts here:]
  ignore line: [#include <...> search starts here:]
  ignore line: [ /usr/lib/gcc/x86_64-linux-gnu/11/include]
  ignore line: [ /usr/local/include]
  ignore line: [ /usr/include/x86_64-linux-gnu]
  ignore line: [ /usr/include]
  ignore line: [End of search list.]
  ignore line: [GNU C17 (Ubuntu 11.4.0-1ubuntu1~22.04) version 11.4.0 (x86_64-linux-gnu)]
  ignore line: [	compiled by GNU C version 11.4.0  GMP version 6.2.1  MPFR version 4.1.0  MPC version 1.2.1  isl version isl-0.24-GMP]
  ignore line: []
  ignore line: [GGC heuristics: --param ggc-min-expand=100 --param ggc-min-heapsize=131072]
  ignore line: [Compiler executable checksum: 50eaa2331df977b8016186198deb2d18]
  ignore line: [COLLECT_GCC_OPTIONS='-v' '-o' 'CMakeFiles/cmTC_aa24f.dir/CMakeCCompilerABI.c.o' '-c' '-mtune=generic' '-march=x86-64' '-dumpdir' 'CMakeFiles/cmTC_aa24f.dir/']
  ignore line: [ as -v --64 -o CMakeFiles/cmTC_aa24f.dir/CMakeCCompilerABI.c.o /tmp/cc82CaTh.s]
  ignore line: [GNU assembler version 2.38 (x86_64-linux-gnu) using BFD version (GNU Binutils for Ubuntu) 2.38]
  ignore line: [COMPILER_PATH=/usr/lib/gcc/x86_64-linux-gnu/11/:/usr/lib/gcc/x86_64-linux-gnu/11/:/usr/lib/gcc/x86_64-linux-gnu/:/usr/lib/gcc/x86_64-linux-gnu/11/:/usr/lib/gcc/x86_64-linux-gnu/]
  ignore line: [LIBRARY_PATH=/usr/lib/gcc/x86_64-linux-gnu/11/:/usr/lib/gcc/x86_64-linux-gnu/11/../../../x86_64-linux-gnu/:/usr/lib/gcc/x86_64-linux-gnu/11/../../../../lib/:/lib/x86_64-linux-gnu/:/lib/../lib/:/usr/lib/x86_64-linux-gnu/:/usr/lib/../lib/:/usr/lib/gcc/x86_64-linux-gnu/11/../../../:/lib/:/usr/lib/]
  ignore line: [COLLECT_GCC_OPTIONS='-v' '-o' 'CMakeFiles/cmTC_aa24f.dir/CMakeCCompilerABI.c.o' '-c' '-mtune=generic' '-march=x86-64' '-dumpdir' 'CMakeFiles/cmTC_aa24f.dir/CMakeCCompilerABI.c.']
  ignore line: [Linking C executable cmTC_aa24f]
  ignore line: [/tools/Xilinx/Vitis/2023.2/tps/lnx64/cmake-3.24.2/bin/cmake -E cmake_link_script CMakeFiles/cmTC_aa24f.dir/link.txt --verbose=1]
  ignore line: [/usr/bin/gcc  -v CMakeFiles/cmTC_aa24f.dir/CMakeCCompilerABI.c.o -o cmTC_aa24f ]
  ignore line: [Using built-in specs.]
  ignore line: [COLLECT_GCC=/usr/bin/gcc]
  ignore line: [COLLECT_LTO_WRAPPER=/usr/lib/gcc/x86_64-linux-gnu/11/lto-wrapper]
  ignore line: [OFFLOAD_TARGET_NAMES=nvptx-none:amdgcn-amdhsa]
  ignore line: [OFFLOAD_TARGET_DEFAULT=1]
  ignore line: [Target: x86_64-linux-gnu]
  ignore line: [Configured with: ../src/configure -v --with-pkgversion='Ubuntu 11.4.0-1ubuntu1~22.04' --with-bugurl=file:///usr/share/doc/gcc-11/README.Bugs --enable-languages=c ada c++ go brig d fortran objc obj-c++ m2 --prefix=/usr --with-gcc-major-version-only --program-suffix=-11 --program-prefix=x86_64-linux-gnu- --enable-shared --enable-linker-build-id --libexecdir=/usr/lib --without-included-gettext --enable-threads=posix --libdir=/usr/lib --enable-nls --enable-bootstrap --enable-clocale=gnu --enable-libstdcxx-debug --enable-libstdcxx-time=yes --with-default-libstdcxx-abi=new --enable-gnu-unique-object --disable-vtable-verify --enable-plugin --enable-default-pie --with-system-zlib --enable-libphobos-checking=release --with-target-system-zlib=auto --enable-objc-gc=auto --enable-multiarch --disable-werror --enable-cet --with-arch-32=i686 --with-abi=m64 --with-multilib-list=m32 m64 mx32 --enable-multilib --with-tune=generic --enable-offload-targets=nvptx-none=/build/gcc-11-XeT9lY/gcc-11-11.4.0/debian/tmp-nvptx/usr amdgcn-amdhsa=/build/gcc-11-XeT9lY/gcc-11-11.4.0/debian/tmp-gcn/usr --without-cuda-driver --enable-checking=release --build=x86_64-linux-gnu --host=x86_64-linux-gnu --target=x86_64-linux-gnu --with-build-config=bootstrap-lto-lean --enable-link-serialization=2]
  ignore line: [Thread model: posix]
  ignore line: [Supported LTO compression algorithms: zlib zstd]
  ignore line: [gcc version 11.4.0 (Ubuntu 11.4.0-1ubuntu1~22.04) ]
  ignore line: [COMPILER_PATH=/usr/lib/gcc/x86_64-linux-gnu/11/:/usr/lib/gcc/x86_64-linux-gnu/11/:/usr/lib/gcc/x86_64-linux-gnu/:/usr/lib/gcc/x86_64-linux-gnu/11/:/usr/lib/gcc/x86_64-linux-gnu/]
  ignore line: [LIBRARY_PATH=/usr/lib/gcc/x86_64-linux-gnu/11/:/usr/lib/gcc/x86_64-linux-gnu/11/../../../x86_64-linux-gnu/:/usr/lib/gcc/x86_64-linux-gnu/11/../../../../lib/:/lib/x86_64-linux-gnu/:/lib/../lib/:/usr/lib/x86_64-linux-gnu/:/usr/lib/../lib/:/usr/lib/gcc/x86_64-linux-gnu/11/../../../:/lib/:/usr/lib/]
  ignore line: [COLLECT_GCC_OPTIONS='-v' '-o' 'cmTC_aa24f' '-mtune=generic' '-march=x86-64' '-dumpdir' 'cmTC_aa24f.']
  link line: [ /usr/lib/gcc/x86_64-linux-gnu/11/collect2 -plugin /usr/lib/gcc/x86_64-linux-gnu/11/liblto_plugin.so -plugin-opt=/usr/lib/gcc/x86_64-linux-gnu/11/lto-wrapper -plugin-opt=-fresolution=/tmp/ccZ3UmXY.res -plugin-opt=-pass-through=-lgcc -plugin-opt=-pass-through=-lgcc_s -plugin-opt=-pass-through=-lc -plugin-opt=-pass-through=-lgcc -plugin-opt=-pass-through=-lgcc_s --build-id --eh-frame-hdr -m elf_x86_64 --hash-style=gnu --as-needed -dynamic-linker /lib64/ld-linux-x86-64.so.2 -pie -z now -z relro -o cmTC_aa24f /usr/lib/gcc/x86_64-linux-gnu/11/../../../x86_64-linux-gnu/Scrt1.o /usr/lib/gcc/x86_64-linux-gnu/11/../../../x86_64-linux-gnu/crti.o /usr/lib/gcc/x86_64-linux-gnu/11/crtbeginS.o -L/usr/lib/gcc/x86_64-linux-gnu/11 -L/usr/lib/gcc/x86_64-linux-gnu/11/../../../x86_64-linux-gnu -L/usr/lib/gcc/x86_64-linux-gnu/11/../../../../lib -L/lib/x86_64-linux-gnu -L/lib/../lib -L/usr/lib/x86_64-linux-gnu -L/usr/lib/../lib -L/usr/lib/gcc/x86_64-linux-gnu/11/../../.. CMakeFiles/cmTC_aa24f.dir/CMakeCCompilerABI.c.o -lgcc --push-state --as-needed -lgcc_s --pop-state -lc -lgcc --push-state --as-needed -lgcc_s --pop-state /usr/lib/gcc/x86_64-linux-gnu/11/crtendS.o /usr/lib/gcc/x86_64-linux-gnu/11/../../../x86_64-linux-gnu/crtn.o]
    arg [/usr/lib/gcc/x86_64-linux-gnu/11/collect2] ==> ignore
    arg [-plugin] ==> ignore
    arg [/usr/lib/gcc/x86_64-linux-gnu/11/liblto_plugin.so] ==> ignore
    arg [-plugin-opt=/usr/lib/gcc/x86_64-linux-gnu/11/lto-wrapper] ==> ignore
    arg [-plugin-opt=-fresolution=/tmp/ccZ3UmXY.res] ==> ignore
    arg [-plugin-opt=-pass-through=-lgcc] ==> ignore
    arg [-plugin-opt=-pass-through=-lgcc_s] ==> ignore
    arg [-plugin-opt=-pass-through=-lc] ==> ignore
    arg [-plugin-opt=-pass-through=-lgcc] ==> ignore
    arg [-plugin-opt=-pass-through=-lgcc_s] ==> ignore
    arg [--build-id] ==> ignore
    arg [--eh-frame-hdr] ==> ignore
    arg [-m] ==> ignore
    arg [elf_x86_64] ==> ignore
    arg [--hash-style=gnu] ==> ignore
    arg [--as-needed] ==> ignore
    arg [-dynamic-linker] ==> ignore
    arg [/lib64/ld-linux-x86-64.so.2] ==> ignore
    arg [-pie] ==> ignore
    arg [-znow] ==> ignore
    arg [-zrelro] ==> ignore
    arg [-o] ==> ignore
    arg [cmTC_aa24f] ==> ignore
    arg [/usr/lib/gcc/x86_64-linux-gnu/11/../../../x86_64-linux-gnu/Scrt1.o] ==> obj [/usr/lib/gcc/x86_64-linux-gnu/11/../../../x86_64-linux-gnu/Scrt1.o]
    arg [/usr/lib/gcc/x86_64-linux-gnu/11/../../../x86_64-linux-gnu/crti.o] ==> obj [/usr/lib/gcc/x86_64-linux-gnu/11/../../../x86_64-linux-gnu/crti.o]
    arg [/usr/lib/gcc/x86_64-linux-gnu/11/crtbeginS.o] ==> obj [/usr/lib/gcc/x86_64-linux-gnu/11/crtbeginS.o]
    arg [-L/usr/lib/gcc/x86_64-linux-gnu/11] ==> dir [/usr/lib/gcc/x86_64-linux-gnu/11]
    arg [-L/usr/lib/gcc/x86_64-linux-gnu/11/../../../x86_64-linux-gnu] ==> dir [/usr/lib/gcc/x86_64-linux-gnu/11/../../../x86_64-linux-gnu]
    arg [-L/usr/lib/gcc/x86_64-linux-gnu/11/../../../../lib] ==> dir [/usr/lib/gcc/x86_64-linux-gnu/11/../../../../lib]
    arg [-L/lib/x86_64-linux-gnu] ==> dir [/lib/x86_64-linux-gnu]
    arg [-L/lib/../lib] ==> dir [/lib/../lib]
    arg [-L/usr/lib/x86_64-linux-gnu] ==> dir [/usr/lib/x86_64-linux-gnu]
    arg [-L/usr/lib/../lib] ==> dir [/usr/lib/../lib]
    arg [-L/usr/lib/gcc/x86_64-linux-gnu/11/../../..] ==> dir [/usr/lib/gcc/x86_64-linux-gnu/11/../../..]
    arg [CMakeFiles/cmTC_aa24f.dir/CMakeCCompilerABI.c.o] ==> ignore
    arg [-lgcc] ==> lib [gcc]
    arg [--push-state] ==> ignore
    arg [--as-needed] ==> ignore
    arg [-lgcc_s] ==> lib [gcc_s]
    arg [--pop-state] ==> ignore
    arg [-lc] ==> lib [c]
    arg [-lgcc] ==> lib [gcc]
    arg [--push-state] ==> ignore
    arg [--as-needed] ==> ignore
    arg [-lgcc_s] ==> lib [gcc_s]
    arg [--pop-state] ==> ignore
    arg [/usr/lib/gcc/x86_64-linux-gnu/11/crtendS.o] ==> obj [/usr/lib/gcc/x86_64-linux-gnu/11/crtendS.o]
    arg [/usr/lib/gcc/x86_64-linux-gnu/11/../../../x86_64-linux-gnu/crtn.o] ==> obj [/usr/lib/gcc/x86_64-linux-gnu/11/../../../x86_64-linux-gnu/crtn.o]
  collapse obj [/usr/lib/gcc/x86_64-linux-gnu/11/../../../x86_64-linux-gnu/Scrt1.o] ==> [/usr/lib/x86_64-linux-gnu/Scrt1.o]
  collapse obj [/usr/lib/gcc/x86_64-linux-gnu/11/../../../x86_64-linux-gnu/crti.o] ==> [/usr/lib/x86_64-linux-gnu/crti.o]
  collapse obj [/usr/lib/gcc/x86_64-linux-gnu/11/../../../x86_64-linux-gnu/crtn.o] ==> [/usr/lib/x86_64-linux-gnu/crtn.o]
  collapse library dir [/usr/lib/gcc/x86_64-linux-gnu/11] ==> [/usr/lib/gcc/x86_64-linux-gnu/11]
  collapse library dir [/usr/lib/gcc/x86_64-linux-gnu/11/../../../x86_64-linux-gnu] ==> [/usr/lib/x86_64-linux-gnu]
  collapse library dir [/usr/lib/gcc/x86_64-linux-gnu/11/../../../../lib] ==> [/usr/lib]
  collapse library dir [/lib/x86_64-linux-gnu] ==> [/lib/x86_64-linux-gnu]
  collapse library dir [/lib/../lib] ==> [/lib]
  collapse library dir [/usr/lib/x86_64-linux-gnu] ==> [/usr/lib/x86_64-linux-gnu]
  collapse library dir [/usr/lib/../lib] ==> [/usr/lib]
  collapse library dir [/usr/lib/gcc/x86_64-linux-gnu/11/../../..] ==> [/usr/lib]
  implicit libs: [gcc;gcc_s;c;gcc;gcc_s]
  implicit objs: [/usr/lib/x86_64-linux-gnu/Scrt1.o;/usr/lib/x86_64-linux-gnu/crti.o;/usr/lib/gcc/x86_64-linux-gnu/11/crtbeginS.o;/usr/lib/gcc/x86_64-linux-gnu/11/crtendS.o;/usr/lib/x86_64-linux-gnu/crtn.o]
  implicit dirs: [/usr/lib/gcc/x86_64-linux-gnu/11;/usr/lib/x86_64-linux-gnu;/usr/lib;/lib/x86_64-linux-gnu;/lib]
  implicit fwks: []


Detecting CXX compiler ABI info compiled with the following output:
Change Dir: /home/yzwu/Desktop/soc_test/vadd_host/build/x86sim/CMakeFiles/CMakeTmp

Run Build Command(s):/usr/bin/gmake -f Makefile cmTC_ce239/fast && /usr/bin/gmake  -f CMakeFiles/cmTC_ce239.dir/build.make CMakeFiles/cmTC_ce239.dir/build
gmake[1]: Entering directory '/home/yzwu/Desktop/soc_test/vadd_host/build/x86sim/CMakeFiles/CMakeTmp'
Building CXX object CMakeFiles/cmTC_ce239.dir/CMakeCXXCompilerABI.cpp.o
/usr/bin/g++   -v -o CMakeFiles/cmTC_ce239.dir/CMakeCXXCompilerABI.cpp.o -c /tools/Xilinx/Vitis/2023.2/tps/lnx64/cmake-3.24.2/share/cmake-3.24/Modules/CMakeCXXCompilerABI.cpp
Using built-in specs.
COLLECT_GCC=/usr/bin/g++
OFFLOAD_TARGET_NAMES=nvptx-none:amdgcn-amdhsa
OFFLOAD_TARGET_DEFAULT=1
Target: x86_64-linux-gnu
Configured with: ../src/configure -v --with-pkgversion='Ubuntu 11.4.0-1ubuntu1~22.04' --with-bugurl=file:///usr/share/doc/gcc-11/README.Bugs --enable-languages=c,ada,c++,go,brig,d,fortran,objc,obj-c++,m2 --prefix=/usr --with-gcc-major-version-only --program-suffix=-11 --program-prefix=x86_64-linux-gnu- --enable-shared --enable-linker-build-id --libexecdir=/usr/lib --without-included-gettext --enable-threads=posix --libdir=/usr/lib --enable-nls --enable-bootstrap --enable-clocale=gnu --enable-libstdcxx-debug --enable-libstdcxx-time=yes --with-default-libstdcxx-abi=new --enable-gnu-unique-object --disable-vtable-verify --enable-plugin --enable-default-pie --with-system-zlib --enable-libphobos-checking=release --with-target-system-zlib=auto --enable-objc-gc=auto --enable-multiarch --disable-werror --enable-cet --with-arch-32=i686 --with-abi=m64 --with-multilib-list=m32,m64,mx32 --enable-multilib --with-tune=generic --enable-offload-targets=nvptx-none=/build/gcc-11-XeT9lY/gcc-11-11.4.0/debian/tmp-nvptx/usr,amdgcn-amdhsa=/build/gcc-11-XeT9lY/gcc-11-11.4.0/debian/tmp-gcn/usr --without-cuda-driver --enable-checking=release --build=x86_64-linux-gnu --host=x86_64-linux-gnu --target=x86_64-linux-gnu --with-build-config=bootstrap-lto-lean --enable-link-serialization=2
Thread model: posix
Supported LTO compression algorithms: zlib zstd
gcc version 11.4.0 (Ubuntu 11.4.0-1ubuntu1~22.04) 
COLLECT_GCC_OPTIONS='-v' '-o' 'CMakeFiles/cmTC_ce239.dir/CMakeCXXCompilerABI.cpp.o' '-c' '-shared-libgcc' '-mtune=generic' '-march=x86-64' '-dumpdir' 'CMakeFiles/cmTC_ce239.dir/'
 /usr/lib/gcc/x86_64-linux-gnu/11/cc1plus -quiet -v -imultiarch x86_64-linux-gnu -D_GNU_SOURCE /tools/Xilinx/Vitis/2023.2/tps/lnx64/cmake-3.24.2/share/cmake-3.24/Modules/CMakeCXXCompilerABI.cpp -quiet -dumpdir CMakeFiles/cmTC_ce239.dir/ -dumpbase CMakeCXXCompilerABI.cpp.cpp -dumpbase-ext .cpp -mtune=generic -march=x86-64 -version -fasynchronous-unwind-tables -fstack-protector-strong -Wformat -Wformat-security -fstack-clash-protection -fcf-protection -o /tmp/cc3HIg8I.s
GNU C++17 (Ubuntu 11.4.0-1ubuntu1~22.04) version 11.4.0 (x86_64-linux-gnu)
	compiled by GNU C version 11.4.0, GMP version 6.2.1, MPFR version 4.1.0, MPC version 1.2.1, isl version isl-0.24-GMP

GGC heuristics: --param ggc-min-expand=100 --param ggc-min-heapsize=131072
ignoring duplicate directory "/usr/include/x86_64-linux-gnu/c++/11"
ignoring nonexistent directory "/usr/local/include/x86_64-linux-gnu"
ignoring nonexistent directory "/usr/lib/gcc/x86_64-linux-gnu/11/include-fixed"
ignoring nonexistent directory "/usr/lib/gcc/x86_64-linux-gnu/11/../../../../x86_64-linux-gnu/include"
#include "..." search starts here:
#include <...> search starts here:
 /usr/include/c++/11
 /usr/include/x86_64-linux-gnu/c++/11
 /usr/include/c++/11/backward
 /usr/lib/gcc/x86_64-linux-gnu/11/include
 /usr/local/include
 /usr/include/x86_64-linux-gnu
 /usr/include
End of search list.
GNU C++17 (Ubuntu 11.4.0-1ubuntu1~22.04) version 11.4.0 (x86_64-linux-gnu)
	compiled by GNU C version 11.4.0, GMP version 6.2.1, MPFR version 4.1.0, MPC version 1.2.1, isl version isl-0.24-GMP

GGC heuristics: --param ggc-min-expand=100 --param ggc-min-heapsize=131072
Compiler executable checksum: d591828bb4d392ae8b7b160e5bb0b95f
COLLECT_GCC_OPTIONS='-v' '-o' 'CMakeFiles/cmTC_ce239.dir/CMakeCXXCompilerABI.cpp.o' '-c' '-shared-libgcc' '-mtune=generic' '-march=x86-64' '-dumpdir' 'CMakeFiles/cmTC_ce239.dir/'
 as -v --64 -o CMakeFiles/cmTC_ce239.dir/CMakeCXXCompilerABI.cpp.o /tmp/cc3HIg8I.s
GNU assembler version 2.38 (x86_64-linux-gnu) using BFD version (GNU Binutils for Ubuntu) 2.38
COMPILER_PATH=/usr/lib/gcc/x86_64-linux-gnu/11/:/usr/lib/gcc/x86_64-linux-gnu/11/:/usr/lib/gcc/x86_64-linux-gnu/:/usr/lib/gcc/x86_64-linux-gnu/11/:/usr/lib/gcc/x86_64-linux-gnu/
LIBRARY_PATH=/usr/lib/gcc/x86_64-linux-gnu/11/:/usr/lib/gcc/x86_64-linux-gnu/11/../../../x86_64-linux-gnu/:/usr/lib/gcc/x86_64-linux-gnu/11/../../../../lib/:/lib/x86_64-linux-gnu/:/lib/../lib/:/usr/lib/x86_64-linux-gnu/:/usr/lib/../lib/:/usr/lib/gcc/x86_64-linux-gnu/11/../../../:/lib/:/usr/lib/
COLLECT_GCC_OPTIONS='-v' '-o' 'CMakeFiles/cmTC_ce239.dir/CMakeCXXCompilerABI.cpp.o' '-c' '-shared-libgcc' '-mtune=generic' '-march=x86-64' '-dumpdir' 'CMakeFiles/cmTC_ce239.dir/CMakeCXXCompilerABI.cpp.'
Linking CXX executable cmTC_ce239
/tools/Xilinx/Vitis/2023.2/tps/lnx64/cmake-3.24.2/bin/cmake -E cmake_link_script CMakeFiles/cmTC_ce239.dir/link.txt --verbose=1
/usr/bin/g++  -v CMakeFiles/cmTC_ce239.dir/CMakeCXXCompilerABI.cpp.o -o cmTC_ce239 
Using built-in specs.
COLLECT_GCC=/usr/bin/g++
COLLECT_LTO_WRAPPER=/usr/lib/gcc/x86_64-linux-gnu/11/lto-wrapper
OFFLOAD_TARGET_NAMES=nvptx-none:amdgcn-amdhsa
OFFLOAD_TARGET_DEFAULT=1
Target: x86_64-linux-gnu
Configured with: ../src/configure -v --with-pkgversion='Ubuntu 11.4.0-1ubuntu1~22.04' --with-bugurl=file:///usr/share/doc/gcc-11/README.Bugs --enable-languages=c,ada,c++,go,brig,d,fortran,objc,obj-c++,m2 --prefix=/usr --with-gcc-major-version-only --program-suffix=-11 --program-prefix=x86_64-linux-gnu- --enable-shared --enable-linker-build-id --libexecdir=/usr/lib --without-included-gettext --enable-threads=posix --libdir=/usr/lib --enable-nls --enable-bootstrap --enable-clocale=gnu --enable-libstdcxx-debug --enable-libstdcxx-time=yes --with-default-libstdcxx-abi=new --enable-gnu-unique-object --disable-vtable-verify --enable-plugin --enable-default-pie --with-system-zlib --enable-libphobos-checking=release --with-target-system-zlib=auto --enable-objc-gc=auto --enable-multiarch --disable-werror --enable-cet --with-arch-32=i686 --with-abi=m64 --with-multilib-list=m32,m64,mx32 --enable-multilib --with-tune=generic --enable-offload-targets=nvptx-none=/build/gcc-11-XeT9lY/gcc-11-11.4.0/debian/tmp-nvptx/usr,amdgcn-amdhsa=/build/gcc-11-XeT9lY/gcc-11-11.4.0/debian/tmp-gcn/usr --without-cuda-driver --enable-checking=release --build=x86_64-linux-gnu --host=x86_64-linux-gnu --target=x86_64-linux-gnu --with-build-config=bootstrap-lto-lean --enable-link-serialization=2
Thread model: posix
Supported LTO compression algorithms: zlib zstd
gcc version 11.4.0 (Ubuntu 11.4.0-1ubuntu1~22.04) 
COMPILER_PATH=/usr/lib/gcc/x86_64-linux-gnu/11/:/usr/lib/gcc/x86_64-linux-gnu/11/:/usr/lib/gcc/x86_64-linux-gnu/:/usr/lib/gcc/x86_64-linux-gnu/11/:/usr/lib/gcc/x86_64-linux-gnu/
LIBRARY_PATH=/usr/lib/gcc/x86_64-linux-gnu/11/:/usr/lib/gcc/x86_64-linux-gnu/11/../../../x86_64-linux-gnu/:/usr/lib/gcc/x86_64-linux-gnu/11/../../../../lib/:/lib/x86_64-linux-gnu/:/lib/../lib/:/usr/lib/x86_64-linux-gnu/:/usr/lib/../lib/:/usr/lib/gcc/x86_64-linux-gnu/11/../../../:/lib/:/usr/lib/
COLLECT_GCC_OPTIONS='-v' '-o' 'cmTC_ce239' '-shared-libgcc' '-mtune=generic' '-march=x86-64' '-dumpdir' 'cmTC_ce239.'
 /usr/lib/gcc/x86_64-linux-gnu/11/collect2 -plugin /usr/lib/gcc/x86_64-linux-gnu/11/liblto_plugin.so -plugin-opt=/usr/lib/gcc/x86_64-linux-gnu/11/lto-wrapper -plugin-opt=-fresolution=/tmp/ccXa994V.res -plugin-opt=-pass-through=-lgcc_s -plugin-opt=-pass-through=-lgcc -plugin-opt=-pass-through=-lc -plugin-opt=-pass-through=-lgcc_s -plugin-opt=-pass-through=-lgcc --build-id --eh-frame-hdr -m elf_x86_64 --hash-style=gnu --as-needed -dynamic-linker /lib64/ld-linux-x86-64.so.2 -pie -z now -z relro -o cmTC_ce239 /usr/lib/gcc/x86_64-linux-gnu/11/../../../x86_64-linux-gnu/Scrt1.o /usr/lib/gcc/x86_64-linux-gnu/11/../../../x86_64-linux-gnu/crti.o /usr/lib/gcc/x86_64-linux-gnu/11/crtbeginS.o -L/usr/lib/gcc/x86_64-linux-gnu/11 -L/usr/lib/gcc/x86_64-linux-gnu/11/../../../x86_64-linux-gnu -L/usr/lib/gcc/x86_64-linux-gnu/11/../../../../lib -L/lib/x86_64-linux-gnu -L/lib/../lib -L/usr/lib/x86_64-linux-gnu -L/usr/lib/../lib -L/usr/lib/gcc/x86_64-linux-gnu/11/../../.. CMakeFiles/cmTC_ce239.dir/CMakeCXXCompilerABI.cpp.o -lstdc++ -lm -lgcc_s -lgcc -lc -lgcc_s -lgcc /usr/lib/gcc/x86_64-linux-gnu/11/crtendS.o /usr/lib/gcc/x86_64-linux-gnu/11/../../../x86_64-linux-gnu/crtn.o
COLLECT_GCC_OPTIONS='-v' '-o' 'cmTC_ce239' '-shared-libgcc' '-mtune=generic' '-march=x86-64' '-dumpdir' 'cmTC_ce239.'
gmake[1]: Leaving directory '/home/yzwu/Desktop/soc_test/vadd_host/build/x86sim/CMakeFiles/CMakeTmp'



Parsed CXX implicit include dir info from above output: rv=done
  found start of include info
  found start of implicit include info
    add: [/usr/include/c++/11]
    add: [/usr/include/x86_64-linux-gnu/c++/11]
    add: [/usr/include/c++/11/backward]
    add: [/usr/lib/gcc/x86_64-linux-gnu/11/include]
    add: [/usr/local/include]
    add: [/usr/include/x86_64-linux-gnu]
    add: [/usr/include]
  end of search list found
  collapse include dir [/usr/include/c++/11] ==> [/usr/include/c++/11]
  collapse include dir [/usr/include/x86_64-linux-gnu/c++/11] ==> [/usr/include/x86_64-linux-gnu/c++/11]
  collapse include dir [/usr/include/c++/11/backward] ==> [/usr/include/c++/11/backward]
  collapse include dir [/usr/lib/gcc/x86_64-linux-gnu/11/include] ==> [/usr/lib/gcc/x86_64-linux-gnu/11/include]
  collapse include dir [/usr/local/include] ==> [/usr/local/include]
  collapse include dir [/usr/include/x86_64-linux-gnu] ==> [/usr/include/x86_64-linux-gnu]
  collapse include dir [/usr/include] ==> [/usr/include]
  implicit include dirs: [/usr/include/c++/11;/usr/include/x86_64-linux-gnu/c++/11;/usr/include/c++/11/backward;/usr/lib/gcc/x86_64-linux-gnu/11/include;/usr/local/include;/usr/include/x86_64-linux-gnu;/usr/include]


Parsed CXX implicit link information from above output:
  link line regex: [^( *|.*[/\])(ld|CMAKE_LINK_STARTFILE-NOTFOUND|([^/\]+-)?ld|collect2)[^/\]*( |$)]
  ignore line: [Change Dir: /home/yzwu/Desktop/soc_test/vadd_host/build/x86sim/CMakeFiles/CMakeTmp]
  ignore line: []
  ignore line: [Run Build Command(s):/usr/bin/gmake -f Makefile cmTC_ce239/fast && /usr/bin/gmake  -f CMakeFiles/cmTC_ce239.dir/build.make CMakeFiles/cmTC_ce239.dir/build]
  ignore line: [gmake[1]: Entering directory '/home/yzwu/Desktop/soc_test/vadd_host/build/x86sim/CMakeFiles/CMakeTmp']
  ignore line: [Building CXX object CMakeFiles/cmTC_ce239.dir/CMakeCXXCompilerABI.cpp.o]
  ignore line: [/usr/bin/g++   -v -o CMakeFiles/cmTC_ce239.dir/CMakeCXXCompilerABI.cpp.o -c /tools/Xilinx/Vitis/2023.2/tps/lnx64/cmake-3.24.2/share/cmake-3.24/Modules/CMakeCXXCompilerABI.cpp]
  ignore line: [Using built-in specs.]
  ignore line: [COLLECT_GCC=/usr/bin/g++]
  ignore line: [OFFLOAD_TARGET_NAMES=nvptx-none:amdgcn-amdhsa]
  ignore line: [OFFLOAD_TARGET_DEFAULT=1]
  ignore line: [Target: x86_64-linux-gnu]
  ignore line: [Configured with: ../src/configure -v --with-pkgversion='Ubuntu 11.4.0-1ubuntu1~22.04' --with-bugurl=file:///usr/share/doc/gcc-11/README.Bugs --enable-languages=c ada c++ go brig d fortran objc obj-c++ m2 --prefix=/usr --with-gcc-major-version-only --program-suffix=-11 --program-prefix=x86_64-linux-gnu- --enable-shared --enable-linker-build-id --libexecdir=/usr/lib --without-included-gettext --enable-threads=posix --libdir=/usr/lib --enable-nls --enable-bootstrap --enable-clocale=gnu --enable-libstdcxx-debug --enable-libstdcxx-time=yes --with-default-libstdcxx-abi=new --enable-gnu-unique-object --disable-vtable-verify --enable-plugin --enable-default-pie --with-system-zlib --enable-libphobos-checking=release --with-target-system-zlib=auto --enable-objc-gc=auto --enable-multiarch --disable-werror --enable-cet --with-arch-32=i686 --with-abi=m64 --with-multilib-list=m32 m64 mx32 --enable-multilib --with-tune=generic --enable-offload-targets=nvptx-none=/build/gcc-11-XeT9lY/gcc-11-11.4.0/debian/tmp-nvptx/usr amdgcn-amdhsa=/build/gcc-11-XeT9lY/gcc-11-11.4.0/debian/tmp-gcn/usr --without-cuda-driver --enable-checking=release --build=x86_64-linux-gnu --host=x86_64-linux-gnu --target=x86_64-linux-gnu --with-build-config=bootstrap-lto-lean --enable-link-serialization=2]
  ignore line: [Thread model: posix]
  ignore line: [Supported LTO compression algorithms: zlib zstd]
  ignore line: [gcc version 11.4.0 (Ubuntu 11.4.0-1ubuntu1~22.04) ]
  ignore line: [COLLECT_GCC_OPTIONS='-v' '-o' 'CMakeFiles/cmTC_ce239.dir/CMakeCXXCompilerABI.cpp.o' '-c' '-shared-libgcc' '-mtune=generic' '-march=x86-64' '-dumpdir' 'CMakeFiles/cmTC_ce239.dir/']
  ignore line: [ /usr/lib/gcc/x86_64-linux-gnu/11/cc1plus -quiet -v -imultiarch x86_64-linux-gnu -D_GNU_SOURCE /tools/Xilinx/Vitis/2023.2/tps/lnx64/cmake-3.24.2/share/cmake-3.24/Modules/CMakeCXXCompilerABI.cpp -quiet -dumpdir CMakeFiles/cmTC_ce239.dir/ -dumpbase CMakeCXXCompilerABI.cpp.cpp -dumpbase-ext .cpp -mtune=generic -march=x86-64 -version -fasynchronous-unwind-tables -fstack-protector-strong -Wformat -Wformat-security -fstack-clash-protection -fcf-protection -o /tmp/cc3HIg8I.s]
  ignore line: [GNU C++17 (Ubuntu 11.4.0-1ubuntu1~22.04) version 11.4.0 (x86_64-linux-gnu)]
  ignore line: [	compiled by GNU C version 11.4.0  GMP version 6.2.1  MPFR version 4.1.0  MPC version 1.2.1  isl version isl-0.24-GMP]
  ignore line: []
  ignore line: [GGC heuristics: --param ggc-min-expand=100 --param ggc-min-heapsize=131072]
  ignore line: [ignoring duplicate directory "/usr/include/x86_64-linux-gnu/c++/11"]
  ignore line: [ignoring nonexistent directory "/usr/local/include/x86_64-linux-gnu"]
  ignore line: [ignoring nonexistent directory "/usr/lib/gcc/x86_64-linux-gnu/11/include-fixed"]
  ignore line: [ignoring nonexistent directory "/usr/lib/gcc/x86_64-linux-gnu/11/../../../../x86_64-linux-gnu/include"]
  ignore line: [#include "..." search starts here:]
  ignore line: [#include <...> search starts here:]
  ignore line: [ /usr/include/c++/11]
  ignore line: [ /usr/include/x86_64-linux-gnu/c++/11]
  ignore line: [ /usr/include/c++/11/backward]
  ignore line: [ /usr/lib/gcc/x86_64-linux-gnu/11/include]
  ignore line: [ /usr/local/include]
  ignore line: [ /usr/include/x86_64-linux-gnu]
  ignore line: [ /usr/include]
  ignore line: [End of search list.]
  ignore line: [GNU C++17 (Ubuntu 11.4.0-1ubuntu1~22.04) version 11.4.0 (x86_64-linux-gnu)]
  ignore line: [	compiled by GNU C version 11.4.0  GMP version 6.2.1  MPFR version 4.1.0  MPC version 1.2.1  isl version isl-0.24-GMP]
  ignore line: []
  ignore line: [GGC heuristics: --param ggc-min-expand=100 --param ggc-min-heapsize=131072]
  ignore line: [Compiler executable checksum: d591828bb4d392ae8b7b160e5bb0b95f]
  ignore line: [COLLECT_GCC_OPTIONS='-v' '-o' 'CMakeFiles/cmTC_ce239.dir/CMakeCXXCompilerABI.cpp.o' '-c' '-shared-libgcc' '-mtune=generic' '-march=x86-64' '-dumpdir' 'CMakeFiles/cmTC_ce239.dir/']
  ignore line: [ as -v --64 -o CMakeFiles/cmTC_ce239.dir/CMakeCXXCompilerABI.cpp.o /tmp/cc3HIg8I.s]
  ignore line: [GNU assembler version 2.38 (x86_64-linux-gnu) using BFD version (GNU Binutils for Ubuntu) 2.38]
  ignore line: [COMPILER_PATH=/usr/lib/gcc/x86_64-linux-gnu/11/:/usr/lib/gcc/x86_64-linux-gnu/11/:/usr/lib/gcc/x86_64-linux-gnu/:/usr/lib/gcc/x86_64-linux-gnu/11/:/usr/lib/gcc/x86_64-linux-gnu/]
  ignore line: [LIBRARY_PATH=/usr/lib/gcc/x86_64-linux-gnu/11/:/usr/lib/gcc/x86_64-linux-gnu/11/../../../x86_64-linux-gnu/:/usr/lib/gcc/x86_64-linux-gnu/11/../../../../lib/:/lib/x86_64-linux-gnu/:/lib/../lib/:/usr/lib/x86_64-linux-gnu/:/usr/lib/../lib/:/usr/lib/gcc/x86_64-linux-gnu/11/../../../:/lib/:/usr/lib/]
  ignore line: [COLLECT_GCC_OPTIONS='-v' '-o' 'CMakeFiles/cmTC_ce239.dir/CMakeCXXCompilerABI.cpp.o' '-c' '-shared-libgcc' '-mtune=generic' '-march=x86-64' '-dumpdir' 'CMakeFiles/cmTC_ce239.dir/CMakeCXXCompilerABI.cpp.']
  ignore line: [Linking CXX executable cmTC_ce239]
  ignore line: [/tools/Xilinx/Vitis/2023.2/tps/lnx64/cmake-3.24.2/bin/cmake -E cmake_link_script CMakeFiles/cmTC_ce239.dir/link.txt --verbose=1]
  ignore line: [/usr/bin/g++  -v CMakeFiles/cmTC_ce239.dir/CMakeCXXCompilerABI.cpp.o -o cmTC_ce239 ]
  ignore line: [Using built-in specs.]
  ignore line: [COLLECT_GCC=/usr/bin/g++]
  ignore line: [COLLECT_LTO_WRAPPER=/usr/lib/gcc/x86_64-linux-gnu/11/lto-wrapper]
  ignore line: [OFFLOAD_TARGET_NAMES=nvptx-none:amdgcn-amdhsa]
  ignore line: [OFFLOAD_TARGET_DEFAULT=1]
  ignore line: [Target: x86_64-linux-gnu]
  ignore line: [Configured with: ../src/configure -v --with-pkgversion='Ubuntu 11.4.0-1ubuntu1~22.04' --with-bugurl=file:///usr/share/doc/gcc-11/README.Bugs --enable-languages=c ada c++ go brig d fortran objc obj-c++ m2 --prefix=/usr --with-gcc-major-version-only --program-suffix=-11 --program-prefix=x86_64-linux-gnu- --enable-shared --enable-linker-build-id --libexecdir=/usr/lib --without-included-gettext --enable-threads=posix --libdir=/usr/lib --enable-nls --enable-bootstrap --enable-clocale=gnu --enable-libstdcxx-debug --enable-libstdcxx-time=yes --with-default-libstdcxx-abi=new --enable-gnu-unique-object --disable-vtable-verify --enable-plugin --enable-default-pie --with-system-zlib --enable-libphobos-checking=release --with-target-system-zlib=auto --enable-objc-gc=auto --enable-multiarch --disable-werror --enable-cet --with-arch-32=i686 --with-abi=m64 --with-multilib-list=m32 m64 mx32 --enable-multilib --with-tune=generic --enable-offload-targets=nvptx-none=/build/gcc-11-XeT9lY/gcc-11-11.4.0/debian/tmp-nvptx/usr amdgcn-amdhsa=/build/gcc-11-XeT9lY/gcc-11-11.4.0/debian/tmp-gcn/usr --without-cuda-driver --enable-checking=release --build=x86_64-linux-gnu --host=x86_64-linux-gnu --target=x86_64-linux-gnu --with-build-config=bootstrap-lto-lean --enable-link-serialization=2]
  ignore line: [Thread model: posix]
  ignore line: [Supported LTO compression algorithms: zlib zstd]
  ignore line: [gcc version 11.4.0 (Ubuntu 11.4.0-1ubuntu1~22.04) ]
  ignore line: [COMPILER_PATH=/usr/lib/gcc/x86_64-linux-gnu/11/:/usr/lib/gcc/x86_64-linux-gnu/11/:/usr/lib/gcc/x86_64-linux-gnu/:/usr/lib/gcc/x86_64-linux-gnu/11/:/usr/lib/gcc/x86_64-linux-gnu/]
  ignore line: [LIBRARY_PATH=/usr/lib/gcc/x86_64-linux-gnu/11/:/usr/lib/gcc/x86_64-linux-gnu/11/../../../x86_64-linux-gnu/:/usr/lib/gcc/x86_64-linux-gnu/11/../../../../lib/:/lib/x86_64-linux-gnu/:/lib/../lib/:/usr/lib/x86_64-linux-gnu/:/usr/lib/../lib/:/usr/lib/gcc/x86_64-linux-gnu/11/../../../:/lib/:/usr/lib/]
  ignore line: [COLLECT_GCC_OPTIONS='-v' '-o' 'cmTC_ce239' '-shared-libgcc' '-mtune=generic' '-march=x86-64' '-dumpdir' 'cmTC_ce239.']
  link line: [ /usr/lib/gcc/x86_64-linux-gnu/11/collect2 -plugin /usr/lib/gcc/x86_64-linux-gnu/11/liblto_plugin.so -plugin-opt=/usr/lib/gcc/x86_64-linux-gnu/11/lto-wrapper -plugin-opt=-fresolution=/tmp/ccXa994V.res -plugin-opt=-pass-through=-lgcc_s -plugin-opt=-pass-through=-lgcc -plugin-opt=-pass-through=-lc -plugin-opt=-pass-through=-lgcc_s -plugin-opt=-pass-through=-lgcc --build-id --eh-frame-hdr -m elf_x86_64 --hash-style=gnu --as-needed -dynamic-linker /lib64/ld-linux-x86-64.so.2 -pie -z now -z relro -o cmTC_ce239 /usr/lib/gcc/x86_64-linux-gnu/11/../../../x86_64-linux-gnu/Scrt1.o /usr/lib/gcc/x86_64-linux-gnu/11/../../../x86_64-linux-gnu/crti.o /usr/lib/gcc/x86_64-linux-gnu/11/crtbeginS.o -L/usr/lib/gcc/x86_64-linux-gnu/11 -L/usr/lib/gcc/x86_64-linux-gnu/11/../../../x86_64-linux-gnu -L/usr/lib/gcc/x86_64-linux-gnu/11/../../../../lib -L/lib/x86_64-linux-gnu -L/lib/../lib -L/usr/lib/x86_64-linux-gnu -L/usr/lib/../lib -L/usr/lib/gcc/x86_64-linux-gnu/11/../../.. CMakeFiles/cmTC_ce239.dir/CMakeCXXCompilerABI.cpp.o -lstdc++ -lm -lgcc_s -lgcc -lc -lgcc_s -lgcc /usr/lib/gcc/x86_64-linux-gnu/11/crtendS.o /usr/lib/gcc/x86_64-linux-gnu/11/../../../x86_64-linux-gnu/crtn.o]
    arg [/usr/lib/gcc/x86_64-linux-gnu/11/collect2] ==> ignore
    arg [-plugin] ==> ignore
    arg [/usr/lib/gcc/x86_64-linux-gnu/11/liblto_plugin.so] ==> ignore
    arg [-plugin-opt=/usr/lib/gcc/x86_64-linux-gnu/11/lto-wrapper] ==> ignore
    arg [-plugin-opt=-fresolution=/tmp/ccXa994V.res] ==> ignore
    arg [-plugin-opt=-pass-through=-lgcc_s] ==> ignore
    arg [-plugin-opt=-pass-through=-lgcc] ==> ignore
    arg [-plugin-opt=-pass-through=-lc] ==> ignore
    arg [-plugin-opt=-pass-through=-lgcc_s] ==> ignore
    arg [-plugin-opt=-pass-through=-lgcc] ==> ignore
    arg [--build-id] ==> ignore
    arg [--eh-frame-hdr] ==> ignore
    arg [-m] ==> ignore
    arg [elf_x86_64] ==> ignore
    arg [--hash-style=gnu] ==> ignore
    arg [--as-needed] ==> ignore
    arg [-dynamic-linker] ==> ignore
    arg [/lib64/ld-linux-x86-64.so.2] ==> ignore
    arg [-pie] ==> ignore
    arg [-znow] ==> ignore
    arg [-zrelro] ==> ignore
    arg [-o] ==> ignore
    arg [cmTC_ce239] ==> ignore
    arg [/usr/lib/gcc/x86_64-linux-gnu/11/../../../x86_64-linux-gnu/Scrt1.o] ==> obj [/usr/lib/gcc/x86_64-linux-gnu/11/../../../x86_64-linux-gnu/Scrt1.o]
    arg [/usr/lib/gcc/x86_64-linux-gnu/11/../../../x86_64-linux-gnu/crti.o] ==> obj [/usr/lib/gcc/x86_64-linux-gnu/11/../../../x86_64-linux-gnu/crti.o]
    arg [/usr/lib/gcc/x86_64-linux-gnu/11/crtbeginS.o] ==> obj [/usr/lib/gcc/x86_64-linux-gnu/11/crtbeginS.o]
    arg [-L/usr/lib/gcc/x86_64-linux-gnu/11] ==> dir [/usr/lib/gcc/x86_64-linux-gnu/11]
    arg [-L/usr/lib/gcc/x86_64-linux-gnu/11/../../../x86_64-linux-gnu] ==> dir [/usr/lib/gcc/x86_64-linux-gnu/11/../../../x86_64-linux-gnu]
    arg [-L/usr/lib/gcc/x86_64-linux-gnu/11/../../../../lib] ==> dir [/usr/lib/gcc/x86_64-linux-gnu/11/../../../../lib]
    arg [-L/lib/x86_64-linux-gnu] ==> dir [/lib/x86_64-linux-gnu]
    arg [-L/lib/../lib] ==> dir [/lib/../lib]
    arg [-L/usr/lib/x86_64-linux-gnu] ==> dir [/usr/lib/x86_64-linux-gnu]
    arg [-L/usr/lib/../lib] ==> dir [/usr/lib/../lib]
    arg [-L/usr/lib/gcc/x86_64-linux-gnu/11/../../..] ==> dir [/usr/lib/gcc/x86_64-linux-gnu/11/../../..]
    arg [CMakeFiles/cmTC_ce239.dir/CMakeCXXCompilerABI.cpp.o] ==> ignore
    arg [-lstdc++] ==> lib [stdc++]
    arg [-lm] ==> lib [m]
    arg [-lgcc_s] ==> lib [gcc_s]
    arg [-lgcc] ==> lib [gcc]
    arg [-lc] ==> lib [c]
    arg [-lgcc_s] ==> lib [gcc_s]
    arg [-lgcc] ==> lib [gcc]
    arg [/usr/lib/gcc/x86_64-linux-gnu/11/crtendS.o] ==> obj [/usr/lib/gcc/x86_64-linux-gnu/11/crtendS.o]
    arg [/usr/lib/gcc/x86_64-linux-gnu/11/../../../x86_64-linux-gnu/crtn.o] ==> obj [/usr/lib/gcc/x86_64-linux-gnu/11/../../../x86_64-linux-gnu/crtn.o]
  collapse obj [/usr/lib/gcc/x86_64-linux-gnu/11/../../../x86_64-linux-gnu/Scrt1.o] ==> [/usr/lib/x86_64-linux-gnu/Scrt1.o]
  collapse obj [/usr/lib/gcc/x86_64-linux-gnu/11/../../../x86_64-linux-gnu/crti.o] ==> [/usr/lib/x86_64-linux-gnu/crti.o]
  collapse obj [/usr/lib/gcc/x86_64-linux-gnu/11/../../../x86_64-linux-gnu/crtn.o] ==> [/usr/lib/x86_64-linux-gnu/crtn.o]
  collapse library dir [/usr/lib/gcc/x86_64-linux-gnu/11] ==> [/usr/lib/gcc/x86_64-linux-gnu/11]
  collapse library dir [/usr/lib/gcc/x86_64-linux-gnu/11/../../../x86_64-linux-gnu] ==> [/usr/lib/x86_64-linux-gnu]
  collapse library dir [/usr/lib/gcc/x86_64-linux-gnu/11/../../../../lib] ==> [/usr/lib]
  collapse library dir [/lib/x86_64-linux-gnu] ==> [/lib/x86_64-linux-gnu]
  collapse library dir [/lib/../lib] ==> [/lib]
  collapse library dir [/usr/lib/x86_64-linux-gnu] ==> [/usr/lib/x86_64-linux-gnu]
  collapse library dir [/usr/lib/../lib] ==> [/usr/lib]
  collapse library dir [/usr/lib/gcc/x86_64-linux-gnu/11/../../..] ==> [/usr/lib]
  implicit libs: [stdc++;m;gcc_s;gcc;c;gcc_s;gcc]
  implicit objs: [/usr/lib/x86_64-linux-gnu/Scrt1.o;/usr/lib/x86_64-linux-gnu/crti.o;/usr/lib/gcc/x86_64-linux-gnu/11/crtbeginS.o;/usr/lib/gcc/x86_64-linux-gnu/11/crtendS.o;/usr/lib/x86_64-linux-gnu/crtn.o]
  implicit dirs: [/usr/lib/gcc/x86_64-linux-gnu/11;/usr/lib/x86_64-linux-gnu;/usr/lib;/lib/x86_64-linux-gnu;/lib]
  implicit fwks: []


Determining if the CL_VERSION_3_0 exist passed with the following output:
Change Dir: /home/yzwu/Desktop/soc_test/vadd_host/build/x86sim/CMakeFiles/CMakeTmp

Run Build Command(s):/usr/bin/gmake -f Makefile cmTC_7d59e/fast && /usr/bin/gmake  -f CMakeFiles/cmTC_7d59e.dir/build.make CMakeFiles/cmTC_7d59e.dir/build
gmake[1]: Entering directory '/home/yzwu/Desktop/soc_test/vadd_host/build/x86sim/CMakeFiles/CMakeTmp'
Building C object CMakeFiles/cmTC_7d59e.dir/CheckSymbolExists.c.o
/usr/bin/gcc    -o CMakeFiles/cmTC_7d59e.dir/CheckSymbolExists.c.o -c /home/yzwu/Desktop/soc_test/vadd_host/build/x86sim/CMakeFiles/CMakeTmp/CheckSymbolExists.c
In file included from /usr/include/CL/cl.h:20,
                 from /home/yzwu/Desktop/soc_test/vadd_host/build/x86sim/CMakeFiles/CMakeTmp/CheckSymbolExists.c:2:
/usr/include/CL/cl_version.h:22:9: note: ‘#pragma message: cl_version.h: CL_TARGET_OPENCL_VERSION is not defined. Defaulting to 300 (OpenCL 3.0)’
   22 | #pragma message("cl_version.h: CL_TARGET_OPENCL_VERSION is not defined. Defaulting to 300 (OpenCL 3.0)")
      |         ^~~~~~~
Linking C executable cmTC_7d59e
/tools/Xilinx/Vitis/2023.2/tps/lnx64/cmake-3.24.2/bin/cmake -E cmake_link_script CMakeFiles/cmTC_7d59e.dir/link.txt --verbose=1
/usr/bin/gcc CMakeFiles/cmTC_7d59e.dir/CheckSymbolExists.c.o -o cmTC_7d59e 
gmake[1]: Leaving directory '/home/yzwu/Desktop/soc_test/vadd_host/build/x86sim/CMakeFiles/CMakeTmp'


File /home/yzwu/Desktop/soc_test/vadd_host/build/x86sim/CMakeFiles/CMakeTmp/CheckSymbolExists.c:
/* */
#include </usr/include/CL/cl.h>

int main(int argc, char** argv)
{
  (void)argv;
#ifndef CL_VERSION_3_0
  return ((int*)(&CL_VERSION_3_0))[argc];
#else
  (void)argc;
  return 0;
#endif
}
The system is: Linux - 6.5.0-15-generic - x86_64
Compiling the C compiler identification source file "CMakeCCompilerId.c" succeeded.
Compiler: /usr/bin/gcc 
Build flags: 
Id flags:  

The output was:
0


Compilation of the C compiler identification source "CMakeCCompilerId.c" produced "a.out"

The C compiler identification is GNU, found in "/home/yzwu/Desktop/soc_test/vadd_host/build/x86sim/CMakeFiles/3.24.2/CompilerIdC/a.out"

Compiling the CXX compiler identification source file "CMakeCXXCompilerId.cpp" succeeded.
Compiler: /usr/bin/g++ 
Build flags: 
Id flags:  

The output was:
0


Compilation of the CXX compiler identification source "CMakeCXXCompilerId.cpp" produced "a.out"

The CXX compiler identification is GNU, found in "/home/yzwu/Desktop/soc_test/vadd_host/build/x86sim/CMakeFiles/3.24.2/CompilerIdCXX/a.out"

Detecting C compiler ABI info compiled with the following output:
Change Dir: /home/yzwu/Desktop/soc_test/vadd_host/build/x86sim/CMakeFiles/CMakeTmp

Run Build Command(s):/usr/bin/gmake -f Makefile cmTC_b65d9/fast && /usr/bin/gmake  -f CMakeFiles/cmTC_b65d9.dir/build.make CMakeFiles/cmTC_b65d9.dir/build
gmake[1]: Entering directory '/home/yzwu/Desktop/soc_test/vadd_host/build/x86sim/CMakeFiles/CMakeTmp'
Building C object CMakeFiles/cmTC_b65d9.dir/CMakeCCompilerABI.c.o
/usr/bin/gcc   -v -o CMakeFiles/cmTC_b65d9.dir/CMakeCCompilerABI.c.o -c /tools/Xilinx/Vitis/2023.2/tps/lnx64/cmake-3.24.2/share/cmake-3.24/Modules/CMakeCCompilerABI.c
Using built-in specs.
COLLECT_GCC=/usr/bin/gcc
OFFLOAD_TARGET_NAMES=nvptx-none:amdgcn-amdhsa
OFFLOAD_TARGET_DEFAULT=1
Target: x86_64-linux-gnu
Configured with: ../src/configure -v --with-pkgversion='Ubuntu 11.4.0-1ubuntu1~22.04' --with-bugurl=file:///usr/share/doc/gcc-11/README.Bugs --enable-languages=c,ada,c++,go,brig,d,fortran,objc,obj-c++,m2 --prefix=/usr --with-gcc-major-version-only --program-suffix=-11 --program-prefix=x86_64-linux-gnu- --enable-shared --enable-linker-build-id --libexecdir=/usr/lib --without-included-gettext --enable-threads=posix --libdir=/usr/lib --enable-nls --enable-bootstrap --enable-clocale=gnu --enable-libstdcxx-debug --enable-libstdcxx-time=yes --with-default-libstdcxx-abi=new --enable-gnu-unique-object --disable-vtable-verify --enable-plugin --enable-default-pie --with-system-zlib --enable-libphobos-checking=release --with-target-system-zlib=auto --enable-objc-gc=auto --enable-multiarch --disable-werror --enable-cet --with-arch-32=i686 --with-abi=m64 --with-multilib-list=m32,m64,mx32 --enable-multilib --with-tune=generic --enable-offload-targets=nvptx-none=/build/gcc-11-XeT9lY/gcc-11-11.4.0/debian/tmp-nvptx/usr,amdgcn-amdhsa=/build/gcc-11-XeT9lY/gcc-11-11.4.0/debian/tmp-gcn/usr --without-cuda-driver --enable-checking=release --build=x86_64-linux-gnu --host=x86_64-linux-gnu --target=x86_64-linux-gnu --with-build-config=bootstrap-lto-lean --enable-link-serialization=2
Thread model: posix
Supported LTO compression algorithms: zlib zstd
gcc version 11.4.0 (Ubuntu 11.4.0-1ubuntu1~22.04) 
COLLECT_GCC_OPTIONS='-v' '-o' 'CMakeFiles/cmTC_b65d9.dir/CMakeCCompilerABI.c.o' '-c' '-mtune=generic' '-march=x86-64' '-dumpdir' 'CMakeFiles/cmTC_b65d9.dir/'
 /usr/lib/gcc/x86_64-linux-gnu/11/cc1 -quiet -v -imultiarch x86_64-linux-gnu /tools/Xilinx/Vitis/2023.2/tps/lnx64/cmake-3.24.2/share/cmake-3.24/Modules/CMakeCCompilerABI.c -quiet -dumpdir CMakeFiles/cmTC_b65d9.dir/ -dumpbase CMakeCCompilerABI.c.c -dumpbase-ext .c -mtune=generic -march=x86-64 -version -fasynchronous-unwind-tables -fstack-protector-strong -Wformat -Wformat-security -fstack-clash-protection -fcf-protection -o /tmp/ccXT12dJ.s
GNU C17 (Ubuntu 11.4.0-1ubuntu1~22.04) version 11.4.0 (x86_64-linux-gnu)
	compiled by GNU C version 11.4.0, GMP version 6.2.1, MPFR version 4.1.0, MPC version 1.2.1, isl version isl-0.24-GMP

GGC heuristics: --param ggc-min-expand=100 --param ggc-min-heapsize=131072
ignoring nonexistent directory "/usr/local/include/x86_64-linux-gnu"
ignoring nonexistent directory "/usr/lib/gcc/x86_64-linux-gnu/11/include-fixed"
ignoring nonexistent directory "/usr/lib/gcc/x86_64-linux-gnu/11/../../../../x86_64-linux-gnu/include"
#include "..." search starts here:
#include <...> search starts here:
 /usr/lib/gcc/x86_64-linux-gnu/11/include
 /usr/local/include
 /usr/include/x86_64-linux-gnu
 /usr/include
End of search list.
GNU C17 (Ubuntu 11.4.0-1ubuntu1~22.04) version 11.4.0 (x86_64-linux-gnu)
	compiled by GNU C version 11.4.0, GMP version 6.2.1, MPFR version 4.1.0, MPC version 1.2.1, isl version isl-0.24-GMP

GGC heuristics: --param ggc-min-expand=100 --param ggc-min-heapsize=131072
Compiler executable checksum: 50eaa2331df977b8016186198deb2d18
COLLECT_GCC_OPTIONS='-v' '-o' 'CMakeFiles/cmTC_b65d9.dir/CMakeCCompilerABI.c.o' '-c' '-mtune=generic' '-march=x86-64' '-dumpdir' 'CMakeFiles/cmTC_b65d9.dir/'
 as -v --64 -o CMakeFiles/cmTC_b65d9.dir/CMakeCCompilerABI.c.o /tmp/ccXT12dJ.s
GNU assembler version 2.38 (x86_64-linux-gnu) using BFD version (GNU Binutils for Ubuntu) 2.38
COMPILER_PATH=/usr/lib/gcc/x86_64-linux-gnu/11/:/usr/lib/gcc/x86_64-linux-gnu/11/:/usr/lib/gcc/x86_64-linux-gnu/:/usr/lib/gcc/x86_64-linux-gnu/11/:/usr/lib/gcc/x86_64-linux-gnu/
LIBRARY_PATH=/usr/lib/gcc/x86_64-linux-gnu/11/:/usr/lib/gcc/x86_64-linux-gnu/11/../../../x86_64-linux-gnu/:/usr/lib/gcc/x86_64-linux-gnu/11/../../../../lib/:/lib/x86_64-linux-gnu/:/lib/../lib/:/usr/lib/x86_64-linux-gnu/:/usr/lib/../lib/:/usr/lib/gcc/x86_64-linux-gnu/11/../../../:/lib/:/usr/lib/
COLLECT_GCC_OPTIONS='-v' '-o' 'CMakeFiles/cmTC_b65d9.dir/CMakeCCompilerABI.c.o' '-c' '-mtune=generic' '-march=x86-64' '-dumpdir' 'CMakeFiles/cmTC_b65d9.dir/CMakeCCompilerABI.c.'
Linking C executable cmTC_b65d9
/tools/Xilinx/Vitis/2023.2/tps/lnx64/cmake-3.24.2/bin/cmake -E cmake_link_script CMakeFiles/cmTC_b65d9.dir/link.txt --verbose=1
/usr/bin/gcc  -v CMakeFiles/cmTC_b65d9.dir/CMakeCCompilerABI.c.o -o cmTC_b65d9 
Using built-in specs.
COLLECT_GCC=/usr/bin/gcc
COLLECT_LTO_WRAPPER=/usr/lib/gcc/x86_64-linux-gnu/11/lto-wrapper
OFFLOAD_TARGET_NAMES=nvptx-none:amdgcn-amdhsa
OFFLOAD_TARGET_DEFAULT=1
Target: x86_64-linux-gnu
Configured with: ../src/configure -v --with-pkgversion='Ubuntu 11.4.0-1ubuntu1~22.04' --with-bugurl=file:///usr/share/doc/gcc-11/README.Bugs --enable-languages=c,ada,c++,go,brig,d,fortran,objc,obj-c++,m2 --prefix=/usr --with-gcc-major-version-only --program-suffix=-11 --program-prefix=x86_64-linux-gnu- --enable-shared --enable-linker-build-id --libexecdir=/usr/lib --without-included-gettext --enable-threads=posix --libdir=/usr/lib --enable-nls --enable-bootstrap --enable-clocale=gnu --enable-libstdcxx-debug --enable-libstdcxx-time=yes --with-default-libstdcxx-abi=new --enable-gnu-unique-object --disable-vtable-verify --enable-plugin --enable-default-pie --with-system-zlib --enable-libphobos-checking=release --with-target-system-zlib=auto --enable-objc-gc=auto --enable-multiarch --disable-werror --enable-cet --with-arch-32=i686 --with-abi=m64 --with-multilib-list=m32,m64,mx32 --enable-multilib --with-tune=generic --enable-offload-targets=nvptx-none=/build/gcc-11-XeT9lY/gcc-11-11.4.0/debian/tmp-nvptx/usr,amdgcn-amdhsa=/build/gcc-11-XeT9lY/gcc-11-11.4.0/debian/tmp-gcn/usr --without-cuda-driver --enable-checking=release --build=x86_64-linux-gnu --host=x86_64-linux-gnu --target=x86_64-linux-gnu --with-build-config=bootstrap-lto-lean --enable-link-serialization=2
Thread model: posix
Supported LTO compression algorithms: zlib zstd
gcc version 11.4.0 (Ubuntu 11.4.0-1ubuntu1~22.04) 
COMPILER_PATH=/usr/lib/gcc/x86_64-linux-gnu/11/:/usr/lib/gcc/x86_64-linux-gnu/11/:/usr/lib/gcc/x86_64-linux-gnu/:/usr/lib/gcc/x86_64-linux-gnu/11/:/usr/lib/gcc/x86_64-linux-gnu/
LIBRARY_PATH=/usr/lib/gcc/x86_64-linux-gnu/11/:/usr/lib/gcc/x86_64-linux-gnu/11/../../../x86_64-linux-gnu/:/usr/lib/gcc/x86_64-linux-gnu/11/../../../../lib/:/lib/x86_64-linux-gnu/:/lib/../lib/:/usr/lib/x86_64-linux-gnu/:/usr/lib/../lib/:/usr/lib/gcc/x86_64-linux-gnu/11/../../../:/lib/:/usr/lib/
COLLECT_GCC_OPTIONS='-v' '-o' 'cmTC_b65d9' '-mtune=generic' '-march=x86-64' '-dumpdir' 'cmTC_b65d9.'
 /usr/lib/gcc/x86_64-linux-gnu/11/collect2 -plugin /usr/lib/gcc/x86_64-linux-gnu/11/liblto_plugin.so -plugin-opt=/usr/lib/gcc/x86_64-linux-gnu/11/lto-wrapper -plugin-opt=-fresolution=/tmp/ccqIYDUV.res -plugin-opt=-pass-through=-lgcc -plugin-opt=-pass-through=-lgcc_s -plugin-opt=-pass-through=-lc -plugin-opt=-pass-through=-lgcc -plugin-opt=-pass-through=-lgcc_s --build-id --eh-frame-hdr -m elf_x86_64 --hash-style=gnu --as-needed -dynamic-linker /lib64/ld-linux-x86-64.so.2 -pie -z now -z relro -o cmTC_b65d9 /usr/lib/gcc/x86_64-linux-gnu/11/../../../x86_64-linux-gnu/Scrt1.o /usr/lib/gcc/x86_64-linux-gnu/11/../../../x86_64-linux-gnu/crti.o /usr/lib/gcc/x86_64-linux-gnu/11/crtbeginS.o -L/usr/lib/gcc/x86_64-linux-gnu/11 -L/usr/lib/gcc/x86_64-linux-gnu/11/../../../x86_64-linux-gnu -L/usr/lib/gcc/x86_64-linux-gnu/11/../../../../lib -L/lib/x86_64-linux-gnu -L/lib/../lib -L/usr/lib/x86_64-linux-gnu -L/usr/lib/../lib -L/usr/lib/gcc/x86_64-linux-gnu/11/../../.. CMakeFiles/cmTC_b65d9.dir/CMakeCCompilerABI.c.o -lgcc --push-state --as-needed -lgcc_s --pop-state -lc -lgcc --push-state --as-needed -lgcc_s --pop-state /usr/lib/gcc/x86_64-linux-gnu/11/crtendS.o /usr/lib/gcc/x86_64-linux-gnu/11/../../../x86_64-linux-gnu/crtn.o
COLLECT_GCC_OPTIONS='-v' '-o' 'cmTC_b65d9' '-mtune=generic' '-march=x86-64' '-dumpdir' 'cmTC_b65d9.'
gmake[1]: Leaving directory '/home/yzwu/Desktop/soc_test/vadd_host/build/x86sim/CMakeFiles/CMakeTmp'



Parsed C implicit include dir info from above output: rv=done
  found start of include info
  found start of implicit include info
    add: [/usr/lib/gcc/x86_64-linux-gnu/11/include]
    add: [/usr/local/include]
    add: [/usr/include/x86_64-linux-gnu]
    add: [/usr/include]
  end of search list found
  collapse include dir [/usr/lib/gcc/x86_64-linux-gnu/11/include] ==> [/usr/lib/gcc/x86_64-linux-gnu/11/include]
  collapse include dir [/usr/local/include] ==> [/usr/local/include]
  collapse include dir [/usr/include/x86_64-linux-gnu] ==> [/usr/include/x86_64-linux-gnu]
  collapse include dir [/usr/include] ==> [/usr/include]
  implicit include dirs: [/usr/lib/gcc/x86_64-linux-gnu/11/include;/usr/local/include;/usr/include/x86_64-linux-gnu;/usr/include]


Parsed C implicit link information from above output:
  link line regex: [^( *|.*[/\])(ld|CMAKE_LINK_STARTFILE-NOTFOUND|([^/\]+-)?ld|collect2)[^/\]*( |$)]
  ignore line: [Change Dir: /home/yzwu/Desktop/soc_test/vadd_host/build/x86sim/CMakeFiles/CMakeTmp]
  ignore line: []
  ignore line: [Run Build Command(s):/usr/bin/gmake -f Makefile cmTC_b65d9/fast && /usr/bin/gmake  -f CMakeFiles/cmTC_b65d9.dir/build.make CMakeFiles/cmTC_b65d9.dir/build]
  ignore line: [gmake[1]: Entering directory '/home/yzwu/Desktop/soc_test/vadd_host/build/x86sim/CMakeFiles/CMakeTmp']
  ignore line: [Building C object CMakeFiles/cmTC_b65d9.dir/CMakeCCompilerABI.c.o]
  ignore line: [/usr/bin/gcc   -v -o CMakeFiles/cmTC_b65d9.dir/CMakeCCompilerABI.c.o -c /tools/Xilinx/Vitis/2023.2/tps/lnx64/cmake-3.24.2/share/cmake-3.24/Modules/CMakeCCompilerABI.c]
  ignore line: [Using built-in specs.]
  ignore line: [COLLECT_GCC=/usr/bin/gcc]
  ignore line: [OFFLOAD_TARGET_NAMES=nvptx-none:amdgcn-amdhsa]
  ignore line: [OFFLOAD_TARGET_DEFAULT=1]
  ignore line: [Target: x86_64-linux-gnu]
  ignore line: [Configured with: ../src/configure -v --with-pkgversion='Ubuntu 11.4.0-1ubuntu1~22.04' --with-bugurl=file:///usr/share/doc/gcc-11/README.Bugs --enable-languages=c ada c++ go brig d fortran objc obj-c++ m2 --prefix=/usr --with-gcc-major-version-only --program-suffix=-11 --program-prefix=x86_64-linux-gnu- --enable-shared --enable-linker-build-id --libexecdir=/usr/lib --without-included-gettext --enable-threads=posix --libdir=/usr/lib --enable-nls --enable-bootstrap --enable-clocale=gnu --enable-libstdcxx-debug --enable-libstdcxx-time=yes --with-default-libstdcxx-abi=new --enable-gnu-unique-object --disable-vtable-verify --enable-plugin --enable-default-pie --with-system-zlib --enable-libphobos-checking=release --with-target-system-zlib=auto --enable-objc-gc=auto --enable-multiarch --disable-werror --enable-cet --with-arch-32=i686 --with-abi=m64 --with-multilib-list=m32 m64 mx32 --enable-multilib --with-tune=generic --enable-offload-targets=nvptx-none=/build/gcc-11-XeT9lY/gcc-11-11.4.0/debian/tmp-nvptx/usr amdgcn-amdhsa=/build/gcc-11-XeT9lY/gcc-11-11.4.0/debian/tmp-gcn/usr --without-cuda-driver --enable-checking=release --build=x86_64-linux-gnu --host=x86_64-linux-gnu --target=x86_64-linux-gnu --with-build-config=bootstrap-lto-lean --enable-link-serialization=2]
  ignore line: [Thread model: posix]
  ignore line: [Supported LTO compression algorithms: zlib zstd]
  ignore line: [gcc version 11.4.0 (Ubuntu 11.4.0-1ubuntu1~22.04) ]
  ignore line: [COLLECT_GCC_OPTIONS='-v' '-o' 'CMakeFiles/cmTC_b65d9.dir/CMakeCCompilerABI.c.o' '-c' '-mtune=generic' '-march=x86-64' '-dumpdir' 'CMakeFiles/cmTC_b65d9.dir/']
  ignore line: [ /usr/lib/gcc/x86_64-linux-gnu/11/cc1 -quiet -v -imultiarch x86_64-linux-gnu /tools/Xilinx/Vitis/2023.2/tps/lnx64/cmake-3.24.2/share/cmake-3.24/Modules/CMakeCCompilerABI.c -quiet -dumpdir CMakeFiles/cmTC_b65d9.dir/ -dumpbase CMakeCCompilerABI.c.c -dumpbase-ext .c -mtune=generic -march=x86-64 -version -fasynchronous-unwind-tables -fstack-protector-strong -Wformat -Wformat-security -fstack-clash-protection -fcf-protection -o /tmp/ccXT12dJ.s]
  ignore line: [GNU C17 (Ubuntu 11.4.0-1ubuntu1~22.04) version 11.4.0 (x86_64-linux-gnu)]
  ignore line: [	compiled by GNU C version 11.4.0  GMP version 6.2.1  MPFR version 4.1.0  MPC version 1.2.1  isl version isl-0.24-GMP]
  ignore line: []
  ignore line: [GGC heuristics: --param ggc-min-expand=100 --param ggc-min-heapsize=131072]
  ignore line: [ignoring nonexistent directory "/usr/local/include/x86_64-linux-gnu"]
  ignore line: [ignoring nonexistent directory "/usr/lib/gcc/x86_64-linux-gnu/11/include-fixed"]
  ignore line: [ignoring nonexistent directory "/usr/lib/gcc/x86_64-linux-gnu/11/../../../../x86_64-linux-gnu/include"]
  ignore line: [#include "..." search starts here:]
  ignore line: [#include <...> search starts here:]
  ignore line: [ /usr/lib/gcc/x86_64-linux-gnu/11/include]
  ignore line: [ /usr/local/include]
  ignore line: [ /usr/include/x86_64-linux-gnu]
  ignore line: [ /usr/include]
  ignore line: [End of search list.]
  ignore line: [GNU C17 (Ubuntu 11.4.0-1ubuntu1~22.04) version 11.4.0 (x86_64-linux-gnu)]
  ignore line: [	compiled by GNU C version 11.4.0  GMP version 6.2.1  MPFR version 4.1.0  MPC version 1.2.1  isl version isl-0.24-GMP]
  ignore line: []
  ignore line: [GGC heuristics: --param ggc-min-expand=100 --param ggc-min-heapsize=131072]
  ignore line: [Compiler executable checksum: 50eaa2331df977b8016186198deb2d18]
  ignore line: [COLLECT_GCC_OPTIONS='-v' '-o' 'CMakeFiles/cmTC_b65d9.dir/CMakeCCompilerABI.c.o' '-c' '-mtune=generic' '-march=x86-64' '-dumpdir' 'CMakeFiles/cmTC_b65d9.dir/']
  ignore line: [ as -v --64 -o CMakeFiles/cmTC_b65d9.dir/CMakeCCompilerABI.c.o /tmp/ccXT12dJ.s]
  ignore line: [GNU assembler version 2.38 (x86_64-linux-gnu) using BFD version (GNU Binutils for Ubuntu) 2.38]
  ignore line: [COMPILER_PATH=/usr/lib/gcc/x86_64-linux-gnu/11/:/usr/lib/gcc/x86_64-linux-gnu/11/:/usr/lib/gcc/x86_64-linux-gnu/:/usr/lib/gcc/x86_64-linux-gnu/11/:/usr/lib/gcc/x86_64-linux-gnu/]
  ignore line: [LIBRARY_PATH=/usr/lib/gcc/x86_64-linux-gnu/11/:/usr/lib/gcc/x86_64-linux-gnu/11/../../../x86_64-linux-gnu/:/usr/lib/gcc/x86_64-linux-gnu/11/../../../../lib/:/lib/x86_64-linux-gnu/:/lib/../lib/:/usr/lib/x86_64-linux-gnu/:/usr/lib/../lib/:/usr/lib/gcc/x86_64-linux-gnu/11/../../../:/lib/:/usr/lib/]
  ignore line: [COLLECT_GCC_OPTIONS='-v' '-o' 'CMakeFiles/cmTC_b65d9.dir/CMakeCCompilerABI.c.o' '-c' '-mtune=generic' '-march=x86-64' '-dumpdir' 'CMakeFiles/cmTC_b65d9.dir/CMakeCCompilerABI.c.']
  ignore line: [Linking C executable cmTC_b65d9]
  ignore line: [/tools/Xilinx/Vitis/2023.2/tps/lnx64/cmake-3.24.2/bin/cmake -E cmake_link_script CMakeFiles/cmTC_b65d9.dir/link.txt --verbose=1]
  ignore line: [/usr/bin/gcc  -v CMakeFiles/cmTC_b65d9.dir/CMakeCCompilerABI.c.o -o cmTC_b65d9 ]
  ignore line: [Using built-in specs.]
  ignore line: [COLLECT_GCC=/usr/bin/gcc]
  ignore line: [COLLECT_LTO_WRAPPER=/usr/lib/gcc/x86_64-linux-gnu/11/lto-wrapper]
  ignore line: [OFFLOAD_TARGET_NAMES=nvptx-none:amdgcn-amdhsa]
  ignore line: [OFFLOAD_TARGET_DEFAULT=1]
  ignore line: [Target: x86_64-linux-gnu]
  ignore line: [Configured with: ../src/configure -v --with-pkgversion='Ubuntu 11.4.0-1ubuntu1~22.04' --with-bugurl=file:///usr/share/doc/gcc-11/README.Bugs --enable-languages=c ada c++ go brig d fortran objc obj-c++ m2 --prefix=/usr --with-gcc-major-version-only --program-suffix=-11 --program-prefix=x86_64-linux-gnu- --enable-shared --enable-linker-build-id --libexecdir=/usr/lib --without-included-gettext --enable-threads=posix --libdir=/usr/lib --enable-nls --enable-bootstrap --enable-clocale=gnu --enable-libstdcxx-debug --enable-libstdcxx-time=yes --with-default-libstdcxx-abi=new --enable-gnu-unique-object --disable-vtable-verify --enable-plugin --enable-default-pie --with-system-zlib --enable-libphobos-checking=release --with-target-system-zlib=auto --enable-objc-gc=auto --enable-multiarch --disable-werror --enable-cet --with-arch-32=i686 --with-abi=m64 --with-multilib-list=m32 m64 mx32 --enable-multilib --with-tune=generic --enable-offload-targets=nvptx-none=/build/gcc-11-XeT9lY/gcc-11-11.4.0/debian/tmp-nvptx/usr amdgcn-amdhsa=/build/gcc-11-XeT9lY/gcc-11-11.4.0/debian/tmp-gcn/usr --without-cuda-driver --enable-checking=release --build=x86_64-linux-gnu --host=x86_64-linux-gnu --target=x86_64-linux-gnu --with-build-config=bootstrap-lto-lean --enable-link-serialization=2]
  ignore line: [Thread model: posix]
  ignore line: [Supported LTO compression algorithms: zlib zstd]
  ignore line: [gcc version 11.4.0 (Ubuntu 11.4.0-1ubuntu1~22.04) ]
  ignore line: [COMPILER_PATH=/usr/lib/gcc/x86_64-linux-gnu/11/:/usr/lib/gcc/x86_64-linux-gnu/11/:/usr/lib/gcc/x86_64-linux-gnu/:/usr/lib/gcc/x86_64-linux-gnu/11/:/usr/lib/gcc/x86_64-linux-gnu/]
  ignore line: [LIBRARY_PATH=/usr/lib/gcc/x86_64-linux-gnu/11/:/usr/lib/gcc/x86_64-linux-gnu/11/../../../x86_64-linux-gnu/:/usr/lib/gcc/x86_64-linux-gnu/11/../../../../lib/:/lib/x86_64-linux-gnu/:/lib/../lib/:/usr/lib/x86_64-linux-gnu/:/usr/lib/../lib/:/usr/lib/gcc/x86_64-linux-gnu/11/../../../:/lib/:/usr/lib/]
  ignore line: [COLLECT_GCC_OPTIONS='-v' '-o' 'cmTC_b65d9' '-mtune=generic' '-march=x86-64' '-dumpdir' 'cmTC_b65d9.']
  link line: [ /usr/lib/gcc/x86_64-linux-gnu/11/collect2 -plugin /usr/lib/gcc/x86_64-linux-gnu/11/liblto_plugin.so -plugin-opt=/usr/lib/gcc/x86_64-linux-gnu/11/lto-wrapper -plugin-opt=-fresolution=/tmp/ccqIYDUV.res -plugin-opt=-pass-through=-lgcc -plugin-opt=-pass-through=-lgcc_s -plugin-opt=-pass-through=-lc -plugin-opt=-pass-through=-lgcc -plugin-opt=-pass-through=-lgcc_s --build-id --eh-frame-hdr -m elf_x86_64 --hash-style=gnu --as-needed -dynamic-linker /lib64/ld-linux-x86-64.so.2 -pie -z now -z relro -o cmTC_b65d9 /usr/lib/gcc/x86_64-linux-gnu/11/../../../x86_64-linux-gnu/Scrt1.o /usr/lib/gcc/x86_64-linux-gnu/11/../../../x86_64-linux-gnu/crti.o /usr/lib/gcc/x86_64-linux-gnu/11/crtbeginS.o -L/usr/lib/gcc/x86_64-linux-gnu/11 -L/usr/lib/gcc/x86_64-linux-gnu/11/../../../x86_64-linux-gnu -L/usr/lib/gcc/x86_64-linux-gnu/11/../../../../lib -L/lib/x86_64-linux-gnu -L/lib/../lib -L/usr/lib/x86_64-linux-gnu -L/usr/lib/../lib -L/usr/lib/gcc/x86_64-linux-gnu/11/../../.. CMakeFiles/cmTC_b65d9.dir/CMakeCCompilerABI.c.o -lgcc --push-state --as-needed -lgcc_s --pop-state -lc -lgcc --push-state --as-needed -lgcc_s --pop-state /usr/lib/gcc/x86_64-linux-gnu/11/crtendS.o /usr/lib/gcc/x86_64-linux-gnu/11/../../../x86_64-linux-gnu/crtn.o]
    arg [/usr/lib/gcc/x86_64-linux-gnu/11/collect2] ==> ignore
    arg [-plugin] ==> ignore
    arg [/usr/lib/gcc/x86_64-linux-gnu/11/liblto_plugin.so] ==> ignore
    arg [-plugin-opt=/usr/lib/gcc/x86_64-linux-gnu/11/lto-wrapper] ==> ignore
    arg [-plugin-opt=-fresolution=/tmp/ccqIYDUV.res] ==> ignore
    arg [-plugin-opt=-pass-through=-lgcc] ==> ignore
    arg [-plugin-opt=-pass-through=-lgcc_s] ==> ignore
    arg [-plugin-opt=-pass-through=-lc] ==> ignore
    arg [-plugin-opt=-pass-through=-lgcc] ==> ignore
    arg [-plugin-opt=-pass-through=-lgcc_s] ==> ignore
    arg [--build-id] ==> ignore
    arg [--eh-frame-hdr] ==> ignore
    arg [-m] ==> ignore
    arg [elf_x86_64] ==> ignore
    arg [--hash-style=gnu] ==> ignore
    arg [--as-needed] ==> ignore
    arg [-dynamic-linker] ==> ignore
    arg [/lib64/ld-linux-x86-64.so.2] ==> ignore
    arg [-pie] ==> ignore
    arg [-znow] ==> ignore
    arg [-zrelro] ==> ignore
    arg [-o] ==> ignore
    arg [cmTC_b65d9] ==> ignore
    arg [/usr/lib/gcc/x86_64-linux-gnu/11/../../../x86_64-linux-gnu/Scrt1.o] ==> obj [/usr/lib/gcc/x86_64-linux-gnu/11/../../../x86_64-linux-gnu/Scrt1.o]
    arg [/usr/lib/gcc/x86_64-linux-gnu/11/../../../x86_64-linux-gnu/crti.o] ==> obj [/usr/lib/gcc/x86_64-linux-gnu/11/../../../x86_64-linux-gnu/crti.o]
    arg [/usr/lib/gcc/x86_64-linux-gnu/11/crtbeginS.o] ==> obj [/usr/lib/gcc/x86_64-linux-gnu/11/crtbeginS.o]
    arg [-L/usr/lib/gcc/x86_64-linux-gnu/11] ==> dir [/usr/lib/gcc/x86_64-linux-gnu/11]
    arg [-L/usr/lib/gcc/x86_64-linux-gnu/11/../../../x86_64-linux-gnu] ==> dir [/usr/lib/gcc/x86_64-linux-gnu/11/../../../x86_64-linux-gnu]
    arg [-L/usr/lib/gcc/x86_64-linux-gnu/11/../../../../lib] ==> dir [/usr/lib/gcc/x86_64-linux-gnu/11/../../../../lib]
    arg [-L/lib/x86_64-linux-gnu] ==> dir [/lib/x86_64-linux-gnu]
    arg [-L/lib/../lib] ==> dir [/lib/../lib]
    arg [-L/usr/lib/x86_64-linux-gnu] ==> dir [/usr/lib/x86_64-linux-gnu]
    arg [-L/usr/lib/../lib] ==> dir [/usr/lib/../lib]
    arg [-L/usr/lib/gcc/x86_64-linux-gnu/11/../../..] ==> dir [/usr/lib/gcc/x86_64-linux-gnu/11/../../..]
    arg [CMakeFiles/cmTC_b65d9.dir/CMakeCCompilerABI.c.o] ==> ignore
    arg [-lgcc] ==> lib [gcc]
    arg [--push-state] ==> ignore
    arg [--as-needed] ==> ignore
    arg [-lgcc_s] ==> lib [gcc_s]
    arg [--pop-state] ==> ignore
    arg [-lc] ==> lib [c]
    arg [-lgcc] ==> lib [gcc]
    arg [--push-state] ==> ignore
    arg [--as-needed] ==> ignore
    arg [-lgcc_s] ==> lib [gcc_s]
    arg [--pop-state] ==> ignore
    arg [/usr/lib/gcc/x86_64-linux-gnu/11/crtendS.o] ==> obj [/usr/lib/gcc/x86_64-linux-gnu/11/crtendS.o]
    arg [/usr/lib/gcc/x86_64-linux-gnu/11/../../../x86_64-linux-gnu/crtn.o] ==> obj [/usr/lib/gcc/x86_64-linux-gnu/11/../../../x86_64-linux-gnu/crtn.o]
  collapse obj [/usr/lib/gcc/x86_64-linux-gnu/11/../../../x86_64-linux-gnu/Scrt1.o] ==> [/usr/lib/x86_64-linux-gnu/Scrt1.o]
  collapse obj [/usr/lib/gcc/x86_64-linux-gnu/11/../../../x86_64-linux-gnu/crti.o] ==> [/usr/lib/x86_64-linux-gnu/crti.o]
  collapse obj [/usr/lib/gcc/x86_64-linux-gnu/11/../../../x86_64-linux-gnu/crtn.o] ==> [/usr/lib/x86_64-linux-gnu/crtn.o]
  collapse library dir [/usr/lib/gcc/x86_64-linux-gnu/11] ==> [/usr/lib/gcc/x86_64-linux-gnu/11]
  collapse library dir [/usr/lib/gcc/x86_64-linux-gnu/11/../../../x86_64-linux-gnu] ==> [/usr/lib/x86_64-linux-gnu]
  collapse library dir [/usr/lib/gcc/x86_64-linux-gnu/11/../../../../lib] ==> [/usr/lib]
  collapse library dir [/lib/x86_64-linux-gnu] ==> [/lib/x86_64-linux-gnu]
  collapse library dir [/lib/../lib] ==> [/lib]
  collapse library dir [/usr/lib/x86_64-linux-gnu] ==> [/usr/lib/x86_64-linux-gnu]
  collapse library dir [/usr/lib/../lib] ==> [/usr/lib]
  collapse library dir [/usr/lib/gcc/x86_64-linux-gnu/11/../../..] ==> [/usr/lib]
  implicit libs: [gcc;gcc_s;c;gcc;gcc_s]
  implicit objs: [/usr/lib/x86_64-linux-gnu/Scrt1.o;/usr/lib/x86_64-linux-gnu/crti.o;/usr/lib/gcc/x86_64-linux-gnu/11/crtbeginS.o;/usr/lib/gcc/x86_64-linux-gnu/11/crtendS.o;/usr/lib/x86_64-linux-gnu/crtn.o]
  implicit dirs: [/usr/lib/gcc/x86_64-linux-gnu/11;/usr/lib/x86_64-linux-gnu;/usr/lib;/lib/x86_64-linux-gnu;/lib]
  implicit fwks: []


Detecting CXX compiler ABI info compiled with the following output:
Change Dir: /home/yzwu/Desktop/soc_test/vadd_host/build/x86sim/CMakeFiles/CMakeTmp

Run Build Command(s):/usr/bin/gmake -f Makefile cmTC_28097/fast && /usr/bin/gmake  -f CMakeFiles/cmTC_28097.dir/build.make CMakeFiles/cmTC_28097.dir/build
gmake[1]: Entering directory '/home/yzwu/Desktop/soc_test/vadd_host/build/x86sim/CMakeFiles/CMakeTmp'
Building CXX object CMakeFiles/cmTC_28097.dir/CMakeCXXCompilerABI.cpp.o
/usr/bin/g++   -v -o CMakeFiles/cmTC_28097.dir/CMakeCXXCompilerABI.cpp.o -c /tools/Xilinx/Vitis/2023.2/tps/lnx64/cmake-3.24.2/share/cmake-3.24/Modules/CMakeCXXCompilerABI.cpp
Using built-in specs.
COLLECT_GCC=/usr/bin/g++
OFFLOAD_TARGET_NAMES=nvptx-none:amdgcn-amdhsa
OFFLOAD_TARGET_DEFAULT=1
Target: x86_64-linux-gnu
Configured with: ../src/configure -v --with-pkgversion='Ubuntu 11.4.0-1ubuntu1~22.04' --with-bugurl=file:///usr/share/doc/gcc-11/README.Bugs --enable-languages=c,ada,c++,go,brig,d,fortran,objc,obj-c++,m2 --prefix=/usr --with-gcc-major-version-only --program-suffix=-11 --program-prefix=x86_64-linux-gnu- --enable-shared --enable-linker-build-id --libexecdir=/usr/lib --without-included-gettext --enable-threads=posix --libdir=/usr/lib --enable-nls --enable-bootstrap --enable-clocale=gnu --enable-libstdcxx-debug --enable-libstdcxx-time=yes --with-default-libstdcxx-abi=new --enable-gnu-unique-object --disable-vtable-verify --enable-plugin --enable-default-pie --with-system-zlib --enable-libphobos-checking=release --with-target-system-zlib=auto --enable-objc-gc=auto --enable-multiarch --disable-werror --enable-cet --with-arch-32=i686 --with-abi=m64 --with-multilib-list=m32,m64,mx32 --enable-multilib --with-tune=generic --enable-offload-targets=nvptx-none=/build/gcc-11-XeT9lY/gcc-11-11.4.0/debian/tmp-nvptx/usr,amdgcn-amdhsa=/build/gcc-11-XeT9lY/gcc-11-11.4.0/debian/tmp-gcn/usr --without-cuda-driver --enable-checking=release --build=x86_64-linux-gnu --host=x86_64-linux-gnu --target=x86_64-linux-gnu --with-build-config=bootstrap-lto-lean --enable-link-serialization=2
Thread model: posix
Supported LTO compression algorithms: zlib zstd
gcc version 11.4.0 (Ubuntu 11.4.0-1ubuntu1~22.04) 
COLLECT_GCC_OPTIONS='-v' '-o' 'CMakeFiles/cmTC_28097.dir/CMakeCXXCompilerABI.cpp.o' '-c' '-shared-libgcc' '-mtune=generic' '-march=x86-64' '-dumpdir' 'CMakeFiles/cmTC_28097.dir/'
 /usr/lib/gcc/x86_64-linux-gnu/11/cc1plus -quiet -v -imultiarch x86_64-linux-gnu -D_GNU_SOURCE /tools/Xilinx/Vitis/2023.2/tps/lnx64/cmake-3.24.2/share/cmake-3.24/Modules/CMakeCXXCompilerABI.cpp -quiet -dumpdir CMakeFiles/cmTC_28097.dir/ -dumpbase CMakeCXXCompilerABI.cpp.cpp -dumpbase-ext .cpp -mtune=generic -march=x86-64 -version -fasynchronous-unwind-tables -fstack-protector-strong -Wformat -Wformat-security -fstack-clash-protection -fcf-protection -o /tmp/ccEGTl2Q.s
GNU C++17 (Ubuntu 11.4.0-1ubuntu1~22.04) version 11.4.0 (x86_64-linux-gnu)
	compiled by GNU C version 11.4.0, GMP version 6.2.1, MPFR version 4.1.0, MPC version 1.2.1, isl version isl-0.24-GMP

GGC heuristics: --param ggc-min-expand=100 --param ggc-min-heapsize=131072
ignoring duplicate directory "/usr/include/x86_64-linux-gnu/c++/11"
ignoring nonexistent directory "/usr/local/include/x86_64-linux-gnu"
ignoring nonexistent directory "/usr/lib/gcc/x86_64-linux-gnu/11/include-fixed"
ignoring nonexistent directory "/usr/lib/gcc/x86_64-linux-gnu/11/../../../../x86_64-linux-gnu/include"
#include "..." search starts here:
#include <...> search starts here:
 /usr/include/c++/11
 /usr/include/x86_64-linux-gnu/c++/11
 /usr/include/c++/11/backward
 /usr/lib/gcc/x86_64-linux-gnu/11/include
 /usr/local/include
 /usr/include/x86_64-linux-gnu
 /usr/include
End of search list.
GNU C++17 (Ubuntu 11.4.0-1ubuntu1~22.04) version 11.4.0 (x86_64-linux-gnu)
	compiled by GNU C version 11.4.0, GMP version 6.2.1, MPFR version 4.1.0, MPC version 1.2.1, isl version isl-0.24-GMP

GGC heuristics: --param ggc-min-expand=100 --param ggc-min-heapsize=131072
Compiler executable checksum: d591828bb4d392ae8b7b160e5bb0b95f
COLLECT_GCC_OPTIONS='-v' '-o' 'CMakeFiles/cmTC_28097.dir/CMakeCXXCompilerABI.cpp.o' '-c' '-shared-libgcc' '-mtune=generic' '-march=x86-64' '-dumpdir' 'CMakeFiles/cmTC_28097.dir/'
 as -v --64 -o CMakeFiles/cmTC_28097.dir/CMakeCXXCompilerABI.cpp.o /tmp/ccEGTl2Q.s
GNU assembler version 2.38 (x86_64-linux-gnu) using BFD version (GNU Binutils for Ubuntu) 2.38
COMPILER_PATH=/usr/lib/gcc/x86_64-linux-gnu/11/:/usr/lib/gcc/x86_64-linux-gnu/11/:/usr/lib/gcc/x86_64-linux-gnu/:/usr/lib/gcc/x86_64-linux-gnu/11/:/usr/lib/gcc/x86_64-linux-gnu/
LIBRARY_PATH=/usr/lib/gcc/x86_64-linux-gnu/11/:/usr/lib/gcc/x86_64-linux-gnu/11/../../../x86_64-linux-gnu/:/usr/lib/gcc/x86_64-linux-gnu/11/../../../../lib/:/lib/x86_64-linux-gnu/:/lib/../lib/:/usr/lib/x86_64-linux-gnu/:/usr/lib/../lib/:/usr/lib/gcc/x86_64-linux-gnu/11/../../../:/lib/:/usr/lib/
COLLECT_GCC_OPTIONS='-v' '-o' 'CMakeFiles/cmTC_28097.dir/CMakeCXXCompilerABI.cpp.o' '-c' '-shared-libgcc' '-mtune=generic' '-march=x86-64' '-dumpdir' 'CMakeFiles/cmTC_28097.dir/CMakeCXXCompilerABI.cpp.'
Linking CXX executable cmTC_28097
/tools/Xilinx/Vitis/2023.2/tps/lnx64/cmake-3.24.2/bin/cmake -E cmake_link_script CMakeFiles/cmTC_28097.dir/link.txt --verbose=1
/usr/bin/g++  -v CMakeFiles/cmTC_28097.dir/CMakeCXXCompilerABI.cpp.o -o cmTC_28097 
Using built-in specs.
COLLECT_GCC=/usr/bin/g++
COLLECT_LTO_WRAPPER=/usr/lib/gcc/x86_64-linux-gnu/11/lto-wrapper
OFFLOAD_TARGET_NAMES=nvptx-none:amdgcn-amdhsa
OFFLOAD_TARGET_DEFAULT=1
Target: x86_64-linux-gnu
Configured with: ../src/configure -v --with-pkgversion='Ubuntu 11.4.0-1ubuntu1~22.04' --with-bugurl=file:///usr/share/doc/gcc-11/README.Bugs --enable-languages=c,ada,c++,go,brig,d,fortran,objc,obj-c++,m2 --prefix=/usr --with-gcc-major-version-only --program-suffix=-11 --program-prefix=x86_64-linux-gnu- --enable-shared --enable-linker-build-id --libexecdir=/usr/lib --without-included-gettext --enable-threads=posix --libdir=/usr/lib --enable-nls --enable-bootstrap --enable-clocale=gnu --enable-libstdcxx-debug --enable-libstdcxx-time=yes --with-default-libstdcxx-abi=new --enable-gnu-unique-object --disable-vtable-verify --enable-plugin --enable-default-pie --with-system-zlib --enable-libphobos-checking=release --with-target-system-zlib=auto --enable-objc-gc=auto --enable-multiarch --disable-werror --enable-cet --with-arch-32=i686 --with-abi=m64 --with-multilib-list=m32,m64,mx32 --enable-multilib --with-tune=generic --enable-offload-targets=nvptx-none=/build/gcc-11-XeT9lY/gcc-11-11.4.0/debian/tmp-nvptx/usr,amdgcn-amdhsa=/build/gcc-11-XeT9lY/gcc-11-11.4.0/debian/tmp-gcn/usr --without-cuda-driver --enable-checking=release --build=x86_64-linux-gnu --host=x86_64-linux-gnu --target=x86_64-linux-gnu --with-build-config=bootstrap-lto-lean --enable-link-serialization=2
Thread model: posix
Supported LTO compression algorithms: zlib zstd
gcc version 11.4.0 (Ubuntu 11.4.0-1ubuntu1~22.04) 
COMPILER_PATH=/usr/lib/gcc/x86_64-linux-gnu/11/:/usr/lib/gcc/x86_64-linux-gnu/11/:/usr/lib/gcc/x86_64-linux-gnu/:/usr/lib/gcc/x86_64-linux-gnu/11/:/usr/lib/gcc/x86_64-linux-gnu/
LIBRARY_PATH=/usr/lib/gcc/x86_64-linux-gnu/11/:/usr/lib/gcc/x86_64-linux-gnu/11/../../../x86_64-linux-gnu/:/usr/lib/gcc/x86_64-linux-gnu/11/../../../../lib/:/lib/x86_64-linux-gnu/:/lib/../lib/:/usr/lib/x86_64-linux-gnu/:/usr/lib/../lib/:/usr/lib/gcc/x86_64-linux-gnu/11/../../../:/lib/:/usr/lib/
COLLECT_GCC_OPTIONS='-v' '-o' 'cmTC_28097' '-shared-libgcc' '-mtune=generic' '-march=x86-64' '-dumpdir' 'cmTC_28097.'
 /usr/lib/gcc/x86_64-linux-gnu/11/collect2 -plugin /usr/lib/gcc/x86_64-linux-gnu/11/liblto_plugin.so -plugin-opt=/usr/lib/gcc/x86_64-linux-gnu/11/lto-wrapper -plugin-opt=-fresolution=/tmp/ccobkvah.res -plugin-opt=-pass-through=-lgcc_s -plugin-opt=-pass-through=-lgcc -plugin-opt=-pass-through=-lc -plugin-opt=-pass-through=-lgcc_s -plugin-opt=-pass-through=-lgcc --build-id --eh-frame-hdr -m elf_x86_64 --hash-style=gnu --as-needed -dynamic-linker /lib64/ld-linux-x86-64.so.2 -pie -z now -z relro -o cmTC_28097 /usr/lib/gcc/x86_64-linux-gnu/11/../../../x86_64-linux-gnu/Scrt1.o /usr/lib/gcc/x86_64-linux-gnu/11/../../../x86_64-linux-gnu/crti.o /usr/lib/gcc/x86_64-linux-gnu/11/crtbeginS.o -L/usr/lib/gcc/x86_64-linux-gnu/11 -L/usr/lib/gcc/x86_64-linux-gnu/11/../../../x86_64-linux-gnu -L/usr/lib/gcc/x86_64-linux-gnu/11/../../../../lib -L/lib/x86_64-linux-gnu -L/lib/../lib -L/usr/lib/x86_64-linux-gnu -L/usr/lib/../lib -L/usr/lib/gcc/x86_64-linux-gnu/11/../../.. CMakeFiles/cmTC_28097.dir/CMakeCXXCompilerABI.cpp.o -lstdc++ -lm -lgcc_s -lgcc -lc -lgcc_s -lgcc /usr/lib/gcc/x86_64-linux-gnu/11/crtendS.o /usr/lib/gcc/x86_64-linux-gnu/11/../../../x86_64-linux-gnu/crtn.o
COLLECT_GCC_OPTIONS='-v' '-o' 'cmTC_28097' '-shared-libgcc' '-mtune=generic' '-march=x86-64' '-dumpdir' 'cmTC_28097.'
gmake[1]: Leaving directory '/home/yzwu/Desktop/soc_test/vadd_host/build/x86sim/CMakeFiles/CMakeTmp'



Parsed CXX implicit include dir info from above output: rv=done
  found start of include info
  found start of implicit include info
    add: [/usr/include/c++/11]
    add: [/usr/include/x86_64-linux-gnu/c++/11]
    add: [/usr/include/c++/11/backward]
    add: [/usr/lib/gcc/x86_64-linux-gnu/11/include]
    add: [/usr/local/include]
    add: [/usr/include/x86_64-linux-gnu]
    add: [/usr/include]
  end of search list found
  collapse include dir [/usr/include/c++/11] ==> [/usr/include/c++/11]
  collapse include dir [/usr/include/x86_64-linux-gnu/c++/11] ==> [/usr/include/x86_64-linux-gnu/c++/11]
  collapse include dir [/usr/include/c++/11/backward] ==> [/usr/include/c++/11/backward]
  collapse include dir [/usr/lib/gcc/x86_64-linux-gnu/11/include] ==> [/usr/lib/gcc/x86_64-linux-gnu/11/include]
  collapse include dir [/usr/local/include] ==> [/usr/local/include]
  collapse include dir [/usr/include/x86_64-linux-gnu] ==> [/usr/include/x86_64-linux-gnu]
  collapse include dir [/usr/include] ==> [/usr/include]
  implicit include dirs: [/usr/include/c++/11;/usr/include/x86_64-linux-gnu/c++/11;/usr/include/c++/11/backward;/usr/lib/gcc/x86_64-linux-gnu/11/include;/usr/local/include;/usr/include/x86_64-linux-gnu;/usr/include]


Parsed CXX implicit link information from above output:
  link line regex: [^( *|.*[/\])(ld|CMAKE_LINK_STARTFILE-NOTFOUND|([^/\]+-)?ld|collect2)[^/\]*( |$)]
  ignore line: [Change Dir: /home/yzwu/Desktop/soc_test/vadd_host/build/x86sim/CMakeFiles/CMakeTmp]
  ignore line: []
  ignore line: [Run Build Command(s):/usr/bin/gmake -f Makefile cmTC_28097/fast && /usr/bin/gmake  -f CMakeFiles/cmTC_28097.dir/build.make CMakeFiles/cmTC_28097.dir/build]
  ignore line: [gmake[1]: Entering directory '/home/yzwu/Desktop/soc_test/vadd_host/build/x86sim/CMakeFiles/CMakeTmp']
  ignore line: [Building CXX object CMakeFiles/cmTC_28097.dir/CMakeCXXCompilerABI.cpp.o]
  ignore line: [/usr/bin/g++   -v -o CMakeFiles/cmTC_28097.dir/CMakeCXXCompilerABI.cpp.o -c /tools/Xilinx/Vitis/2023.2/tps/lnx64/cmake-3.24.2/share/cmake-3.24/Modules/CMakeCXXCompilerABI.cpp]
  ignore line: [Using built-in specs.]
  ignore line: [COLLECT_GCC=/usr/bin/g++]
  ignore line: [OFFLOAD_TARGET_NAMES=nvptx-none:amdgcn-amdhsa]
  ignore line: [OFFLOAD_TARGET_DEFAULT=1]
  ignore line: [Target: x86_64-linux-gnu]
  ignore line: [Configured with: ../src/configure -v --with-pkgversion='Ubuntu 11.4.0-1ubuntu1~22.04' --with-bugurl=file:///usr/share/doc/gcc-11/README.Bugs --enable-languages=c ada c++ go brig d fortran objc obj-c++ m2 --prefix=/usr --with-gcc-major-version-only --program-suffix=-11 --program-prefix=x86_64-linux-gnu- --enable-shared --enable-linker-build-id --libexecdir=/usr/lib --without-included-gettext --enable-threads=posix --libdir=/usr/lib --enable-nls --enable-bootstrap --enable-clocale=gnu --enable-libstdcxx-debug --enable-libstdcxx-time=yes --with-default-libstdcxx-abi=new --enable-gnu-unique-object --disable-vtable-verify --enable-plugin --enable-default-pie --with-system-zlib --enable-libphobos-checking=release --with-target-system-zlib=auto --enable-objc-gc=auto --enable-multiarch --disable-werror --enable-cet --with-arch-32=i686 --with-abi=m64 --with-multilib-list=m32 m64 mx32 --enable-multilib --with-tune=generic --enable-offload-targets=nvptx-none=/build/gcc-11-XeT9lY/gcc-11-11.4.0/debian/tmp-nvptx/usr amdgcn-amdhsa=/build/gcc-11-XeT9lY/gcc-11-11.4.0/debian/tmp-gcn/usr --without-cuda-driver --enable-checking=release --build=x86_64-linux-gnu --host=x86_64-linux-gnu --target=x86_64-linux-gnu --with-build-config=bootstrap-lto-lean --enable-link-serialization=2]
  ignore line: [Thread model: posix]
  ignore line: [Supported LTO compression algorithms: zlib zstd]
  ignore line: [gcc version 11.4.0 (Ubuntu 11.4.0-1ubuntu1~22.04) ]
  ignore line: [COLLECT_GCC_OPTIONS='-v' '-o' 'CMakeFiles/cmTC_28097.dir/CMakeCXXCompilerABI.cpp.o' '-c' '-shared-libgcc' '-mtune=generic' '-march=x86-64' '-dumpdir' 'CMakeFiles/cmTC_28097.dir/']
  ignore line: [ /usr/lib/gcc/x86_64-linux-gnu/11/cc1plus -quiet -v -imultiarch x86_64-linux-gnu -D_GNU_SOURCE /tools/Xilinx/Vitis/2023.2/tps/lnx64/cmake-3.24.2/share/cmake-3.24/Modules/CMakeCXXCompilerABI.cpp -quiet -dumpdir CMakeFiles/cmTC_28097.dir/ -dumpbase CMakeCXXCompilerABI.cpp.cpp -dumpbase-ext .cpp -mtune=generic -march=x86-64 -version -fasynchronous-unwind-tables -fstack-protector-strong -Wformat -Wformat-security -fstack-clash-protection -fcf-protection -o /tmp/ccEGTl2Q.s]
  ignore line: [GNU C++17 (Ubuntu 11.4.0-1ubuntu1~22.04) version 11.4.0 (x86_64-linux-gnu)]
  ignore line: [	compiled by GNU C version 11.4.0  GMP version 6.2.1  MPFR version 4.1.0  MPC version 1.2.1  isl version isl-0.24-GMP]
  ignore line: []
  ignore line: [GGC heuristics: --param ggc-min-expand=100 --param ggc-min-heapsize=131072]
  ignore line: [ignoring duplicate directory "/usr/include/x86_64-linux-gnu/c++/11"]
  ignore line: [ignoring nonexistent directory "/usr/local/include/x86_64-linux-gnu"]
  ignore line: [ignoring nonexistent directory "/usr/lib/gcc/x86_64-linux-gnu/11/include-fixed"]
  ignore line: [ignoring nonexistent directory "/usr/lib/gcc/x86_64-linux-gnu/11/../../../../x86_64-linux-gnu/include"]
  ignore line: [#include "..." search starts here:]
  ignore line: [#include <...> search starts here:]
  ignore line: [ /usr/include/c++/11]
  ignore line: [ /usr/include/x86_64-linux-gnu/c++/11]
  ignore line: [ /usr/include/c++/11/backward]
  ignore line: [ /usr/lib/gcc/x86_64-linux-gnu/11/include]
  ignore line: [ /usr/local/include]
  ignore line: [ /usr/include/x86_64-linux-gnu]
  ignore line: [ /usr/include]
  ignore line: [End of search list.]
  ignore line: [GNU C++17 (Ubuntu 11.4.0-1ubuntu1~22.04) version 11.4.0 (x86_64-linux-gnu)]
  ignore line: [	compiled by GNU C version 11.4.0  GMP version 6.2.1  MPFR version 4.1.0  MPC version 1.2.1  isl version isl-0.24-GMP]
  ignore line: []
  ignore line: [GGC heuristics: --param ggc-min-expand=100 --param ggc-min-heapsize=131072]
  ignore line: [Compiler executable checksum: d591828bb4d392ae8b7b160e5bb0b95f]
  ignore line: [COLLECT_GCC_OPTIONS='-v' '-o' 'CMakeFiles/cmTC_28097.dir/CMakeCXXCompilerABI.cpp.o' '-c' '-shared-libgcc' '-mtune=generic' '-march=x86-64' '-dumpdir' 'CMakeFiles/cmTC_28097.dir/']
  ignore line: [ as -v --64 -o CMakeFiles/cmTC_28097.dir/CMakeCXXCompilerABI.cpp.o /tmp/ccEGTl2Q.s]
  ignore line: [GNU assembler version 2.38 (x86_64-linux-gnu) using BFD version (GNU Binutils for Ubuntu) 2.38]
  ignore line: [COMPILER_PATH=/usr/lib/gcc/x86_64-linux-gnu/11/:/usr/lib/gcc/x86_64-linux-gnu/11/:/usr/lib/gcc/x86_64-linux-gnu/:/usr/lib/gcc/x86_64-linux-gnu/11/:/usr/lib/gcc/x86_64-linux-gnu/]
  ignore line: [LIBRARY_PATH=/usr/lib/gcc/x86_64-linux-gnu/11/:/usr/lib/gcc/x86_64-linux-gnu/11/../../../x86_64-linux-gnu/:/usr/lib/gcc/x86_64-linux-gnu/11/../../../../lib/:/lib/x86_64-linux-gnu/:/lib/../lib/:/usr/lib/x86_64-linux-gnu/:/usr/lib/../lib/:/usr/lib/gcc/x86_64-linux-gnu/11/../../../:/lib/:/usr/lib/]
  ignore line: [COLLECT_GCC_OPTIONS='-v' '-o' 'CMakeFiles/cmTC_28097.dir/CMakeCXXCompilerABI.cpp.o' '-c' '-shared-libgcc' '-mtune=generic' '-march=x86-64' '-dumpdir' 'CMakeFiles/cmTC_28097.dir/CMakeCXXCompilerABI.cpp.']
  ignore line: [Linking CXX executable cmTC_28097]
  ignore line: [/tools/Xilinx/Vitis/2023.2/tps/lnx64/cmake-3.24.2/bin/cmake -E cmake_link_script CMakeFiles/cmTC_28097.dir/link.txt --verbose=1]
  ignore line: [/usr/bin/g++  -v CMakeFiles/cmTC_28097.dir/CMakeCXXCompilerABI.cpp.o -o cmTC_28097 ]
  ignore line: [Using built-in specs.]
  ignore line: [COLLECT_GCC=/usr/bin/g++]
  ignore line: [COLLECT_LTO_WRAPPER=/usr/lib/gcc/x86_64-linux-gnu/11/lto-wrapper]
  ignore line: [OFFLOAD_TARGET_NAMES=nvptx-none:amdgcn-amdhsa]
  ignore line: [OFFLOAD_TARGET_DEFAULT=1]
  ignore line: [Target: x86_64-linux-gnu]
  ignore line: [Configured with: ../src/configure -v --with-pkgversion='Ubuntu 11.4.0-1ubuntu1~22.04' --with-bugurl=file:///usr/share/doc/gcc-11/README.Bugs --enable-languages=c ada c++ go brig d fortran objc obj-c++ m2 --prefix=/usr --with-gcc-major-version-only --program-suffix=-11 --program-prefix=x86_64-linux-gnu- --enable-shared --enable-linker-build-id --libexecdir=/usr/lib --without-included-gettext --enable-threads=posix --libdir=/usr/lib --enable-nls --enable-bootstrap --enable-clocale=gnu --enable-libstdcxx-debug --enable-libstdcxx-time=yes --with-default-libstdcxx-abi=new --enable-gnu-unique-object --disable-vtable-verify --enable-plugin --enable-default-pie --with-system-zlib --enable-libphobos-checking=release --with-target-system-zlib=auto --enable-objc-gc=auto --enable-multiarch --disable-werror --enable-cet --with-arch-32=i686 --with-abi=m64 --with-multilib-list=m32 m64 mx32 --enable-multilib --with-tune=generic --enable-offload-targets=nvptx-none=/build/gcc-11-XeT9lY/gcc-11-11.4.0/debian/tmp-nvptx/usr amdgcn-amdhsa=/build/gcc-11-XeT9lY/gcc-11-11.4.0/debian/tmp-gcn/usr --without-cuda-driver --enable-checking=release --build=x86_64-linux-gnu --host=x86_64-linux-gnu --target=x86_64-linux-gnu --with-build-config=bootstrap-lto-lean --enable-link-serialization=2]
  ignore line: [Thread model: posix]
  ignore line: [Supported LTO compression algorithms: zlib zstd]
  ignore line: [gcc version 11.4.0 (Ubuntu 11.4.0-1ubuntu1~22.04) ]
  ignore line: [COMPILER_PATH=/usr/lib/gcc/x86_64-linux-gnu/11/:/usr/lib/gcc/x86_64-linux-gnu/11/:/usr/lib/gcc/x86_64-linux-gnu/:/usr/lib/gcc/x86_64-linux-gnu/11/:/usr/lib/gcc/x86_64-linux-gnu/]
  ignore line: [LIBRARY_PATH=/usr/lib/gcc/x86_64-linux-gnu/11/:/usr/lib/gcc/x86_64-linux-gnu/11/../../../x86_64-linux-gnu/:/usr/lib/gcc/x86_64-linux-gnu/11/../../../../lib/:/lib/x86_64-linux-gnu/:/lib/../lib/:/usr/lib/x86_64-linux-gnu/:/usr/lib/../lib/:/usr/lib/gcc/x86_64-linux-gnu/11/../../../:/lib/:/usr/lib/]
  ignore line: [COLLECT_GCC_OPTIONS='-v' '-o' 'cmTC_28097' '-shared-libgcc' '-mtune=generic' '-march=x86-64' '-dumpdir' 'cmTC_28097.']
  link line: [ /usr/lib/gcc/x86_64-linux-gnu/11/collect2 -plugin /usr/lib/gcc/x86_64-linux-gnu/11/liblto_plugin.so -plugin-opt=/usr/lib/gcc/x86_64-linux-gnu/11/lto-wrapper -plugin-opt=-fresolution=/tmp/ccobkvah.res -plugin-opt=-pass-through=-lgcc_s -plugin-opt=-pass-through=-lgcc -plugin-opt=-pass-through=-lc -plugin-opt=-pass-through=-lgcc_s -plugin-opt=-pass-through=-lgcc --build-id --eh-frame-hdr -m elf_x86_64 --hash-style=gnu --as-needed -dynamic-linker /lib64/ld-linux-x86-64.so.2 -pie -z now -z relro -o cmTC_28097 /usr/lib/gcc/x86_64-linux-gnu/11/../../../x86_64-linux-gnu/Scrt1.o /usr/lib/gcc/x86_64-linux-gnu/11/../../../x86_64-linux-gnu/crti.o /usr/lib/gcc/x86_64-linux-gnu/11/crtbeginS.o -L/usr/lib/gcc/x86_64-linux-gnu/11 -L/usr/lib/gcc/x86_64-linux-gnu/11/../../../x86_64-linux-gnu -L/usr/lib/gcc/x86_64-linux-gnu/11/../../../../lib -L/lib/x86_64-linux-gnu -L/lib/../lib -L/usr/lib/x86_64-linux-gnu -L/usr/lib/../lib -L/usr/lib/gcc/x86_64-linux-gnu/11/../../.. CMakeFiles/cmTC_28097.dir/CMakeCXXCompilerABI.cpp.o -lstdc++ -lm -lgcc_s -lgcc -lc -lgcc_s -lgcc /usr/lib/gcc/x86_64-linux-gnu/11/crtendS.o /usr/lib/gcc/x86_64-linux-gnu/11/../../../x86_64-linux-gnu/crtn.o]
    arg [/usr/lib/gcc/x86_64-linux-gnu/11/collect2] ==> ignore
    arg [-plugin] ==> ignore
    arg [/usr/lib/gcc/x86_64-linux-gnu/11/liblto_plugin.so] ==> ignore
    arg [-plugin-opt=/usr/lib/gcc/x86_64-linux-gnu/11/lto-wrapper] ==> ignore
    arg [-plugin-opt=-fresolution=/tmp/ccobkvah.res] ==> ignore
    arg [-plugin-opt=-pass-through=-lgcc_s] ==> ignore
    arg [-plugin-opt=-pass-through=-lgcc] ==> ignore
    arg [-plugin-opt=-pass-through=-lc] ==> ignore
    arg [-plugin-opt=-pass-through=-lgcc_s] ==> ignore
    arg [-plugin-opt=-pass-through=-lgcc] ==> ignore
    arg [--build-id] ==> ignore
    arg [--eh-frame-hdr] ==> ignore
    arg [-m] ==> ignore
    arg [elf_x86_64] ==> ignore
    arg [--hash-style=gnu] ==> ignore
    arg [--as-needed] ==> ignore
    arg [-dynamic-linker] ==> ignore
    arg [/lib64/ld-linux-x86-64.so.2] ==> ignore
    arg [-pie] ==> ignore
    arg [-znow] ==> ignore
    arg [-zrelro] ==> ignore
    arg [-o] ==> ignore
    arg [cmTC_28097] ==> ignore
    arg [/usr/lib/gcc/x86_64-linux-gnu/11/../../../x86_64-linux-gnu/Scrt1.o] ==> obj [/usr/lib/gcc/x86_64-linux-gnu/11/../../../x86_64-linux-gnu/Scrt1.o]
    arg [/usr/lib/gcc/x86_64-linux-gnu/11/../../../x86_64-linux-gnu/crti.o] ==> obj [/usr/lib/gcc/x86_64-linux-gnu/11/../../../x86_64-linux-gnu/crti.o]
    arg [/usr/lib/gcc/x86_64-linux-gnu/11/crtbeginS.o] ==> obj [/usr/lib/gcc/x86_64-linux-gnu/11/crtbeginS.o]
    arg [-L/usr/lib/gcc/x86_64-linux-gnu/11] ==> dir [/usr/lib/gcc/x86_64-linux-gnu/11]
    arg [-L/usr/lib/gcc/x86_64-linux-gnu/11/../../../x86_64-linux-gnu] ==> dir [/usr/lib/gcc/x86_64-linux-gnu/11/../../../x86_64-linux-gnu]
    arg [-L/usr/lib/gcc/x86_64-linux-gnu/11/../../../../lib] ==> dir [/usr/lib/gcc/x86_64-linux-gnu/11/../../../../lib]
    arg [-L/lib/x86_64-linux-gnu] ==> dir [/lib/x86_64-linux-gnu]
    arg [-L/lib/../lib] ==> dir [/lib/../lib]
    arg [-L/usr/lib/x86_64-linux-gnu] ==> dir [/usr/lib/x86_64-linux-gnu]
    arg [-L/usr/lib/../lib] ==> dir [/usr/lib/../lib]
    arg [-L/usr/lib/gcc/x86_64-linux-gnu/11/../../..] ==> dir [/usr/lib/gcc/x86_64-linux-gnu/11/../../..]
    arg [CMakeFiles/cmTC_28097.dir/CMakeCXXCompilerABI.cpp.o] ==> ignore
    arg [-lstdc++] ==> lib [stdc++]
    arg [-lm] ==> lib [m]
    arg [-lgcc_s] ==> lib [gcc_s]
    arg [-lgcc] ==> lib [gcc]
    arg [-lc] ==> lib [c]
    arg [-lgcc_s] ==> lib [gcc_s]
    arg [-lgcc] ==> lib [gcc]
    arg [/usr/lib/gcc/x86_64-linux-gnu/11/crtendS.o] ==> obj [/usr/lib/gcc/x86_64-linux-gnu/11/crtendS.o]
    arg [/usr/lib/gcc/x86_64-linux-gnu/11/../../../x86_64-linux-gnu/crtn.o] ==> obj [/usr/lib/gcc/x86_64-linux-gnu/11/../../../x86_64-linux-gnu/crtn.o]
  collapse obj [/usr/lib/gcc/x86_64-linux-gnu/11/../../../x86_64-linux-gnu/Scrt1.o] ==> [/usr/lib/x86_64-linux-gnu/Scrt1.o]
  collapse obj [/usr/lib/gcc/x86_64-linux-gnu/11/../../../x86_64-linux-gnu/crti.o] ==> [/usr/lib/x86_64-linux-gnu/crti.o]
  collapse obj [/usr/lib/gcc/x86_64-linux-gnu/11/../../../x86_64-linux-gnu/crtn.o] ==> [/usr/lib/x86_64-linux-gnu/crtn.o]
  collapse library dir [/usr/lib/gcc/x86_64-linux-gnu/11] ==> [/usr/lib/gcc/x86_64-linux-gnu/11]
  collapse library dir [/usr/lib/gcc/x86_64-linux-gnu/11/../../../x86_64-linux-gnu] ==> [/usr/lib/x86_64-linux-gnu]
  collapse library dir [/usr/lib/gcc/x86_64-linux-gnu/11/../../../../lib] ==> [/usr/lib]
  collapse library dir [/lib/x86_64-linux-gnu] ==> [/lib/x86_64-linux-gnu]
  collapse library dir [/lib/../lib] ==> [/lib]
  collapse library dir [/usr/lib/x86_64-linux-gnu] ==> [/usr/lib/x86_64-linux-gnu]
  collapse library dir [/usr/lib/../lib] ==> [/usr/lib]
  collapse library dir [/usr/lib/gcc/x86_64-linux-gnu/11/../../..] ==> [/usr/lib]
  implicit libs: [stdc++;m;gcc_s;gcc;c;gcc_s;gcc]
  implicit objs: [/usr/lib/x86_64-linux-gnu/Scrt1.o;/usr/lib/x86_64-linux-gnu/crti.o;/usr/lib/gcc/x86_64-linux-gnu/11/crtbeginS.o;/usr/lib/gcc/x86_64-linux-gnu/11/crtendS.o;/usr/lib/x86_64-linux-gnu/crtn.o]
  implicit dirs: [/usr/lib/gcc/x86_64-linux-gnu/11;/usr/lib/x86_64-linux-gnu;/usr/lib;/lib/x86_64-linux-gnu;/lib]
  implicit fwks: []


Determining if the CL_VERSION_3_0 exist passed with the following output:
Change Dir: /home/yzwu/Desktop/soc_test/vadd_host/build/x86sim/CMakeFiles/CMakeTmp

Run Build Command(s):/usr/bin/gmake -f Makefile cmTC_c2c44/fast && /usr/bin/gmake  -f CMakeFiles/cmTC_c2c44.dir/build.make CMakeFiles/cmTC_c2c44.dir/build
gmake[1]: Entering directory '/home/yzwu/Desktop/soc_test/vadd_host/build/x86sim/CMakeFiles/CMakeTmp'
Building C object CMakeFiles/cmTC_c2c44.dir/CheckSymbolExists.c.o
/usr/bin/gcc    -o CMakeFiles/cmTC_c2c44.dir/CheckSymbolExists.c.o -c /home/yzwu/Desktop/soc_test/vadd_host/build/x86sim/CMakeFiles/CMakeTmp/CheckSymbolExists.c
In file included from /usr/include/CL/cl.h:20,
                 from /home/yzwu/Desktop/soc_test/vadd_host/build/x86sim/CMakeFiles/CMakeTmp/CheckSymbolExists.c:2:
/usr/include/CL/cl_version.h:22:9: note: ‘#pragma message: cl_version.h: CL_TARGET_OPENCL_VERSION is not defined. Defaulting to 300 (OpenCL 3.0)’
   22 | #pragma message("cl_version.h: CL_TARGET_OPENCL_VERSION is not defined. Defaulting to 300 (OpenCL 3.0)")
      |         ^~~~~~~
Linking C executable cmTC_c2c44
/tools/Xilinx/Vitis/2023.2/tps/lnx64/cmake-3.24.2/bin/cmake -E cmake_link_script CMakeFiles/cmTC_c2c44.dir/link.txt --verbose=1
/usr/bin/gcc CMakeFiles/cmTC_c2c44.dir/CheckSymbolExists.c.o -o cmTC_c2c44 
gmake[1]: Leaving directory '/home/yzwu/Desktop/soc_test/vadd_host/build/x86sim/CMakeFiles/CMakeTmp'


File /home/yzwu/Desktop/soc_test/vadd_host/build/x86sim/CMakeFiles/CMakeTmp/CheckSymbolExists.c:
/* */
#include </usr/include/CL/cl.h>

int main(int argc, char** argv)
{
  (void)argv;
#ifndef CL_VERSION_3_0
  return ((int*)(&CL_VERSION_3_0))[argc];
#else
  (void)argc;
  return 0;
#endif
}
The system is: Linux - 6.5.0-15-generic - x86_64
Compiling the C compiler identification source file "CMakeCCompilerId.c" succeeded.
Compiler: /usr/bin/gcc 
Build flags: 
Id flags:  

The output was:
0


Compilation of the C compiler identification source "CMakeCCompilerId.c" produced "a.out"

The C compiler identification is GNU, found in "/home/yzwu/Desktop/soc_test/vadd_host/build/x86sim/CMakeFiles/3.24.2/CompilerIdC/a.out"

Compiling the CXX compiler identification source file "CMakeCXXCompilerId.cpp" succeeded.
Compiler: /usr/bin/g++ 
Build flags: 
Id flags:  

The output was:
0


Compilation of the CXX compiler identification source "CMakeCXXCompilerId.cpp" produced "a.out"

The CXX compiler identification is GNU, found in "/home/yzwu/Desktop/soc_test/vadd_host/build/x86sim/CMakeFiles/3.24.2/CompilerIdCXX/a.out"

Detecting C compiler ABI info compiled with the following output:
Change Dir: /home/yzwu/Desktop/soc_test/vadd_host/build/x86sim/CMakeFiles/CMakeTmp

Run Build Command(s):/usr/bin/gmake -f Makefile cmTC_33486/fast && /usr/bin/gmake  -f CMakeFiles/cmTC_33486.dir/build.make CMakeFiles/cmTC_33486.dir/build
gmake[1]: Entering directory '/home/yzwu/Desktop/soc_test/vadd_host/build/x86sim/CMakeFiles/CMakeTmp'
Building C object CMakeFiles/cmTC_33486.dir/CMakeCCompilerABI.c.o
/usr/bin/gcc   -v -o CMakeFiles/cmTC_33486.dir/CMakeCCompilerABI.c.o -c /tools/Xilinx/Vitis/2023.2/tps/lnx64/cmake-3.24.2/share/cmake-3.24/Modules/CMakeCCompilerABI.c
Using built-in specs.
COLLECT_GCC=/usr/bin/gcc
OFFLOAD_TARGET_NAMES=nvptx-none:amdgcn-amdhsa
OFFLOAD_TARGET_DEFAULT=1
Target: x86_64-linux-gnu
Configured with: ../src/configure -v --with-pkgversion='Ubuntu 11.4.0-1ubuntu1~22.04' --with-bugurl=file:///usr/share/doc/gcc-11/README.Bugs --enable-languages=c,ada,c++,go,brig,d,fortran,objc,obj-c++,m2 --prefix=/usr --with-gcc-major-version-only --program-suffix=-11 --program-prefix=x86_64-linux-gnu- --enable-shared --enable-linker-build-id --libexecdir=/usr/lib --without-included-gettext --enable-threads=posix --libdir=/usr/lib --enable-nls --enable-bootstrap --enable-clocale=gnu --enable-libstdcxx-debug --enable-libstdcxx-time=yes --with-default-libstdcxx-abi=new --enable-gnu-unique-object --disable-vtable-verify --enable-plugin --enable-default-pie --with-system-zlib --enable-libphobos-checking=release --with-target-system-zlib=auto --enable-objc-gc=auto --enable-multiarch --disable-werror --enable-cet --with-arch-32=i686 --with-abi=m64 --with-multilib-list=m32,m64,mx32 --enable-multilib --with-tune=generic --enable-offload-targets=nvptx-none=/build/gcc-11-XeT9lY/gcc-11-11.4.0/debian/tmp-nvptx/usr,amdgcn-amdhsa=/build/gcc-11-XeT9lY/gcc-11-11.4.0/debian/tmp-gcn/usr --without-cuda-driver --enable-checking=release --build=x86_64-linux-gnu --host=x86_64-linux-gnu --target=x86_64-linux-gnu --with-build-config=bootstrap-lto-lean --enable-link-serialization=2
Thread model: posix
Supported LTO compression algorithms: zlib zstd
gcc version 11.4.0 (Ubuntu 11.4.0-1ubuntu1~22.04) 
COLLECT_GCC_OPTIONS='-v' '-o' 'CMakeFiles/cmTC_33486.dir/CMakeCCompilerABI.c.o' '-c' '-mtune=generic' '-march=x86-64' '-dumpdir' 'CMakeFiles/cmTC_33486.dir/'
 /usr/lib/gcc/x86_64-linux-gnu/11/cc1 -quiet -v -imultiarch x86_64-linux-gnu /tools/Xilinx/Vitis/2023.2/tps/lnx64/cmake-3.24.2/share/cmake-3.24/Modules/CMakeCCompilerABI.c -quiet -dumpdir CMakeFiles/cmTC_33486.dir/ -dumpbase CMakeCCompilerABI.c.c -dumpbase-ext .c -mtune=generic -march=x86-64 -version -fasynchronous-unwind-tables -fstack-protector-strong -Wformat -Wformat-security -fstack-clash-protection -fcf-protection -o /tmp/ccZqy44J.s
GNU C17 (Ubuntu 11.4.0-1ubuntu1~22.04) version 11.4.0 (x86_64-linux-gnu)
	compiled by GNU C version 11.4.0, GMP version 6.2.1, MPFR version 4.1.0, MPC version 1.2.1, isl version isl-0.24-GMP

GGC heuristics: --param ggc-min-expand=100 --param ggc-min-heapsize=131072
ignoring nonexistent directory "/usr/local/include/x86_64-linux-gnu"
ignoring nonexistent directory "/usr/lib/gcc/x86_64-linux-gnu/11/include-fixed"
ignoring nonexistent directory "/usr/lib/gcc/x86_64-linux-gnu/11/../../../../x86_64-linux-gnu/include"
#include "..." search starts here:
#include <...> search starts here:
 /usr/lib/gcc/x86_64-linux-gnu/11/include
 /usr/local/include
 /usr/include/x86_64-linux-gnu
 /usr/include
End of search list.
GNU C17 (Ubuntu 11.4.0-1ubuntu1~22.04) version 11.4.0 (x86_64-linux-gnu)
	compiled by GNU C version 11.4.0, GMP version 6.2.1, MPFR version 4.1.0, MPC version 1.2.1, isl version isl-0.24-GMP

GGC heuristics: --param ggc-min-expand=100 --param ggc-min-heapsize=131072
Compiler executable checksum: 50eaa2331df977b8016186198deb2d18
COLLECT_GCC_OPTIONS='-v' '-o' 'CMakeFiles/cmTC_33486.dir/CMakeCCompilerABI.c.o' '-c' '-mtune=generic' '-march=x86-64' '-dumpdir' 'CMakeFiles/cmTC_33486.dir/'
 as -v --64 -o CMakeFiles/cmTC_33486.dir/CMakeCCompilerABI.c.o /tmp/ccZqy44J.s
GNU assembler version 2.38 (x86_64-linux-gnu) using BFD version (GNU Binutils for Ubuntu) 2.38
COMPILER_PATH=/usr/lib/gcc/x86_64-linux-gnu/11/:/usr/lib/gcc/x86_64-linux-gnu/11/:/usr/lib/gcc/x86_64-linux-gnu/:/usr/lib/gcc/x86_64-linux-gnu/11/:/usr/lib/gcc/x86_64-linux-gnu/
LIBRARY_PATH=/usr/lib/gcc/x86_64-linux-gnu/11/:/usr/lib/gcc/x86_64-linux-gnu/11/../../../x86_64-linux-gnu/:/usr/lib/gcc/x86_64-linux-gnu/11/../../../../lib/:/lib/x86_64-linux-gnu/:/lib/../lib/:/usr/lib/x86_64-linux-gnu/:/usr/lib/../lib/:/usr/lib/gcc/x86_64-linux-gnu/11/../../../:/lib/:/usr/lib/
COLLECT_GCC_OPTIONS='-v' '-o' 'CMakeFiles/cmTC_33486.dir/CMakeCCompilerABI.c.o' '-c' '-mtune=generic' '-march=x86-64' '-dumpdir' 'CMakeFiles/cmTC_33486.dir/CMakeCCompilerABI.c.'
Linking C executable cmTC_33486
/tools/Xilinx/Vitis/2023.2/tps/lnx64/cmake-3.24.2/bin/cmake -E cmake_link_script CMakeFiles/cmTC_33486.dir/link.txt --verbose=1
/usr/bin/gcc  -v CMakeFiles/cmTC_33486.dir/CMakeCCompilerABI.c.o -o cmTC_33486 
Using built-in specs.
COLLECT_GCC=/usr/bin/gcc
COLLECT_LTO_WRAPPER=/usr/lib/gcc/x86_64-linux-gnu/11/lto-wrapper
OFFLOAD_TARGET_NAMES=nvptx-none:amdgcn-amdhsa
OFFLOAD_TARGET_DEFAULT=1
Target: x86_64-linux-gnu
Configured with: ../src/configure -v --with-pkgversion='Ubuntu 11.4.0-1ubuntu1~22.04' --with-bugurl=file:///usr/share/doc/gcc-11/README.Bugs --enable-languages=c,ada,c++,go,brig,d,fortran,objc,obj-c++,m2 --prefix=/usr --with-gcc-major-version-only --program-suffix=-11 --program-prefix=x86_64-linux-gnu- --enable-shared --enable-linker-build-id --libexecdir=/usr/lib --without-included-gettext --enable-threads=posix --libdir=/usr/lib --enable-nls --enable-bootstrap --enable-clocale=gnu --enable-libstdcxx-debug --enable-libstdcxx-time=yes --with-default-libstdcxx-abi=new --enable-gnu-unique-object --disable-vtable-verify --enable-plugin --enable-default-pie --with-system-zlib --enable-libphobos-checking=release --with-target-system-zlib=auto --enable-objc-gc=auto --enable-multiarch --disable-werror --enable-cet --with-arch-32=i686 --with-abi=m64 --with-multilib-list=m32,m64,mx32 --enable-multilib --with-tune=generic --enable-offload-targets=nvptx-none=/build/gcc-11-XeT9lY/gcc-11-11.4.0/debian/tmp-nvptx/usr,amdgcn-amdhsa=/build/gcc-11-XeT9lY/gcc-11-11.4.0/debian/tmp-gcn/usr --without-cuda-driver --enable-checking=release --build=x86_64-linux-gnu --host=x86_64-linux-gnu --target=x86_64-linux-gnu --with-build-config=bootstrap-lto-lean --enable-link-serialization=2
Thread model: posix
Supported LTO compression algorithms: zlib zstd
gcc version 11.4.0 (Ubuntu 11.4.0-1ubuntu1~22.04) 
COMPILER_PATH=/usr/lib/gcc/x86_64-linux-gnu/11/:/usr/lib/gcc/x86_64-linux-gnu/11/:/usr/lib/gcc/x86_64-linux-gnu/:/usr/lib/gcc/x86_64-linux-gnu/11/:/usr/lib/gcc/x86_64-linux-gnu/
LIBRARY_PATH=/usr/lib/gcc/x86_64-linux-gnu/11/:/usr/lib/gcc/x86_64-linux-gnu/11/../../../x86_64-linux-gnu/:/usr/lib/gcc/x86_64-linux-gnu/11/../../../../lib/:/lib/x86_64-linux-gnu/:/lib/../lib/:/usr/lib/x86_64-linux-gnu/:/usr/lib/../lib/:/usr/lib/gcc/x86_64-linux-gnu/11/../../../:/lib/:/usr/lib/
COLLECT_GCC_OPTIONS='-v' '-o' 'cmTC_33486' '-mtune=generic' '-march=x86-64' '-dumpdir' 'cmTC_33486.'
 /usr/lib/gcc/x86_64-linux-gnu/11/collect2 -plugin /usr/lib/gcc/x86_64-linux-gnu/11/liblto_plugin.so -plugin-opt=/usr/lib/gcc/x86_64-linux-gnu/11/lto-wrapper -plugin-opt=-fresolution=/tmp/cchdlrSb.res -plugin-opt=-pass-through=-lgcc -plugin-opt=-pass-through=-lgcc_s -plugin-opt=-pass-through=-lc -plugin-opt=-pass-through=-lgcc -plugin-opt=-pass-through=-lgcc_s --build-id --eh-frame-hdr -m elf_x86_64 --hash-style=gnu --as-needed -dynamic-linker /lib64/ld-linux-x86-64.so.2 -pie -z now -z relro -o cmTC_33486 /usr/lib/gcc/x86_64-linux-gnu/11/../../../x86_64-linux-gnu/Scrt1.o /usr/lib/gcc/x86_64-linux-gnu/11/../../../x86_64-linux-gnu/crti.o /usr/lib/gcc/x86_64-linux-gnu/11/crtbeginS.o -L/usr/lib/gcc/x86_64-linux-gnu/11 -L/usr/lib/gcc/x86_64-linux-gnu/11/../../../x86_64-linux-gnu -L/usr/lib/gcc/x86_64-linux-gnu/11/../../../../lib -L/lib/x86_64-linux-gnu -L/lib/../lib -L/usr/lib/x86_64-linux-gnu -L/usr/lib/../lib -L/usr/lib/gcc/x86_64-linux-gnu/11/../../.. CMakeFiles/cmTC_33486.dir/CMakeCCompilerABI.c.o -lgcc --push-state --as-needed -lgcc_s --pop-state -lc -lgcc --push-state --as-needed -lgcc_s --pop-state /usr/lib/gcc/x86_64-linux-gnu/11/crtendS.o /usr/lib/gcc/x86_64-linux-gnu/11/../../../x86_64-linux-gnu/crtn.o
COLLECT_GCC_OPTIONS='-v' '-o' 'cmTC_33486' '-mtune=generic' '-march=x86-64' '-dumpdir' 'cmTC_33486.'
gmake[1]: Leaving directory '/home/yzwu/Desktop/soc_test/vadd_host/build/x86sim/CMakeFiles/CMakeTmp'



Parsed C implicit include dir info from above output: rv=done
  found start of include info
  found start of implicit include info
    add: [/usr/lib/gcc/x86_64-linux-gnu/11/include]
    add: [/usr/local/include]
    add: [/usr/include/x86_64-linux-gnu]
    add: [/usr/include]
  end of search list found
  collapse include dir [/usr/lib/gcc/x86_64-linux-gnu/11/include] ==> [/usr/lib/gcc/x86_64-linux-gnu/11/include]
  collapse include dir [/usr/local/include] ==> [/usr/local/include]
  collapse include dir [/usr/include/x86_64-linux-gnu] ==> [/usr/include/x86_64-linux-gnu]
  collapse include dir [/usr/include] ==> [/usr/include]
  implicit include dirs: [/usr/lib/gcc/x86_64-linux-gnu/11/include;/usr/local/include;/usr/include/x86_64-linux-gnu;/usr/include]


Parsed C implicit link information from above output:
  link line regex: [^( *|.*[/\])(ld|CMAKE_LINK_STARTFILE-NOTFOUND|([^/\]+-)?ld|collect2)[^/\]*( |$)]
  ignore line: [Change Dir: /home/yzwu/Desktop/soc_test/vadd_host/build/x86sim/CMakeFiles/CMakeTmp]
  ignore line: []
  ignore line: [Run Build Command(s):/usr/bin/gmake -f Makefile cmTC_33486/fast && /usr/bin/gmake  -f CMakeFiles/cmTC_33486.dir/build.make CMakeFiles/cmTC_33486.dir/build]
  ignore line: [gmake[1]: Entering directory '/home/yzwu/Desktop/soc_test/vadd_host/build/x86sim/CMakeFiles/CMakeTmp']
  ignore line: [Building C object CMakeFiles/cmTC_33486.dir/CMakeCCompilerABI.c.o]
  ignore line: [/usr/bin/gcc   -v -o CMakeFiles/cmTC_33486.dir/CMakeCCompilerABI.c.o -c /tools/Xilinx/Vitis/2023.2/tps/lnx64/cmake-3.24.2/share/cmake-3.24/Modules/CMakeCCompilerABI.c]
  ignore line: [Using built-in specs.]
  ignore line: [COLLECT_GCC=/usr/bin/gcc]
  ignore line: [OFFLOAD_TARGET_NAMES=nvptx-none:amdgcn-amdhsa]
  ignore line: [OFFLOAD_TARGET_DEFAULT=1]
  ignore line: [Target: x86_64-linux-gnu]
  ignore line: [Configured with: ../src/configure -v --with-pkgversion='Ubuntu 11.4.0-1ubuntu1~22.04' --with-bugurl=file:///usr/share/doc/gcc-11/README.Bugs --enable-languages=c ada c++ go brig d fortran objc obj-c++ m2 --prefix=/usr --with-gcc-major-version-only --program-suffix=-11 --program-prefix=x86_64-linux-gnu- --enable-shared --enable-linker-build-id --libexecdir=/usr/lib --without-included-gettext --enable-threads=posix --libdir=/usr/lib --enable-nls --enable-bootstrap --enable-clocale=gnu --enable-libstdcxx-debug --enable-libstdcxx-time=yes --with-default-libstdcxx-abi=new --enable-gnu-unique-object --disable-vtable-verify --enable-plugin --enable-default-pie --with-system-zlib --enable-libphobos-checking=release --with-target-system-zlib=auto --enable-objc-gc=auto --enable-multiarch --disable-werror --enable-cet --with-arch-32=i686 --with-abi=m64 --with-multilib-list=m32 m64 mx32 --enable-multilib --with-tune=generic --enable-offload-targets=nvptx-none=/build/gcc-11-XeT9lY/gcc-11-11.4.0/debian/tmp-nvptx/usr amdgcn-amdhsa=/build/gcc-11-XeT9lY/gcc-11-11.4.0/debian/tmp-gcn/usr --without-cuda-driver --enable-checking=release --build=x86_64-linux-gnu --host=x86_64-linux-gnu --target=x86_64-linux-gnu --with-build-config=bootstrap-lto-lean --enable-link-serialization=2]
  ignore line: [Thread model: posix]
  ignore line: [Supported LTO compression algorithms: zlib zstd]
  ignore line: [gcc version 11.4.0 (Ubuntu 11.4.0-1ubuntu1~22.04) ]
  ignore line: [COLLECT_GCC_OPTIONS='-v' '-o' 'CMakeFiles/cmTC_33486.dir/CMakeCCompilerABI.c.o' '-c' '-mtune=generic' '-march=x86-64' '-dumpdir' 'CMakeFiles/cmTC_33486.dir/']
  ignore line: [ /usr/lib/gcc/x86_64-linux-gnu/11/cc1 -quiet -v -imultiarch x86_64-linux-gnu /tools/Xilinx/Vitis/2023.2/tps/lnx64/cmake-3.24.2/share/cmake-3.24/Modules/CMakeCCompilerABI.c -quiet -dumpdir CMakeFiles/cmTC_33486.dir/ -dumpbase CMakeCCompilerABI.c.c -dumpbase-ext .c -mtune=generic -march=x86-64 -version -fasynchronous-unwind-tables -fstack-protector-strong -Wformat -Wformat-security -fstack-clash-protection -fcf-protection -o /tmp/ccZqy44J.s]
  ignore line: [GNU C17 (Ubuntu 11.4.0-1ubuntu1~22.04) version 11.4.0 (x86_64-linux-gnu)]
  ignore line: [	compiled by GNU C version 11.4.0  GMP version 6.2.1  MPFR version 4.1.0  MPC version 1.2.1  isl version isl-0.24-GMP]
  ignore line: []
  ignore line: [GGC heuristics: --param ggc-min-expand=100 --param ggc-min-heapsize=131072]
  ignore line: [ignoring nonexistent directory "/usr/local/include/x86_64-linux-gnu"]
  ignore line: [ignoring nonexistent directory "/usr/lib/gcc/x86_64-linux-gnu/11/include-fixed"]
  ignore line: [ignoring nonexistent directory "/usr/lib/gcc/x86_64-linux-gnu/11/../../../../x86_64-linux-gnu/include"]
  ignore line: [#include "..." search starts here:]
  ignore line: [#include <...> search starts here:]
  ignore line: [ /usr/lib/gcc/x86_64-linux-gnu/11/include]
  ignore line: [ /usr/local/include]
  ignore line: [ /usr/include/x86_64-linux-gnu]
  ignore line: [ /usr/include]
  ignore line: [End of search list.]
  ignore line: [GNU C17 (Ubuntu 11.4.0-1ubuntu1~22.04) version 11.4.0 (x86_64-linux-gnu)]
  ignore line: [	compiled by GNU C version 11.4.0  GMP version 6.2.1  MPFR version 4.1.0  MPC version 1.2.1  isl version isl-0.24-GMP]
  ignore line: []
  ignore line: [GGC heuristics: --param ggc-min-expand=100 --param ggc-min-heapsize=131072]
  ignore line: [Compiler executable checksum: 50eaa2331df977b8016186198deb2d18]
  ignore line: [COLLECT_GCC_OPTIONS='-v' '-o' 'CMakeFiles/cmTC_33486.dir/CMakeCCompilerABI.c.o' '-c' '-mtune=generic' '-march=x86-64' '-dumpdir' 'CMakeFiles/cmTC_33486.dir/']
  ignore line: [ as -v --64 -o CMakeFiles/cmTC_33486.dir/CMakeCCompilerABI.c.o /tmp/ccZqy44J.s]
  ignore line: [GNU assembler version 2.38 (x86_64-linux-gnu) using BFD version (GNU Binutils for Ubuntu) 2.38]
  ignore line: [COMPILER_PATH=/usr/lib/gcc/x86_64-linux-gnu/11/:/usr/lib/gcc/x86_64-linux-gnu/11/:/usr/lib/gcc/x86_64-linux-gnu/:/usr/lib/gcc/x86_64-linux-gnu/11/:/usr/lib/gcc/x86_64-linux-gnu/]
  ignore line: [LIBRARY_PATH=/usr/lib/gcc/x86_64-linux-gnu/11/:/usr/lib/gcc/x86_64-linux-gnu/11/../../../x86_64-linux-gnu/:/usr/lib/gcc/x86_64-linux-gnu/11/../../../../lib/:/lib/x86_64-linux-gnu/:/lib/../lib/:/usr/lib/x86_64-linux-gnu/:/usr/lib/../lib/:/usr/lib/gcc/x86_64-linux-gnu/11/../../../:/lib/:/usr/lib/]
  ignore line: [COLLECT_GCC_OPTIONS='-v' '-o' 'CMakeFiles/cmTC_33486.dir/CMakeCCompilerABI.c.o' '-c' '-mtune=generic' '-march=x86-64' '-dumpdir' 'CMakeFiles/cmTC_33486.dir/CMakeCCompilerABI.c.']
  ignore line: [Linking C executable cmTC_33486]
  ignore line: [/tools/Xilinx/Vitis/2023.2/tps/lnx64/cmake-3.24.2/bin/cmake -E cmake_link_script CMakeFiles/cmTC_33486.dir/link.txt --verbose=1]
  ignore line: [/usr/bin/gcc  -v CMakeFiles/cmTC_33486.dir/CMakeCCompilerABI.c.o -o cmTC_33486 ]
  ignore line: [Using built-in specs.]
  ignore line: [COLLECT_GCC=/usr/bin/gcc]
  ignore line: [COLLECT_LTO_WRAPPER=/usr/lib/gcc/x86_64-linux-gnu/11/lto-wrapper]
  ignore line: [OFFLOAD_TARGET_NAMES=nvptx-none:amdgcn-amdhsa]
  ignore line: [OFFLOAD_TARGET_DEFAULT=1]
  ignore line: [Target: x86_64-linux-gnu]
  ignore line: [Configured with: ../src/configure -v --with-pkgversion='Ubuntu 11.4.0-1ubuntu1~22.04' --with-bugurl=file:///usr/share/doc/gcc-11/README.Bugs --enable-languages=c ada c++ go brig d fortran objc obj-c++ m2 --prefix=/usr --with-gcc-major-version-only --program-suffix=-11 --program-prefix=x86_64-linux-gnu- --enable-shared --enable-linker-build-id --libexecdir=/usr/lib --without-included-gettext --enable-threads=posix --libdir=/usr/lib --enable-nls --enable-bootstrap --enable-clocale=gnu --enable-libstdcxx-debug --enable-libstdcxx-time=yes --with-default-libstdcxx-abi=new --enable-gnu-unique-object --disable-vtable-verify --enable-plugin --enable-default-pie --with-system-zlib --enable-libphobos-checking=release --with-target-system-zlib=auto --enable-objc-gc=auto --enable-multiarch --disable-werror --enable-cet --with-arch-32=i686 --with-abi=m64 --with-multilib-list=m32 m64 mx32 --enable-multilib --with-tune=generic --enable-offload-targets=nvptx-none=/build/gcc-11-XeT9lY/gcc-11-11.4.0/debian/tmp-nvptx/usr amdgcn-amdhsa=/build/gcc-11-XeT9lY/gcc-11-11.4.0/debian/tmp-gcn/usr --without-cuda-driver --enable-checking=release --build=x86_64-linux-gnu --host=x86_64-linux-gnu --target=x86_64-linux-gnu --with-build-config=bootstrap-lto-lean --enable-link-serialization=2]
  ignore line: [Thread model: posix]
  ignore line: [Supported LTO compression algorithms: zlib zstd]
  ignore line: [gcc version 11.4.0 (Ubuntu 11.4.0-1ubuntu1~22.04) ]
  ignore line: [COMPILER_PATH=/usr/lib/gcc/x86_64-linux-gnu/11/:/usr/lib/gcc/x86_64-linux-gnu/11/:/usr/lib/gcc/x86_64-linux-gnu/:/usr/lib/gcc/x86_64-linux-gnu/11/:/usr/lib/gcc/x86_64-linux-gnu/]
  ignore line: [LIBRARY_PATH=/usr/lib/gcc/x86_64-linux-gnu/11/:/usr/lib/gcc/x86_64-linux-gnu/11/../../../x86_64-linux-gnu/:/usr/lib/gcc/x86_64-linux-gnu/11/../../../../lib/:/lib/x86_64-linux-gnu/:/lib/../lib/:/usr/lib/x86_64-linux-gnu/:/usr/lib/../lib/:/usr/lib/gcc/x86_64-linux-gnu/11/../../../:/lib/:/usr/lib/]
  ignore line: [COLLECT_GCC_OPTIONS='-v' '-o' 'cmTC_33486' '-mtune=generic' '-march=x86-64' '-dumpdir' 'cmTC_33486.']
  link line: [ /usr/lib/gcc/x86_64-linux-gnu/11/collect2 -plugin /usr/lib/gcc/x86_64-linux-gnu/11/liblto_plugin.so -plugin-opt=/usr/lib/gcc/x86_64-linux-gnu/11/lto-wrapper -plugin-opt=-fresolution=/tmp/cchdlrSb.res -plugin-opt=-pass-through=-lgcc -plugin-opt=-pass-through=-lgcc_s -plugin-opt=-pass-through=-lc -plugin-opt=-pass-through=-lgcc -plugin-opt=-pass-through=-lgcc_s --build-id --eh-frame-hdr -m elf_x86_64 --hash-style=gnu --as-needed -dynamic-linker /lib64/ld-linux-x86-64.so.2 -pie -z now -z relro -o cmTC_33486 /usr/lib/gcc/x86_64-linux-gnu/11/../../../x86_64-linux-gnu/Scrt1.o /usr/lib/gcc/x86_64-linux-gnu/11/../../../x86_64-linux-gnu/crti.o /usr/lib/gcc/x86_64-linux-gnu/11/crtbeginS.o -L/usr/lib/gcc/x86_64-linux-gnu/11 -L/usr/lib/gcc/x86_64-linux-gnu/11/../../../x86_64-linux-gnu -L/usr/lib/gcc/x86_64-linux-gnu/11/../../../../lib -L/lib/x86_64-linux-gnu -L/lib/../lib -L/usr/lib/x86_64-linux-gnu -L/usr/lib/../lib -L/usr/lib/gcc/x86_64-linux-gnu/11/../../.. CMakeFiles/cmTC_33486.dir/CMakeCCompilerABI.c.o -lgcc --push-state --as-needed -lgcc_s --pop-state -lc -lgcc --push-state --as-needed -lgcc_s --pop-state /usr/lib/gcc/x86_64-linux-gnu/11/crtendS.o /usr/lib/gcc/x86_64-linux-gnu/11/../../../x86_64-linux-gnu/crtn.o]
    arg [/usr/lib/gcc/x86_64-linux-gnu/11/collect2] ==> ignore
    arg [-plugin] ==> ignore
    arg [/usr/lib/gcc/x86_64-linux-gnu/11/liblto_plugin.so] ==> ignore
    arg [-plugin-opt=/usr/lib/gcc/x86_64-linux-gnu/11/lto-wrapper] ==> ignore
    arg [-plugin-opt=-fresolution=/tmp/cchdlrSb.res] ==> ignore
    arg [-plugin-opt=-pass-through=-lgcc] ==> ignore
    arg [-plugin-opt=-pass-through=-lgcc_s] ==> ignore
    arg [-plugin-opt=-pass-through=-lc] ==> ignore
    arg [-plugin-opt=-pass-through=-lgcc] ==> ignore
    arg [-plugin-opt=-pass-through=-lgcc_s] ==> ignore
    arg [--build-id] ==> ignore
    arg [--eh-frame-hdr] ==> ignore
    arg [-m] ==> ignore
    arg [elf_x86_64] ==> ignore
    arg [--hash-style=gnu] ==> ignore
    arg [--as-needed] ==> ignore
    arg [-dynamic-linker] ==> ignore
    arg [/lib64/ld-linux-x86-64.so.2] ==> ignore
    arg [-pie] ==> ignore
    arg [-znow] ==> ignore
    arg [-zrelro] ==> ignore
    arg [-o] ==> ignore
    arg [cmTC_33486] ==> ignore
    arg [/usr/lib/gcc/x86_64-linux-gnu/11/../../../x86_64-linux-gnu/Scrt1.o] ==> obj [/usr/lib/gcc/x86_64-linux-gnu/11/../../../x86_64-linux-gnu/Scrt1.o]
    arg [/usr/lib/gcc/x86_64-linux-gnu/11/../../../x86_64-linux-gnu/crti.o] ==> obj [/usr/lib/gcc/x86_64-linux-gnu/11/../../../x86_64-linux-gnu/crti.o]
    arg [/usr/lib/gcc/x86_64-linux-gnu/11/crtbeginS.o] ==> obj [/usr/lib/gcc/x86_64-linux-gnu/11/crtbeginS.o]
    arg [-L/usr/lib/gcc/x86_64-linux-gnu/11] ==> dir [/usr/lib/gcc/x86_64-linux-gnu/11]
    arg [-L/usr/lib/gcc/x86_64-linux-gnu/11/../../../x86_64-linux-gnu] ==> dir [/usr/lib/gcc/x86_64-linux-gnu/11/../../../x86_64-linux-gnu]
    arg [-L/usr/lib/gcc/x86_64-linux-gnu/11/../../../../lib] ==> dir [/usr/lib/gcc/x86_64-linux-gnu/11/../../../../lib]
    arg [-L/lib/x86_64-linux-gnu] ==> dir [/lib/x86_64-linux-gnu]
    arg [-L/lib/../lib] ==> dir [/lib/../lib]
    arg [-L/usr/lib/x86_64-linux-gnu] ==> dir [/usr/lib/x86_64-linux-gnu]
    arg [-L/usr/lib/../lib] ==> dir [/usr/lib/../lib]
    arg [-L/usr/lib/gcc/x86_64-linux-gnu/11/../../..] ==> dir [/usr/lib/gcc/x86_64-linux-gnu/11/../../..]
    arg [CMakeFiles/cmTC_33486.dir/CMakeCCompilerABI.c.o] ==> ignore
    arg [-lgcc] ==> lib [gcc]
    arg [--push-state] ==> ignore
    arg [--as-needed] ==> ignore
    arg [-lgcc_s] ==> lib [gcc_s]
    arg [--pop-state] ==> ignore
    arg [-lc] ==> lib [c]
    arg [-lgcc] ==> lib [gcc]
    arg [--push-state] ==> ignore
    arg [--as-needed] ==> ignore
    arg [-lgcc_s] ==> lib [gcc_s]
    arg [--pop-state] ==> ignore
    arg [/usr/lib/gcc/x86_64-linux-gnu/11/crtendS.o] ==> obj [/usr/lib/gcc/x86_64-linux-gnu/11/crtendS.o]
    arg [/usr/lib/gcc/x86_64-linux-gnu/11/../../../x86_64-linux-gnu/crtn.o] ==> obj [/usr/lib/gcc/x86_64-linux-gnu/11/../../../x86_64-linux-gnu/crtn.o]
  collapse obj [/usr/lib/gcc/x86_64-linux-gnu/11/../../../x86_64-linux-gnu/Scrt1.o] ==> [/usr/lib/x86_64-linux-gnu/Scrt1.o]
  collapse obj [/usr/lib/gcc/x86_64-linux-gnu/11/../../../x86_64-linux-gnu/crti.o] ==> [/usr/lib/x86_64-linux-gnu/crti.o]
  collapse obj [/usr/lib/gcc/x86_64-linux-gnu/11/../../../x86_64-linux-gnu/crtn.o] ==> [/usr/lib/x86_64-linux-gnu/crtn.o]
  collapse library dir [/usr/lib/gcc/x86_64-linux-gnu/11] ==> [/usr/lib/gcc/x86_64-linux-gnu/11]
  collapse library dir [/usr/lib/gcc/x86_64-linux-gnu/11/../../../x86_64-linux-gnu] ==> [/usr/lib/x86_64-linux-gnu]
  collapse library dir [/usr/lib/gcc/x86_64-linux-gnu/11/../../../../lib] ==> [/usr/lib]
  collapse library dir [/lib/x86_64-linux-gnu] ==> [/lib/x86_64-linux-gnu]
  collapse library dir [/lib/../lib] ==> [/lib]
  collapse library dir [/usr/lib/x86_64-linux-gnu] ==> [/usr/lib/x86_64-linux-gnu]
  collapse library dir [/usr/lib/../lib] ==> [/usr/lib]
  collapse library dir [/usr/lib/gcc/x86_64-linux-gnu/11/../../..] ==> [/usr/lib]
  implicit libs: [gcc;gcc_s;c;gcc;gcc_s]
  implicit objs: [/usr/lib/x86_64-linux-gnu/Scrt1.o;/usr/lib/x86_64-linux-gnu/crti.o;/usr/lib/gcc/x86_64-linux-gnu/11/crtbeginS.o;/usr/lib/gcc/x86_64-linux-gnu/11/crtendS.o;/usr/lib/x86_64-linux-gnu/crtn.o]
  implicit dirs: [/usr/lib/gcc/x86_64-linux-gnu/11;/usr/lib/x86_64-linux-gnu;/usr/lib;/lib/x86_64-linux-gnu;/lib]
  implicit fwks: []


Detecting CXX compiler ABI info compiled with the following output:
Change Dir: /home/yzwu/Desktop/soc_test/vadd_host/build/x86sim/CMakeFiles/CMakeTmp

Run Build Command(s):/usr/bin/gmake -f Makefile cmTC_c8e8e/fast && /usr/bin/gmake  -f CMakeFiles/cmTC_c8e8e.dir/build.make CMakeFiles/cmTC_c8e8e.dir/build
gmake[1]: Entering directory '/home/yzwu/Desktop/soc_test/vadd_host/build/x86sim/CMakeFiles/CMakeTmp'
Building CXX object CMakeFiles/cmTC_c8e8e.dir/CMakeCXXCompilerABI.cpp.o
/usr/bin/g++   -v -o CMakeFiles/cmTC_c8e8e.dir/CMakeCXXCompilerABI.cpp.o -c /tools/Xilinx/Vitis/2023.2/tps/lnx64/cmake-3.24.2/share/cmake-3.24/Modules/CMakeCXXCompilerABI.cpp
Using built-in specs.
COLLECT_GCC=/usr/bin/g++
OFFLOAD_TARGET_NAMES=nvptx-none:amdgcn-amdhsa
OFFLOAD_TARGET_DEFAULT=1
Target: x86_64-linux-gnu
Configured with: ../src/configure -v --with-pkgversion='Ubuntu 11.4.0-1ubuntu1~22.04' --with-bugurl=file:///usr/share/doc/gcc-11/README.Bugs --enable-languages=c,ada,c++,go,brig,d,fortran,objc,obj-c++,m2 --prefix=/usr --with-gcc-major-version-only --program-suffix=-11 --program-prefix=x86_64-linux-gnu- --enable-shared --enable-linker-build-id --libexecdir=/usr/lib --without-included-gettext --enable-threads=posix --libdir=/usr/lib --enable-nls --enable-bootstrap --enable-clocale=gnu --enable-libstdcxx-debug --enable-libstdcxx-time=yes --with-default-libstdcxx-abi=new --enable-gnu-unique-object --disable-vtable-verify --enable-plugin --enable-default-pie --with-system-zlib --enable-libphobos-checking=release --with-target-system-zlib=auto --enable-objc-gc=auto --enable-multiarch --disable-werror --enable-cet --with-arch-32=i686 --with-abi=m64 --with-multilib-list=m32,m64,mx32 --enable-multilib --with-tune=generic --enable-offload-targets=nvptx-none=/build/gcc-11-XeT9lY/gcc-11-11.4.0/debian/tmp-nvptx/usr,amdgcn-amdhsa=/build/gcc-11-XeT9lY/gcc-11-11.4.0/debian/tmp-gcn/usr --without-cuda-driver --enable-checking=release --build=x86_64-linux-gnu --host=x86_64-linux-gnu --target=x86_64-linux-gnu --with-build-config=bootstrap-lto-lean --enable-link-serialization=2
Thread model: posix
Supported LTO compression algorithms: zlib zstd
gcc version 11.4.0 (Ubuntu 11.4.0-1ubuntu1~22.04) 
COLLECT_GCC_OPTIONS='-v' '-o' 'CMakeFiles/cmTC_c8e8e.dir/CMakeCXXCompilerABI.cpp.o' '-c' '-shared-libgcc' '-mtune=generic' '-march=x86-64' '-dumpdir' 'CMakeFiles/cmTC_c8e8e.dir/'
 /usr/lib/gcc/x86_64-linux-gnu/11/cc1plus -quiet -v -imultiarch x86_64-linux-gnu -D_GNU_SOURCE /tools/Xilinx/Vitis/2023.2/tps/lnx64/cmake-3.24.2/share/cmake-3.24/Modules/CMakeCXXCompilerABI.cpp -quiet -dumpdir CMakeFiles/cmTC_c8e8e.dir/ -dumpbase CMakeCXXCompilerABI.cpp.cpp -dumpbase-ext .cpp -mtune=generic -march=x86-64 -version -fasynchronous-unwind-tables -fstack-protector-strong -Wformat -Wformat-security -fstack-clash-protection -fcf-protection -o /tmp/ccjFMG8v.s
GNU C++17 (Ubuntu 11.4.0-1ubuntu1~22.04) version 11.4.0 (x86_64-linux-gnu)
	compiled by GNU C version 11.4.0, GMP version 6.2.1, MPFR version 4.1.0, MPC version 1.2.1, isl version isl-0.24-GMP

GGC heuristics: --param ggc-min-expand=100 --param ggc-min-heapsize=131072
ignoring duplicate directory "/usr/include/x86_64-linux-gnu/c++/11"
ignoring nonexistent directory "/usr/local/include/x86_64-linux-gnu"
ignoring nonexistent directory "/usr/lib/gcc/x86_64-linux-gnu/11/include-fixed"
ignoring nonexistent directory "/usr/lib/gcc/x86_64-linux-gnu/11/../../../../x86_64-linux-gnu/include"
#include "..." search starts here:
#include <...> search starts here:
 /usr/include/c++/11
 /usr/include/x86_64-linux-gnu/c++/11
 /usr/include/c++/11/backward
 /usr/lib/gcc/x86_64-linux-gnu/11/include
 /usr/local/include
 /usr/include/x86_64-linux-gnu
 /usr/include
End of search list.
GNU C++17 (Ubuntu 11.4.0-1ubuntu1~22.04) version 11.4.0 (x86_64-linux-gnu)
	compiled by GNU C version 11.4.0, GMP version 6.2.1, MPFR version 4.1.0, MPC version 1.2.1, isl version isl-0.24-GMP

GGC heuristics: --param ggc-min-expand=100 --param ggc-min-heapsize=131072
Compiler executable checksum: d591828bb4d392ae8b7b160e5bb0b95f
COLLECT_GCC_OPTIONS='-v' '-o' 'CMakeFiles/cmTC_c8e8e.dir/CMakeCXXCompilerABI.cpp.o' '-c' '-shared-libgcc' '-mtune=generic' '-march=x86-64' '-dumpdir' 'CMakeFiles/cmTC_c8e8e.dir/'
 as -v --64 -o CMakeFiles/cmTC_c8e8e.dir/CMakeCXXCompilerABI.cpp.o /tmp/ccjFMG8v.s
GNU assembler version 2.38 (x86_64-linux-gnu) using BFD version (GNU Binutils for Ubuntu) 2.38
COMPILER_PATH=/usr/lib/gcc/x86_64-linux-gnu/11/:/usr/lib/gcc/x86_64-linux-gnu/11/:/usr/lib/gcc/x86_64-linux-gnu/:/usr/lib/gcc/x86_64-linux-gnu/11/:/usr/lib/gcc/x86_64-linux-gnu/
LIBRARY_PATH=/usr/lib/gcc/x86_64-linux-gnu/11/:/usr/lib/gcc/x86_64-linux-gnu/11/../../../x86_64-linux-gnu/:/usr/lib/gcc/x86_64-linux-gnu/11/../../../../lib/:/lib/x86_64-linux-gnu/:/lib/../lib/:/usr/lib/x86_64-linux-gnu/:/usr/lib/../lib/:/usr/lib/gcc/x86_64-linux-gnu/11/../../../:/lib/:/usr/lib/
COLLECT_GCC_OPTIONS='-v' '-o' 'CMakeFiles/cmTC_c8e8e.dir/CMakeCXXCompilerABI.cpp.o' '-c' '-shared-libgcc' '-mtune=generic' '-march=x86-64' '-dumpdir' 'CMakeFiles/cmTC_c8e8e.dir/CMakeCXXCompilerABI.cpp.'
Linking CXX executable cmTC_c8e8e
/tools/Xilinx/Vitis/2023.2/tps/lnx64/cmake-3.24.2/bin/cmake -E cmake_link_script CMakeFiles/cmTC_c8e8e.dir/link.txt --verbose=1
/usr/bin/g++  -v CMakeFiles/cmTC_c8e8e.dir/CMakeCXXCompilerABI.cpp.o -o cmTC_c8e8e 
Using built-in specs.
COLLECT_GCC=/usr/bin/g++
COLLECT_LTO_WRAPPER=/usr/lib/gcc/x86_64-linux-gnu/11/lto-wrapper
OFFLOAD_TARGET_NAMES=nvptx-none:amdgcn-amdhsa
OFFLOAD_TARGET_DEFAULT=1
Target: x86_64-linux-gnu
Configured with: ../src/configure -v --with-pkgversion='Ubuntu 11.4.0-1ubuntu1~22.04' --with-bugurl=file:///usr/share/doc/gcc-11/README.Bugs --enable-languages=c,ada,c++,go,brig,d,fortran,objc,obj-c++,m2 --prefix=/usr --with-gcc-major-version-only --program-suffix=-11 --program-prefix=x86_64-linux-gnu- --enable-shared --enable-linker-build-id --libexecdir=/usr/lib --without-included-gettext --enable-threads=posix --libdir=/usr/lib --enable-nls --enable-bootstrap --enable-clocale=gnu --enable-libstdcxx-debug --enable-libstdcxx-time=yes --with-default-libstdcxx-abi=new --enable-gnu-unique-object --disable-vtable-verify --enable-plugin --enable-default-pie --with-system-zlib --enable-libphobos-checking=release --with-target-system-zlib=auto --enable-objc-gc=auto --enable-multiarch --disable-werror --enable-cet --with-arch-32=i686 --with-abi=m64 --with-multilib-list=m32,m64,mx32 --enable-multilib --with-tune=generic --enable-offload-targets=nvptx-none=/build/gcc-11-XeT9lY/gcc-11-11.4.0/debian/tmp-nvptx/usr,amdgcn-amdhsa=/build/gcc-11-XeT9lY/gcc-11-11.4.0/debian/tmp-gcn/usr --without-cuda-driver --enable-checking=release --build=x86_64-linux-gnu --host=x86_64-linux-gnu --target=x86_64-linux-gnu --with-build-config=bootstrap-lto-lean --enable-link-serialization=2
Thread model: posix
Supported LTO compression algorithms: zlib zstd
gcc version 11.4.0 (Ubuntu 11.4.0-1ubuntu1~22.04) 
COMPILER_PATH=/usr/lib/gcc/x86_64-linux-gnu/11/:/usr/lib/gcc/x86_64-linux-gnu/11/:/usr/lib/gcc/x86_64-linux-gnu/:/usr/lib/gcc/x86_64-linux-gnu/11/:/usr/lib/gcc/x86_64-linux-gnu/
LIBRARY_PATH=/usr/lib/gcc/x86_64-linux-gnu/11/:/usr/lib/gcc/x86_64-linux-gnu/11/../../../x86_64-linux-gnu/:/usr/lib/gcc/x86_64-linux-gnu/11/../../../../lib/:/lib/x86_64-linux-gnu/:/lib/../lib/:/usr/lib/x86_64-linux-gnu/:/usr/lib/../lib/:/usr/lib/gcc/x86_64-linux-gnu/11/../../../:/lib/:/usr/lib/
COLLECT_GCC_OPTIONS='-v' '-o' 'cmTC_c8e8e' '-shared-libgcc' '-mtune=generic' '-march=x86-64' '-dumpdir' 'cmTC_c8e8e.'
 /usr/lib/gcc/x86_64-linux-gnu/11/collect2 -plugin /usr/lib/gcc/x86_64-linux-gnu/11/liblto_plugin.so -plugin-opt=/usr/lib/gcc/x86_64-linux-gnu/11/lto-wrapper -plugin-opt=-fresolution=/tmp/cc6xK7TW.res -plugin-opt=-pass-through=-lgcc_s -plugin-opt=-pass-through=-lgcc -plugin-opt=-pass-through=-lc -plugin-opt=-pass-through=-lgcc_s -plugin-opt=-pass-through=-lgcc --build-id --eh-frame-hdr -m elf_x86_64 --hash-style=gnu --as-needed -dynamic-linker /lib64/ld-linux-x86-64.so.2 -pie -z now -z relro -o cmTC_c8e8e /usr/lib/gcc/x86_64-linux-gnu/11/../../../x86_64-linux-gnu/Scrt1.o /usr/lib/gcc/x86_64-linux-gnu/11/../../../x86_64-linux-gnu/crti.o /usr/lib/gcc/x86_64-linux-gnu/11/crtbeginS.o -L/usr/lib/gcc/x86_64-linux-gnu/11 -L/usr/lib/gcc/x86_64-linux-gnu/11/../../../x86_64-linux-gnu -L/usr/lib/gcc/x86_64-linux-gnu/11/../../../../lib -L/lib/x86_64-linux-gnu -L/lib/../lib -L/usr/lib/x86_64-linux-gnu -L/usr/lib/../lib -L/usr/lib/gcc/x86_64-linux-gnu/11/../../.. CMakeFiles/cmTC_c8e8e.dir/CMakeCXXCompilerABI.cpp.o -lstdc++ -lm -lgcc_s -lgcc -lc -lgcc_s -lgcc /usr/lib/gcc/x86_64-linux-gnu/11/crtendS.o /usr/lib/gcc/x86_64-linux-gnu/11/../../../x86_64-linux-gnu/crtn.o
COLLECT_GCC_OPTIONS='-v' '-o' 'cmTC_c8e8e' '-shared-libgcc' '-mtune=generic' '-march=x86-64' '-dumpdir' 'cmTC_c8e8e.'
gmake[1]: Leaving directory '/home/yzwu/Desktop/soc_test/vadd_host/build/x86sim/CMakeFiles/CMakeTmp'



Parsed CXX implicit include dir info from above output: rv=done
  found start of include info
  found start of implicit include info
    add: [/usr/include/c++/11]
    add: [/usr/include/x86_64-linux-gnu/c++/11]
    add: [/usr/include/c++/11/backward]
    add: [/usr/lib/gcc/x86_64-linux-gnu/11/include]
    add: [/usr/local/include]
    add: [/usr/include/x86_64-linux-gnu]
    add: [/usr/include]
  end of search list found
  collapse include dir [/usr/include/c++/11] ==> [/usr/include/c++/11]
  collapse include dir [/usr/include/x86_64-linux-gnu/c++/11] ==> [/usr/include/x86_64-linux-gnu/c++/11]
  collapse include dir [/usr/include/c++/11/backward] ==> [/usr/include/c++/11/backward]
  collapse include dir [/usr/lib/gcc/x86_64-linux-gnu/11/include] ==> [/usr/lib/gcc/x86_64-linux-gnu/11/include]
  collapse include dir [/usr/local/include] ==> [/usr/local/include]
  collapse include dir [/usr/include/x86_64-linux-gnu] ==> [/usr/include/x86_64-linux-gnu]
  collapse include dir [/usr/include] ==> [/usr/include]
  implicit include dirs: [/usr/include/c++/11;/usr/include/x86_64-linux-gnu/c++/11;/usr/include/c++/11/backward;/usr/lib/gcc/x86_64-linux-gnu/11/include;/usr/local/include;/usr/include/x86_64-linux-gnu;/usr/include]


Parsed CXX implicit link information from above output:
  link line regex: [^( *|.*[/\])(ld|CMAKE_LINK_STARTFILE-NOTFOUND|([^/\]+-)?ld|collect2)[^/\]*( |$)]
  ignore line: [Change Dir: /home/yzwu/Desktop/soc_test/vadd_host/build/x86sim/CMakeFiles/CMakeTmp]
  ignore line: []
  ignore line: [Run Build Command(s):/usr/bin/gmake -f Makefile cmTC_c8e8e/fast && /usr/bin/gmake  -f CMakeFiles/cmTC_c8e8e.dir/build.make CMakeFiles/cmTC_c8e8e.dir/build]
  ignore line: [gmake[1]: Entering directory '/home/yzwu/Desktop/soc_test/vadd_host/build/x86sim/CMakeFiles/CMakeTmp']
  ignore line: [Building CXX object CMakeFiles/cmTC_c8e8e.dir/CMakeCXXCompilerABI.cpp.o]
  ignore line: [/usr/bin/g++   -v -o CMakeFiles/cmTC_c8e8e.dir/CMakeCXXCompilerABI.cpp.o -c /tools/Xilinx/Vitis/2023.2/tps/lnx64/cmake-3.24.2/share/cmake-3.24/Modules/CMakeCXXCompilerABI.cpp]
  ignore line: [Using built-in specs.]
  ignore line: [COLLECT_GCC=/usr/bin/g++]
  ignore line: [OFFLOAD_TARGET_NAMES=nvptx-none:amdgcn-amdhsa]
  ignore line: [OFFLOAD_TARGET_DEFAULT=1]
  ignore line: [Target: x86_64-linux-gnu]
  ignore line: [Configured with: ../src/configure -v --with-pkgversion='Ubuntu 11.4.0-1ubuntu1~22.04' --with-bugurl=file:///usr/share/doc/gcc-11/README.Bugs --enable-languages=c ada c++ go brig d fortran objc obj-c++ m2 --prefix=/usr --with-gcc-major-version-only --program-suffix=-11 --program-prefix=x86_64-linux-gnu- --enable-shared --enable-linker-build-id --libexecdir=/usr/lib --without-included-gettext --enable-threads=posix --libdir=/usr/lib --enable-nls --enable-bootstrap --enable-clocale=gnu --enable-libstdcxx-debug --enable-libstdcxx-time=yes --with-default-libstdcxx-abi=new --enable-gnu-unique-object --disable-vtable-verify --enable-plugin --enable-default-pie --with-system-zlib --enable-libphobos-checking=release --with-target-system-zlib=auto --enable-objc-gc=auto --enable-multiarch --disable-werror --enable-cet --with-arch-32=i686 --with-abi=m64 --with-multilib-list=m32 m64 mx32 --enable-multilib --with-tune=generic --enable-offload-targets=nvptx-none=/build/gcc-11-XeT9lY/gcc-11-11.4.0/debian/tmp-nvptx/usr amdgcn-amdhsa=/build/gcc-11-XeT9lY/gcc-11-11.4.0/debian/tmp-gcn/usr --without-cuda-driver --enable-checking=release --build=x86_64-linux-gnu --host=x86_64-linux-gnu --target=x86_64-linux-gnu --with-build-config=bootstrap-lto-lean --enable-link-serialization=2]
  ignore line: [Thread model: posix]
  ignore line: [Supported LTO compression algorithms: zlib zstd]
  ignore line: [gcc version 11.4.0 (Ubuntu 11.4.0-1ubuntu1~22.04) ]
  ignore line: [COLLECT_GCC_OPTIONS='-v' '-o' 'CMakeFiles/cmTC_c8e8e.dir/CMakeCXXCompilerABI.cpp.o' '-c' '-shared-libgcc' '-mtune=generic' '-march=x86-64' '-dumpdir' 'CMakeFiles/cmTC_c8e8e.dir/']
  ignore line: [ /usr/lib/gcc/x86_64-linux-gnu/11/cc1plus -quiet -v -imultiarch x86_64-linux-gnu -D_GNU_SOURCE /tools/Xilinx/Vitis/2023.2/tps/lnx64/cmake-3.24.2/share/cmake-3.24/Modules/CMakeCXXCompilerABI.cpp -quiet -dumpdir CMakeFiles/cmTC_c8e8e.dir/ -dumpbase CMakeCXXCompilerABI.cpp.cpp -dumpbase-ext .cpp -mtune=generic -march=x86-64 -version -fasynchronous-unwind-tables -fstack-protector-strong -Wformat -Wformat-security -fstack-clash-protection -fcf-protection -o /tmp/ccjFMG8v.s]
  ignore line: [GNU C++17 (Ubuntu 11.4.0-1ubuntu1~22.04) version 11.4.0 (x86_64-linux-gnu)]
  ignore line: [	compiled by GNU C version 11.4.0  GMP version 6.2.1  MPFR version 4.1.0  MPC version 1.2.1  isl version isl-0.24-GMP]
  ignore line: []
  ignore line: [GGC heuristics: --param ggc-min-expand=100 --param ggc-min-heapsize=131072]
  ignore line: [ignoring duplicate directory "/usr/include/x86_64-linux-gnu/c++/11"]
  ignore line: [ignoring nonexistent directory "/usr/local/include/x86_64-linux-gnu"]
  ignore line: [ignoring nonexistent directory "/usr/lib/gcc/x86_64-linux-gnu/11/include-fixed"]
  ignore line: [ignoring nonexistent directory "/usr/lib/gcc/x86_64-linux-gnu/11/../../../../x86_64-linux-gnu/include"]
  ignore line: [#include "..." search starts here:]
  ignore line: [#include <...> search starts here:]
  ignore line: [ /usr/include/c++/11]
  ignore line: [ /usr/include/x86_64-linux-gnu/c++/11]
  ignore line: [ /usr/include/c++/11/backward]
  ignore line: [ /usr/lib/gcc/x86_64-linux-gnu/11/include]
  ignore line: [ /usr/local/include]
  ignore line: [ /usr/include/x86_64-linux-gnu]
  ignore line: [ /usr/include]
  ignore line: [End of search list.]
  ignore line: [GNU C++17 (Ubuntu 11.4.0-1ubuntu1~22.04) version 11.4.0 (x86_64-linux-gnu)]
  ignore line: [	compiled by GNU C version 11.4.0  GMP version 6.2.1  MPFR version 4.1.0  MPC version 1.2.1  isl version isl-0.24-GMP]
  ignore line: []
  ignore line: [GGC heuristics: --param ggc-min-expand=100 --param ggc-min-heapsize=131072]
  ignore line: [Compiler executable checksum: d591828bb4d392ae8b7b160e5bb0b95f]
  ignore line: [COLLECT_GCC_OPTIONS='-v' '-o' 'CMakeFiles/cmTC_c8e8e.dir/CMakeCXXCompilerABI.cpp.o' '-c' '-shared-libgcc' '-mtune=generic' '-march=x86-64' '-dumpdir' 'CMakeFiles/cmTC_c8e8e.dir/']
  ignore line: [ as -v --64 -o CMakeFiles/cmTC_c8e8e.dir/CMakeCXXCompilerABI.cpp.o /tmp/ccjFMG8v.s]
  ignore line: [GNU assembler version 2.38 (x86_64-linux-gnu) using BFD version (GNU Binutils for Ubuntu) 2.38]
  ignore line: [COMPILER_PATH=/usr/lib/gcc/x86_64-linux-gnu/11/:/usr/lib/gcc/x86_64-linux-gnu/11/:/usr/lib/gcc/x86_64-linux-gnu/:/usr/lib/gcc/x86_64-linux-gnu/11/:/usr/lib/gcc/x86_64-linux-gnu/]
  ignore line: [LIBRARY_PATH=/usr/lib/gcc/x86_64-linux-gnu/11/:/usr/lib/gcc/x86_64-linux-gnu/11/../../../x86_64-linux-gnu/:/usr/lib/gcc/x86_64-linux-gnu/11/../../../../lib/:/lib/x86_64-linux-gnu/:/lib/../lib/:/usr/lib/x86_64-linux-gnu/:/usr/lib/../lib/:/usr/lib/gcc/x86_64-linux-gnu/11/../../../:/lib/:/usr/lib/]
  ignore line: [COLLECT_GCC_OPTIONS='-v' '-o' 'CMakeFiles/cmTC_c8e8e.dir/CMakeCXXCompilerABI.cpp.o' '-c' '-shared-libgcc' '-mtune=generic' '-march=x86-64' '-dumpdir' 'CMakeFiles/cmTC_c8e8e.dir/CMakeCXXCompilerABI.cpp.']
  ignore line: [Linking CXX executable cmTC_c8e8e]
  ignore line: [/tools/Xilinx/Vitis/2023.2/tps/lnx64/cmake-3.24.2/bin/cmake -E cmake_link_script CMakeFiles/cmTC_c8e8e.dir/link.txt --verbose=1]
  ignore line: [/usr/bin/g++  -v CMakeFiles/cmTC_c8e8e.dir/CMakeCXXCompilerABI.cpp.o -o cmTC_c8e8e ]
  ignore line: [Using built-in specs.]
  ignore line: [COLLECT_GCC=/usr/bin/g++]
  ignore line: [COLLECT_LTO_WRAPPER=/usr/lib/gcc/x86_64-linux-gnu/11/lto-wrapper]
  ignore line: [OFFLOAD_TARGET_NAMES=nvptx-none:amdgcn-amdhsa]
  ignore line: [OFFLOAD_TARGET_DEFAULT=1]
  ignore line: [Target: x86_64-linux-gnu]
  ignore line: [Configured with: ../src/configure -v --with-pkgversion='Ubuntu 11.4.0-1ubuntu1~22.04' --with-bugurl=file:///usr/share/doc/gcc-11/README.Bugs --enable-languages=c ada c++ go brig d fortran objc obj-c++ m2 --prefix=/usr --with-gcc-major-version-only --program-suffix=-11 --program-prefix=x86_64-linux-gnu- --enable-shared --enable-linker-build-id --libexecdir=/usr/lib --without-included-gettext --enable-threads=posix --libdir=/usr/lib --enable-nls --enable-bootstrap --enable-clocale=gnu --enable-libstdcxx-debug --enable-libstdcxx-time=yes --with-default-libstdcxx-abi=new --enable-gnu-unique-object --disable-vtable-verify --enable-plugin --enable-default-pie --with-system-zlib --enable-libphobos-checking=release --with-target-system-zlib=auto --enable-objc-gc=auto --enable-multiarch --disable-werror --enable-cet --with-arch-32=i686 --with-abi=m64 --with-multilib-list=m32 m64 mx32 --enable-multilib --with-tune=generic --enable-offload-targets=nvptx-none=/build/gcc-11-XeT9lY/gcc-11-11.4.0/debian/tmp-nvptx/usr amdgcn-amdhsa=/build/gcc-11-XeT9lY/gcc-11-11.4.0/debian/tmp-gcn/usr --without-cuda-driver --enable-checking=release --build=x86_64-linux-gnu --host=x86_64-linux-gnu --target=x86_64-linux-gnu --with-build-config=bootstrap-lto-lean --enable-link-serialization=2]
  ignore line: [Thread model: posix]
  ignore line: [Supported LTO compression algorithms: zlib zstd]
  ignore line: [gcc version 11.4.0 (Ubuntu 11.4.0-1ubuntu1~22.04) ]
  ignore line: [COMPILER_PATH=/usr/lib/gcc/x86_64-linux-gnu/11/:/usr/lib/gcc/x86_64-linux-gnu/11/:/usr/lib/gcc/x86_64-linux-gnu/:/usr/lib/gcc/x86_64-linux-gnu/11/:/usr/lib/gcc/x86_64-linux-gnu/]
  ignore line: [LIBRARY_PATH=/usr/lib/gcc/x86_64-linux-gnu/11/:/usr/lib/gcc/x86_64-linux-gnu/11/../../../x86_64-linux-gnu/:/usr/lib/gcc/x86_64-linux-gnu/11/../../../../lib/:/lib/x86_64-linux-gnu/:/lib/../lib/:/usr/lib/x86_64-linux-gnu/:/usr/lib/../lib/:/usr/lib/gcc/x86_64-linux-gnu/11/../../../:/lib/:/usr/lib/]
  ignore line: [COLLECT_GCC_OPTIONS='-v' '-o' 'cmTC_c8e8e' '-shared-libgcc' '-mtune=generic' '-march=x86-64' '-dumpdir' 'cmTC_c8e8e.']
  link line: [ /usr/lib/gcc/x86_64-linux-gnu/11/collect2 -plugin /usr/lib/gcc/x86_64-linux-gnu/11/liblto_plugin.so -plugin-opt=/usr/lib/gcc/x86_64-linux-gnu/11/lto-wrapper -plugin-opt=-fresolution=/tmp/cc6xK7TW.res -plugin-opt=-pass-through=-lgcc_s -plugin-opt=-pass-through=-lgcc -plugin-opt=-pass-through=-lc -plugin-opt=-pass-through=-lgcc_s -plugin-opt=-pass-through=-lgcc --build-id --eh-frame-hdr -m elf_x86_64 --hash-style=gnu --as-needed -dynamic-linker /lib64/ld-linux-x86-64.so.2 -pie -z now -z relro -o cmTC_c8e8e /usr/lib/gcc/x86_64-linux-gnu/11/../../../x86_64-linux-gnu/Scrt1.o /usr/lib/gcc/x86_64-linux-gnu/11/../../../x86_64-linux-gnu/crti.o /usr/lib/gcc/x86_64-linux-gnu/11/crtbeginS.o -L/usr/lib/gcc/x86_64-linux-gnu/11 -L/usr/lib/gcc/x86_64-linux-gnu/11/../../../x86_64-linux-gnu -L/usr/lib/gcc/x86_64-linux-gnu/11/../../../../lib -L/lib/x86_64-linux-gnu -L/lib/../lib -L/usr/lib/x86_64-linux-gnu -L/usr/lib/../lib -L/usr/lib/gcc/x86_64-linux-gnu/11/../../.. CMakeFiles/cmTC_c8e8e.dir/CMakeCXXCompilerABI.cpp.o -lstdc++ -lm -lgcc_s -lgcc -lc -lgcc_s -lgcc /usr/lib/gcc/x86_64-linux-gnu/11/crtendS.o /usr/lib/gcc/x86_64-linux-gnu/11/../../../x86_64-linux-gnu/crtn.o]
    arg [/usr/lib/gcc/x86_64-linux-gnu/11/collect2] ==> ignore
    arg [-plugin] ==> ignore
    arg [/usr/lib/gcc/x86_64-linux-gnu/11/liblto_plugin.so] ==> ignore
    arg [-plugin-opt=/usr/lib/gcc/x86_64-linux-gnu/11/lto-wrapper] ==> ignore
    arg [-plugin-opt=-fresolution=/tmp/cc6xK7TW.res] ==> ignore
    arg [-plugin-opt=-pass-through=-lgcc_s] ==> ignore
    arg [-plugin-opt=-pass-through=-lgcc] ==> ignore
    arg [-plugin-opt=-pass-through=-lc] ==> ignore
    arg [-plugin-opt=-pass-through=-lgcc_s] ==> ignore
    arg [-plugin-opt=-pass-through=-lgcc] ==> ignore
    arg [--build-id] ==> ignore
    arg [--eh-frame-hdr] ==> ignore
    arg [-m] ==> ignore
    arg [elf_x86_64] ==> ignore
    arg [--hash-style=gnu] ==> ignore
    arg [--as-needed] ==> ignore
    arg [-dynamic-linker] ==> ignore
    arg [/lib64/ld-linux-x86-64.so.2] ==> ignore
    arg [-pie] ==> ignore
    arg [-znow] ==> ignore
    arg [-zrelro] ==> ignore
    arg [-o] ==> ignore
    arg [cmTC_c8e8e] ==> ignore
    arg [/usr/lib/gcc/x86_64-linux-gnu/11/../../../x86_64-linux-gnu/Scrt1.o] ==> obj [/usr/lib/gcc/x86_64-linux-gnu/11/../../../x86_64-linux-gnu/Scrt1.o]
    arg [/usr/lib/gcc/x86_64-linux-gnu/11/../../../x86_64-linux-gnu/crti.o] ==> obj [/usr/lib/gcc/x86_64-linux-gnu/11/../../../x86_64-linux-gnu/crti.o]
    arg [/usr/lib/gcc/x86_64-linux-gnu/11/crtbeginS.o] ==> obj [/usr/lib/gcc/x86_64-linux-gnu/11/crtbeginS.o]
    arg [-L/usr/lib/gcc/x86_64-linux-gnu/11] ==> dir [/usr/lib/gcc/x86_64-linux-gnu/11]
    arg [-L/usr/lib/gcc/x86_64-linux-gnu/11/../../../x86_64-linux-gnu] ==> dir [/usr/lib/gcc/x86_64-linux-gnu/11/../../../x86_64-linux-gnu]
    arg [-L/usr/lib/gcc/x86_64-linux-gnu/11/../../../../lib] ==> dir [/usr/lib/gcc/x86_64-linux-gnu/11/../../../../lib]
    arg [-L/lib/x86_64-linux-gnu] ==> dir [/lib/x86_64-linux-gnu]
    arg [-L/lib/../lib] ==> dir [/lib/../lib]
    arg [-L/usr/lib/x86_64-linux-gnu] ==> dir [/usr/lib/x86_64-linux-gnu]
    arg [-L/usr/lib/../lib] ==> dir [/usr/lib/../lib]
    arg [-L/usr/lib/gcc/x86_64-linux-gnu/11/../../..] ==> dir [/usr/lib/gcc/x86_64-linux-gnu/11/../../..]
    arg [CMakeFiles/cmTC_c8e8e.dir/CMakeCXXCompilerABI.cpp.o] ==> ignore
    arg [-lstdc++] ==> lib [stdc++]
    arg [-lm] ==> lib [m]
    arg [-lgcc_s] ==> lib [gcc_s]
    arg [-lgcc] ==> lib [gcc]
    arg [-lc] ==> lib [c]
    arg [-lgcc_s] ==> lib [gcc_s]
    arg [-lgcc] ==> lib [gcc]
    arg [/usr/lib/gcc/x86_64-linux-gnu/11/crtendS.o] ==> obj [/usr/lib/gcc/x86_64-linux-gnu/11/crtendS.o]
    arg [/usr/lib/gcc/x86_64-linux-gnu/11/../../../x86_64-linux-gnu/crtn.o] ==> obj [/usr/lib/gcc/x86_64-linux-gnu/11/../../../x86_64-linux-gnu/crtn.o]
  collapse obj [/usr/lib/gcc/x86_64-linux-gnu/11/../../../x86_64-linux-gnu/Scrt1.o] ==> [/usr/lib/x86_64-linux-gnu/Scrt1.o]
  collapse obj [/usr/lib/gcc/x86_64-linux-gnu/11/../../../x86_64-linux-gnu/crti.o] ==> [/usr/lib/x86_64-linux-gnu/crti.o]
  collapse obj [/usr/lib/gcc/x86_64-linux-gnu/11/../../../x86_64-linux-gnu/crtn.o] ==> [/usr/lib/x86_64-linux-gnu/crtn.o]
  collapse library dir [/usr/lib/gcc/x86_64-linux-gnu/11] ==> [/usr/lib/gcc/x86_64-linux-gnu/11]
  collapse library dir [/usr/lib/gcc/x86_64-linux-gnu/11/../../../x86_64-linux-gnu] ==> [/usr/lib/x86_64-linux-gnu]
  collapse library dir [/usr/lib/gcc/x86_64-linux-gnu/11/../../../../lib] ==> [/usr/lib]
  collapse library dir [/lib/x86_64-linux-gnu] ==> [/lib/x86_64-linux-gnu]
  collapse library dir [/lib/../lib] ==> [/lib]
  collapse library dir [/usr/lib/x86_64-linux-gnu] ==> [/usr/lib/x86_64-linux-gnu]
  collapse library dir [/usr/lib/../lib] ==> [/usr/lib]
  collapse library dir [/usr/lib/gcc/x86_64-linux-gnu/11/../../..] ==> [/usr/lib]
  implicit libs: [stdc++;m;gcc_s;gcc;c;gcc_s;gcc]
  implicit objs: [/usr/lib/x86_64-linux-gnu/Scrt1.o;/usr/lib/x86_64-linux-gnu/crti.o;/usr/lib/gcc/x86_64-linux-gnu/11/crtbeginS.o;/usr/lib/gcc/x86_64-linux-gnu/11/crtendS.o;/usr/lib/x86_64-linux-gnu/crtn.o]
  implicit dirs: [/usr/lib/gcc/x86_64-linux-gnu/11;/usr/lib/x86_64-linux-gnu;/usr/lib;/lib/x86_64-linux-gnu;/lib]
  implicit fwks: []


Determining if the CL_VERSION_3_0 exist passed with the following output:
Change Dir: /home/yzwu/Desktop/soc_test/vadd_host/build/x86sim/CMakeFiles/CMakeTmp

Run Build Command(s):/usr/bin/gmake -f Makefile cmTC_9d1dd/fast && /usr/bin/gmake  -f CMakeFiles/cmTC_9d1dd.dir/build.make CMakeFiles/cmTC_9d1dd.dir/build
gmake[1]: Entering directory '/home/yzwu/Desktop/soc_test/vadd_host/build/x86sim/CMakeFiles/CMakeTmp'
Building C object CMakeFiles/cmTC_9d1dd.dir/CheckSymbolExists.c.o
/usr/bin/gcc    -o CMakeFiles/cmTC_9d1dd.dir/CheckSymbolExists.c.o -c /home/yzwu/Desktop/soc_test/vadd_host/build/x86sim/CMakeFiles/CMakeTmp/CheckSymbolExists.c
In file included from /usr/include/CL/cl.h:20,
                 from /home/yzwu/Desktop/soc_test/vadd_host/build/x86sim/CMakeFiles/CMakeTmp/CheckSymbolExists.c:2:
/usr/include/CL/cl_version.h:22:9: note: ‘#pragma message: cl_version.h: CL_TARGET_OPENCL_VERSION is not defined. Defaulting to 300 (OpenCL 3.0)’
   22 | #pragma message("cl_version.h: CL_TARGET_OPENCL_VERSION is not defined. Defaulting to 300 (OpenCL 3.0)")
      |         ^~~~~~~
Linking C executable cmTC_9d1dd
/tools/Xilinx/Vitis/2023.2/tps/lnx64/cmake-3.24.2/bin/cmake -E cmake_link_script CMakeFiles/cmTC_9d1dd.dir/link.txt --verbose=1
/usr/bin/gcc CMakeFiles/cmTC_9d1dd.dir/CheckSymbolExists.c.o -o cmTC_9d1dd 
gmake[1]: Leaving directory '/home/yzwu/Desktop/soc_test/vadd_host/build/x86sim/CMakeFiles/CMakeTmp'


File /home/yzwu/Desktop/soc_test/vadd_host/build/x86sim/CMakeFiles/CMakeTmp/CheckSymbolExists.c:
/* */
#include </usr/include/CL/cl.h>

int main(int argc, char** argv)
{
  (void)argv;
#ifndef CL_VERSION_3_0
  return ((int*)(&CL_VERSION_3_0))[argc];
#else
  (void)argc;
  return 0;
#endif
}
The system is: Linux - 6.5.0-15-generic - x86_64
Compiling the C compiler identification source file "CMakeCCompilerId.c" succeeded.
Compiler: /usr/bin/gcc 
Build flags: 
Id flags:  

The output was:
0


Compilation of the C compiler identification source "CMakeCCompilerId.c" produced "a.out"

The C compiler identification is GNU, found in "/home/yzwu/Desktop/soc_test/vadd_host/build/x86sim/CMakeFiles/3.24.2/CompilerIdC/a.out"

Compiling the CXX compiler identification source file "CMakeCXXCompilerId.cpp" succeeded.
Compiler: /usr/bin/g++ 
Build flags: 
Id flags:  

The output was:
0


Compilation of the CXX compiler identification source "CMakeCXXCompilerId.cpp" produced "a.out"

The CXX compiler identification is GNU, found in "/home/yzwu/Desktop/soc_test/vadd_host/build/x86sim/CMakeFiles/3.24.2/CompilerIdCXX/a.out"

Detecting C compiler ABI info compiled with the following output:
Change Dir: /home/yzwu/Desktop/soc_test/vadd_host/build/x86sim/CMakeFiles/CMakeTmp

Run Build Command(s):/usr/bin/gmake -f Makefile cmTC_6eea6/fast && /usr/bin/gmake  -f CMakeFiles/cmTC_6eea6.dir/build.make CMakeFiles/cmTC_6eea6.dir/build
gmake[1]: Entering directory '/home/yzwu/Desktop/soc_test/vadd_host/build/x86sim/CMakeFiles/CMakeTmp'
Building C object CMakeFiles/cmTC_6eea6.dir/CMakeCCompilerABI.c.o
/usr/bin/gcc   -v -o CMakeFiles/cmTC_6eea6.dir/CMakeCCompilerABI.c.o -c /tools/Xilinx/Vitis/2023.2/tps/lnx64/cmake-3.24.2/share/cmake-3.24/Modules/CMakeCCompilerABI.c
Using built-in specs.
COLLECT_GCC=/usr/bin/gcc
OFFLOAD_TARGET_NAMES=nvptx-none:amdgcn-amdhsa
OFFLOAD_TARGET_DEFAULT=1
Target: x86_64-linux-gnu
Configured with: ../src/configure -v --with-pkgversion='Ubuntu 11.4.0-1ubuntu1~22.04' --with-bugurl=file:///usr/share/doc/gcc-11/README.Bugs --enable-languages=c,ada,c++,go,brig,d,fortran,objc,obj-c++,m2 --prefix=/usr --with-gcc-major-version-only --program-suffix=-11 --program-prefix=x86_64-linux-gnu- --enable-shared --enable-linker-build-id --libexecdir=/usr/lib --without-included-gettext --enable-threads=posix --libdir=/usr/lib --enable-nls --enable-bootstrap --enable-clocale=gnu --enable-libstdcxx-debug --enable-libstdcxx-time=yes --with-default-libstdcxx-abi=new --enable-gnu-unique-object --disable-vtable-verify --enable-plugin --enable-default-pie --with-system-zlib --enable-libphobos-checking=release --with-target-system-zlib=auto --enable-objc-gc=auto --enable-multiarch --disable-werror --enable-cet --with-arch-32=i686 --with-abi=m64 --with-multilib-list=m32,m64,mx32 --enable-multilib --with-tune=generic --enable-offload-targets=nvptx-none=/build/gcc-11-XeT9lY/gcc-11-11.4.0/debian/tmp-nvptx/usr,amdgcn-amdhsa=/build/gcc-11-XeT9lY/gcc-11-11.4.0/debian/tmp-gcn/usr --without-cuda-driver --enable-checking=release --build=x86_64-linux-gnu --host=x86_64-linux-gnu --target=x86_64-linux-gnu --with-build-config=bootstrap-lto-lean --enable-link-serialization=2
Thread model: posix
Supported LTO compression algorithms: zlib zstd
gcc version 11.4.0 (Ubuntu 11.4.0-1ubuntu1~22.04) 
COLLECT_GCC_OPTIONS='-v' '-o' 'CMakeFiles/cmTC_6eea6.dir/CMakeCCompilerABI.c.o' '-c' '-mtune=generic' '-march=x86-64' '-dumpdir' 'CMakeFiles/cmTC_6eea6.dir/'
 /usr/lib/gcc/x86_64-linux-gnu/11/cc1 -quiet -v -imultiarch x86_64-linux-gnu /tools/Xilinx/Vitis/2023.2/tps/lnx64/cmake-3.24.2/share/cmake-3.24/Modules/CMakeCCompilerABI.c -quiet -dumpdir CMakeFiles/cmTC_6eea6.dir/ -dumpbase CMakeCCompilerABI.c.c -dumpbase-ext .c -mtune=generic -march=x86-64 -version -fasynchronous-unwind-tables -fstack-protector-strong -Wformat -Wformat-security -fstack-clash-protection -fcf-protection -o /tmp/cc0MAwgX.s
GNU C17 (Ubuntu 11.4.0-1ubuntu1~22.04) version 11.4.0 (x86_64-linux-gnu)
	compiled by GNU C version 11.4.0, GMP version 6.2.1, MPFR version 4.1.0, MPC version 1.2.1, isl version isl-0.24-GMP

GGC heuristics: --param ggc-min-expand=100 --param ggc-min-heapsize=131072
ignoring nonexistent directory "/usr/local/include/x86_64-linux-gnu"
ignoring nonexistent directory "/usr/lib/gcc/x86_64-linux-gnu/11/include-fixed"
ignoring nonexistent directory "/usr/lib/gcc/x86_64-linux-gnu/11/../../../../x86_64-linux-gnu/include"
#include "..." search starts here:
#include <...> search starts here:
 /usr/lib/gcc/x86_64-linux-gnu/11/include
 /usr/local/include
 /usr/include/x86_64-linux-gnu
 /usr/include
End of search list.
GNU C17 (Ubuntu 11.4.0-1ubuntu1~22.04) version 11.4.0 (x86_64-linux-gnu)
	compiled by GNU C version 11.4.0, GMP version 6.2.1, MPFR version 4.1.0, MPC version 1.2.1, isl version isl-0.24-GMP

GGC heuristics: --param ggc-min-expand=100 --param ggc-min-heapsize=131072
Compiler executable checksum: 50eaa2331df977b8016186198deb2d18
COLLECT_GCC_OPTIONS='-v' '-o' 'CMakeFiles/cmTC_6eea6.dir/CMakeCCompilerABI.c.o' '-c' '-mtune=generic' '-march=x86-64' '-dumpdir' 'CMakeFiles/cmTC_6eea6.dir/'
 as -v --64 -o CMakeFiles/cmTC_6eea6.dir/CMakeCCompilerABI.c.o /tmp/cc0MAwgX.s
GNU assembler version 2.38 (x86_64-linux-gnu) using BFD version (GNU Binutils for Ubuntu) 2.38
COMPILER_PATH=/usr/lib/gcc/x86_64-linux-gnu/11/:/usr/lib/gcc/x86_64-linux-gnu/11/:/usr/lib/gcc/x86_64-linux-gnu/:/usr/lib/gcc/x86_64-linux-gnu/11/:/usr/lib/gcc/x86_64-linux-gnu/
LIBRARY_PATH=/usr/lib/gcc/x86_64-linux-gnu/11/:/usr/lib/gcc/x86_64-linux-gnu/11/../../../x86_64-linux-gnu/:/usr/lib/gcc/x86_64-linux-gnu/11/../../../../lib/:/lib/x86_64-linux-gnu/:/lib/../lib/:/usr/lib/x86_64-linux-gnu/:/usr/lib/../lib/:/usr/lib/gcc/x86_64-linux-gnu/11/../../../:/lib/:/usr/lib/
COLLECT_GCC_OPTIONS='-v' '-o' 'CMakeFiles/cmTC_6eea6.dir/CMakeCCompilerABI.c.o' '-c' '-mtune=generic' '-march=x86-64' '-dumpdir' 'CMakeFiles/cmTC_6eea6.dir/CMakeCCompilerABI.c.'
Linking C executable cmTC_6eea6
/tools/Xilinx/Vitis/2023.2/tps/lnx64/cmake-3.24.2/bin/cmake -E cmake_link_script CMakeFiles/cmTC_6eea6.dir/link.txt --verbose=1
/usr/bin/gcc  -v CMakeFiles/cmTC_6eea6.dir/CMakeCCompilerABI.c.o -o cmTC_6eea6 
Using built-in specs.
COLLECT_GCC=/usr/bin/gcc
COLLECT_LTO_WRAPPER=/usr/lib/gcc/x86_64-linux-gnu/11/lto-wrapper
OFFLOAD_TARGET_NAMES=nvptx-none:amdgcn-amdhsa
OFFLOAD_TARGET_DEFAULT=1
Target: x86_64-linux-gnu
Configured with: ../src/configure -v --with-pkgversion='Ubuntu 11.4.0-1ubuntu1~22.04' --with-bugurl=file:///usr/share/doc/gcc-11/README.Bugs --enable-languages=c,ada,c++,go,brig,d,fortran,objc,obj-c++,m2 --prefix=/usr --with-gcc-major-version-only --program-suffix=-11 --program-prefix=x86_64-linux-gnu- --enable-shared --enable-linker-build-id --libexecdir=/usr/lib --without-included-gettext --enable-threads=posix --libdir=/usr/lib --enable-nls --enable-bootstrap --enable-clocale=gnu --enable-libstdcxx-debug --enable-libstdcxx-time=yes --with-default-libstdcxx-abi=new --enable-gnu-unique-object --disable-vtable-verify --enable-plugin --enable-default-pie --with-system-zlib --enable-libphobos-checking=release --with-target-system-zlib=auto --enable-objc-gc=auto --enable-multiarch --disable-werror --enable-cet --with-arch-32=i686 --with-abi=m64 --with-multilib-list=m32,m64,mx32 --enable-multilib --with-tune=generic --enable-offload-targets=nvptx-none=/build/gcc-11-XeT9lY/gcc-11-11.4.0/debian/tmp-nvptx/usr,amdgcn-amdhsa=/build/gcc-11-XeT9lY/gcc-11-11.4.0/debian/tmp-gcn/usr --without-cuda-driver --enable-checking=release --build=x86_64-linux-gnu --host=x86_64-linux-gnu --target=x86_64-linux-gnu --with-build-config=bootstrap-lto-lean --enable-link-serialization=2
Thread model: posix
Supported LTO compression algorithms: zlib zstd
gcc version 11.4.0 (Ubuntu 11.4.0-1ubuntu1~22.04) 
COMPILER_PATH=/usr/lib/gcc/x86_64-linux-gnu/11/:/usr/lib/gcc/x86_64-linux-gnu/11/:/usr/lib/gcc/x86_64-linux-gnu/:/usr/lib/gcc/x86_64-linux-gnu/11/:/usr/lib/gcc/x86_64-linux-gnu/
LIBRARY_PATH=/usr/lib/gcc/x86_64-linux-gnu/11/:/usr/lib/gcc/x86_64-linux-gnu/11/../../../x86_64-linux-gnu/:/usr/lib/gcc/x86_64-linux-gnu/11/../../../../lib/:/lib/x86_64-linux-gnu/:/lib/../lib/:/usr/lib/x86_64-linux-gnu/:/usr/lib/../lib/:/usr/lib/gcc/x86_64-linux-gnu/11/../../../:/lib/:/usr/lib/
COLLECT_GCC_OPTIONS='-v' '-o' 'cmTC_6eea6' '-mtune=generic' '-march=x86-64' '-dumpdir' 'cmTC_6eea6.'
 /usr/lib/gcc/x86_64-linux-gnu/11/collect2 -plugin /usr/lib/gcc/x86_64-linux-gnu/11/liblto_plugin.so -plugin-opt=/usr/lib/gcc/x86_64-linux-gnu/11/lto-wrapper -plugin-opt=-fresolution=/tmp/ccFzp7re.res -plugin-opt=-pass-through=-lgcc -plugin-opt=-pass-through=-lgcc_s -plugin-opt=-pass-through=-lc -plugin-opt=-pass-through=-lgcc -plugin-opt=-pass-through=-lgcc_s --build-id --eh-frame-hdr -m elf_x86_64 --hash-style=gnu --as-needed -dynamic-linker /lib64/ld-linux-x86-64.so.2 -pie -z now -z relro -o cmTC_6eea6 /usr/lib/gcc/x86_64-linux-gnu/11/../../../x86_64-linux-gnu/Scrt1.o /usr/lib/gcc/x86_64-linux-gnu/11/../../../x86_64-linux-gnu/crti.o /usr/lib/gcc/x86_64-linux-gnu/11/crtbeginS.o -L/usr/lib/gcc/x86_64-linux-gnu/11 -L/usr/lib/gcc/x86_64-linux-gnu/11/../../../x86_64-linux-gnu -L/usr/lib/gcc/x86_64-linux-gnu/11/../../../../lib -L/lib/x86_64-linux-gnu -L/lib/../lib -L/usr/lib/x86_64-linux-gnu -L/usr/lib/../lib -L/usr/lib/gcc/x86_64-linux-gnu/11/../../.. CMakeFiles/cmTC_6eea6.dir/CMakeCCompilerABI.c.o -lgcc --push-state --as-needed -lgcc_s --pop-state -lc -lgcc --push-state --as-needed -lgcc_s --pop-state /usr/lib/gcc/x86_64-linux-gnu/11/crtendS.o /usr/lib/gcc/x86_64-linux-gnu/11/../../../x86_64-linux-gnu/crtn.o
COLLECT_GCC_OPTIONS='-v' '-o' 'cmTC_6eea6' '-mtune=generic' '-march=x86-64' '-dumpdir' 'cmTC_6eea6.'
gmake[1]: Leaving directory '/home/yzwu/Desktop/soc_test/vadd_host/build/x86sim/CMakeFiles/CMakeTmp'



Parsed C implicit include dir info from above output: rv=done
  found start of include info
  found start of implicit include info
    add: [/usr/lib/gcc/x86_64-linux-gnu/11/include]
    add: [/usr/local/include]
    add: [/usr/include/x86_64-linux-gnu]
    add: [/usr/include]
  end of search list found
  collapse include dir [/usr/lib/gcc/x86_64-linux-gnu/11/include] ==> [/usr/lib/gcc/x86_64-linux-gnu/11/include]
  collapse include dir [/usr/local/include] ==> [/usr/local/include]
  collapse include dir [/usr/include/x86_64-linux-gnu] ==> [/usr/include/x86_64-linux-gnu]
  collapse include dir [/usr/include] ==> [/usr/include]
  implicit include dirs: [/usr/lib/gcc/x86_64-linux-gnu/11/include;/usr/local/include;/usr/include/x86_64-linux-gnu;/usr/include]


Parsed C implicit link information from above output:
  link line regex: [^( *|.*[/\])(ld|CMAKE_LINK_STARTFILE-NOTFOUND|([^/\]+-)?ld|collect2)[^/\]*( |$)]
  ignore line: [Change Dir: /home/yzwu/Desktop/soc_test/vadd_host/build/x86sim/CMakeFiles/CMakeTmp]
  ignore line: []
  ignore line: [Run Build Command(s):/usr/bin/gmake -f Makefile cmTC_6eea6/fast && /usr/bin/gmake  -f CMakeFiles/cmTC_6eea6.dir/build.make CMakeFiles/cmTC_6eea6.dir/build]
  ignore line: [gmake[1]: Entering directory '/home/yzwu/Desktop/soc_test/vadd_host/build/x86sim/CMakeFiles/CMakeTmp']
  ignore line: [Building C object CMakeFiles/cmTC_6eea6.dir/CMakeCCompilerABI.c.o]
  ignore line: [/usr/bin/gcc   -v -o CMakeFiles/cmTC_6eea6.dir/CMakeCCompilerABI.c.o -c /tools/Xilinx/Vitis/2023.2/tps/lnx64/cmake-3.24.2/share/cmake-3.24/Modules/CMakeCCompilerABI.c]
  ignore line: [Using built-in specs.]
  ignore line: [COLLECT_GCC=/usr/bin/gcc]
  ignore line: [OFFLOAD_TARGET_NAMES=nvptx-none:amdgcn-amdhsa]
  ignore line: [OFFLOAD_TARGET_DEFAULT=1]
  ignore line: [Target: x86_64-linux-gnu]
  ignore line: [Configured with: ../src/configure -v --with-pkgversion='Ubuntu 11.4.0-1ubuntu1~22.04' --with-bugurl=file:///usr/share/doc/gcc-11/README.Bugs --enable-languages=c ada c++ go brig d fortran objc obj-c++ m2 --prefix=/usr --with-gcc-major-version-only --program-suffix=-11 --program-prefix=x86_64-linux-gnu- --enable-shared --enable-linker-build-id --libexecdir=/usr/lib --without-included-gettext --enable-threads=posix --libdir=/usr/lib --enable-nls --enable-bootstrap --enable-clocale=gnu --enable-libstdcxx-debug --enable-libstdcxx-time=yes --with-default-libstdcxx-abi=new --enable-gnu-unique-object --disable-vtable-verify --enable-plugin --enable-default-pie --with-system-zlib --enable-libphobos-checking=release --with-target-system-zlib=auto --enable-objc-gc=auto --enable-multiarch --disable-werror --enable-cet --with-arch-32=i686 --with-abi=m64 --with-multilib-list=m32 m64 mx32 --enable-multilib --with-tune=generic --enable-offload-targets=nvptx-none=/build/gcc-11-XeT9lY/gcc-11-11.4.0/debian/tmp-nvptx/usr amdgcn-amdhsa=/build/gcc-11-XeT9lY/gcc-11-11.4.0/debian/tmp-gcn/usr --without-cuda-driver --enable-checking=release --build=x86_64-linux-gnu --host=x86_64-linux-gnu --target=x86_64-linux-gnu --with-build-config=bootstrap-lto-lean --enable-link-serialization=2]
  ignore line: [Thread model: posix]
  ignore line: [Supported LTO compression algorithms: zlib zstd]
  ignore line: [gcc version 11.4.0 (Ubuntu 11.4.0-1ubuntu1~22.04) ]
  ignore line: [COLLECT_GCC_OPTIONS='-v' '-o' 'CMakeFiles/cmTC_6eea6.dir/CMakeCCompilerABI.c.o' '-c' '-mtune=generic' '-march=x86-64' '-dumpdir' 'CMakeFiles/cmTC_6eea6.dir/']
  ignore line: [ /usr/lib/gcc/x86_64-linux-gnu/11/cc1 -quiet -v -imultiarch x86_64-linux-gnu /tools/Xilinx/Vitis/2023.2/tps/lnx64/cmake-3.24.2/share/cmake-3.24/Modules/CMakeCCompilerABI.c -quiet -dumpdir CMakeFiles/cmTC_6eea6.dir/ -dumpbase CMakeCCompilerABI.c.c -dumpbase-ext .c -mtune=generic -march=x86-64 -version -fasynchronous-unwind-tables -fstack-protector-strong -Wformat -Wformat-security -fstack-clash-protection -fcf-protection -o /tmp/cc0MAwgX.s]
  ignore line: [GNU C17 (Ubuntu 11.4.0-1ubuntu1~22.04) version 11.4.0 (x86_64-linux-gnu)]
  ignore line: [	compiled by GNU C version 11.4.0  GMP version 6.2.1  MPFR version 4.1.0  MPC version 1.2.1  isl version isl-0.24-GMP]
  ignore line: []
  ignore line: [GGC heuristics: --param ggc-min-expand=100 --param ggc-min-heapsize=131072]
  ignore line: [ignoring nonexistent directory "/usr/local/include/x86_64-linux-gnu"]
  ignore line: [ignoring nonexistent directory "/usr/lib/gcc/x86_64-linux-gnu/11/include-fixed"]
  ignore line: [ignoring nonexistent directory "/usr/lib/gcc/x86_64-linux-gnu/11/../../../../x86_64-linux-gnu/include"]
  ignore line: [#include "..." search starts here:]
  ignore line: [#include <...> search starts here:]
  ignore line: [ /usr/lib/gcc/x86_64-linux-gnu/11/include]
  ignore line: [ /usr/local/include]
  ignore line: [ /usr/include/x86_64-linux-gnu]
  ignore line: [ /usr/include]
  ignore line: [End of search list.]
  ignore line: [GNU C17 (Ubuntu 11.4.0-1ubuntu1~22.04) version 11.4.0 (x86_64-linux-gnu)]
  ignore line: [	compiled by GNU C version 11.4.0  GMP version 6.2.1  MPFR version 4.1.0  MPC version 1.2.1  isl version isl-0.24-GMP]
  ignore line: []
  ignore line: [GGC heuristics: --param ggc-min-expand=100 --param ggc-min-heapsize=131072]
  ignore line: [Compiler executable checksum: 50eaa2331df977b8016186198deb2d18]
  ignore line: [COLLECT_GCC_OPTIONS='-v' '-o' 'CMakeFiles/cmTC_6eea6.dir/CMakeCCompilerABI.c.o' '-c' '-mtune=generic' '-march=x86-64' '-dumpdir' 'CMakeFiles/cmTC_6eea6.dir/']
  ignore line: [ as -v --64 -o CMakeFiles/cmTC_6eea6.dir/CMakeCCompilerABI.c.o /tmp/cc0MAwgX.s]
  ignore line: [GNU assembler version 2.38 (x86_64-linux-gnu) using BFD version (GNU Binutils for Ubuntu) 2.38]
  ignore line: [COMPILER_PATH=/usr/lib/gcc/x86_64-linux-gnu/11/:/usr/lib/gcc/x86_64-linux-gnu/11/:/usr/lib/gcc/x86_64-linux-gnu/:/usr/lib/gcc/x86_64-linux-gnu/11/:/usr/lib/gcc/x86_64-linux-gnu/]
  ignore line: [LIBRARY_PATH=/usr/lib/gcc/x86_64-linux-gnu/11/:/usr/lib/gcc/x86_64-linux-gnu/11/../../../x86_64-linux-gnu/:/usr/lib/gcc/x86_64-linux-gnu/11/../../../../lib/:/lib/x86_64-linux-gnu/:/lib/../lib/:/usr/lib/x86_64-linux-gnu/:/usr/lib/../lib/:/usr/lib/gcc/x86_64-linux-gnu/11/../../../:/lib/:/usr/lib/]
  ignore line: [COLLECT_GCC_OPTIONS='-v' '-o' 'CMakeFiles/cmTC_6eea6.dir/CMakeCCompilerABI.c.o' '-c' '-mtune=generic' '-march=x86-64' '-dumpdir' 'CMakeFiles/cmTC_6eea6.dir/CMakeCCompilerABI.c.']
  ignore line: [Linking C executable cmTC_6eea6]
  ignore line: [/tools/Xilinx/Vitis/2023.2/tps/lnx64/cmake-3.24.2/bin/cmake -E cmake_link_script CMakeFiles/cmTC_6eea6.dir/link.txt --verbose=1]
  ignore line: [/usr/bin/gcc  -v CMakeFiles/cmTC_6eea6.dir/CMakeCCompilerABI.c.o -o cmTC_6eea6 ]
  ignore line: [Using built-in specs.]
  ignore line: [COLLECT_GCC=/usr/bin/gcc]
  ignore line: [COLLECT_LTO_WRAPPER=/usr/lib/gcc/x86_64-linux-gnu/11/lto-wrapper]
  ignore line: [OFFLOAD_TARGET_NAMES=nvptx-none:amdgcn-amdhsa]
  ignore line: [OFFLOAD_TARGET_DEFAULT=1]
  ignore line: [Target: x86_64-linux-gnu]
  ignore line: [Configured with: ../src/configure -v --with-pkgversion='Ubuntu 11.4.0-1ubuntu1~22.04' --with-bugurl=file:///usr/share/doc/gcc-11/README.Bugs --enable-languages=c ada c++ go brig d fortran objc obj-c++ m2 --prefix=/usr --with-gcc-major-version-only --program-suffix=-11 --program-prefix=x86_64-linux-gnu- --enable-shared --enable-linker-build-id --libexecdir=/usr/lib --without-included-gettext --enable-threads=posix --libdir=/usr/lib --enable-nls --enable-bootstrap --enable-clocale=gnu --enable-libstdcxx-debug --enable-libstdcxx-time=yes --with-default-libstdcxx-abi=new --enable-gnu-unique-object --disable-vtable-verify --enable-plugin --enable-default-pie --with-system-zlib --enable-libphobos-checking=release --with-target-system-zlib=auto --enable-objc-gc=auto --enable-multiarch --disable-werror --enable-cet --with-arch-32=i686 --with-abi=m64 --with-multilib-list=m32 m64 mx32 --enable-multilib --with-tune=generic --enable-offload-targets=nvptx-none=/build/gcc-11-XeT9lY/gcc-11-11.4.0/debian/tmp-nvptx/usr amdgcn-amdhsa=/build/gcc-11-XeT9lY/gcc-11-11.4.0/debian/tmp-gcn/usr --without-cuda-driver --enable-checking=release --build=x86_64-linux-gnu --host=x86_64-linux-gnu --target=x86_64-linux-gnu --with-build-config=bootstrap-lto-lean --enable-link-serialization=2]
  ignore line: [Thread model: posix]
  ignore line: [Supported LTO compression algorithms: zlib zstd]
  ignore line: [gcc version 11.4.0 (Ubuntu 11.4.0-1ubuntu1~22.04) ]
  ignore line: [COMPILER_PATH=/usr/lib/gcc/x86_64-linux-gnu/11/:/usr/lib/gcc/x86_64-linux-gnu/11/:/usr/lib/gcc/x86_64-linux-gnu/:/usr/lib/gcc/x86_64-linux-gnu/11/:/usr/lib/gcc/x86_64-linux-gnu/]
  ignore line: [LIBRARY_PATH=/usr/lib/gcc/x86_64-linux-gnu/11/:/usr/lib/gcc/x86_64-linux-gnu/11/../../../x86_64-linux-gnu/:/usr/lib/gcc/x86_64-linux-gnu/11/../../../../lib/:/lib/x86_64-linux-gnu/:/lib/../lib/:/usr/lib/x86_64-linux-gnu/:/usr/lib/../lib/:/usr/lib/gcc/x86_64-linux-gnu/11/../../../:/lib/:/usr/lib/]
  ignore line: [COLLECT_GCC_OPTIONS='-v' '-o' 'cmTC_6eea6' '-mtune=generic' '-march=x86-64' '-dumpdir' 'cmTC_6eea6.']
  link line: [ /usr/lib/gcc/x86_64-linux-gnu/11/collect2 -plugin /usr/lib/gcc/x86_64-linux-gnu/11/liblto_plugin.so -plugin-opt=/usr/lib/gcc/x86_64-linux-gnu/11/lto-wrapper -plugin-opt=-fresolution=/tmp/ccFzp7re.res -plugin-opt=-pass-through=-lgcc -plugin-opt=-pass-through=-lgcc_s -plugin-opt=-pass-through=-lc -plugin-opt=-pass-through=-lgcc -plugin-opt=-pass-through=-lgcc_s --build-id --eh-frame-hdr -m elf_x86_64 --hash-style=gnu --as-needed -dynamic-linker /lib64/ld-linux-x86-64.so.2 -pie -z now -z relro -o cmTC_6eea6 /usr/lib/gcc/x86_64-linux-gnu/11/../../../x86_64-linux-gnu/Scrt1.o /usr/lib/gcc/x86_64-linux-gnu/11/../../../x86_64-linux-gnu/crti.o /usr/lib/gcc/x86_64-linux-gnu/11/crtbeginS.o -L/usr/lib/gcc/x86_64-linux-gnu/11 -L/usr/lib/gcc/x86_64-linux-gnu/11/../../../x86_64-linux-gnu -L/usr/lib/gcc/x86_64-linux-gnu/11/../../../../lib -L/lib/x86_64-linux-gnu -L/lib/../lib -L/usr/lib/x86_64-linux-gnu -L/usr/lib/../lib -L/usr/lib/gcc/x86_64-linux-gnu/11/../../.. CMakeFiles/cmTC_6eea6.dir/CMakeCCompilerABI.c.o -lgcc --push-state --as-needed -lgcc_s --pop-state -lc -lgcc --push-state --as-needed -lgcc_s --pop-state /usr/lib/gcc/x86_64-linux-gnu/11/crtendS.o /usr/lib/gcc/x86_64-linux-gnu/11/../../../x86_64-linux-gnu/crtn.o]
    arg [/usr/lib/gcc/x86_64-linux-gnu/11/collect2] ==> ignore
    arg [-plugin] ==> ignore
    arg [/usr/lib/gcc/x86_64-linux-gnu/11/liblto_plugin.so] ==> ignore
    arg [-plugin-opt=/usr/lib/gcc/x86_64-linux-gnu/11/lto-wrapper] ==> ignore
    arg [-plugin-opt=-fresolution=/tmp/ccFzp7re.res] ==> ignore
    arg [-plugin-opt=-pass-through=-lgcc] ==> ignore
    arg [-plugin-opt=-pass-through=-lgcc_s] ==> ignore
    arg [-plugin-opt=-pass-through=-lc] ==> ignore
    arg [-plugin-opt=-pass-through=-lgcc] ==> ignore
    arg [-plugin-opt=-pass-through=-lgcc_s] ==> ignore
    arg [--build-id] ==> ignore
    arg [--eh-frame-hdr] ==> ignore
    arg [-m] ==> ignore
    arg [elf_x86_64] ==> ignore
    arg [--hash-style=gnu] ==> ignore
    arg [--as-needed] ==> ignore
    arg [-dynamic-linker] ==> ignore
    arg [/lib64/ld-linux-x86-64.so.2] ==> ignore
    arg [-pie] ==> ignore
    arg [-znow] ==> ignore
    arg [-zrelro] ==> ignore
    arg [-o] ==> ignore
    arg [cmTC_6eea6] ==> ignore
    arg [/usr/lib/gcc/x86_64-linux-gnu/11/../../../x86_64-linux-gnu/Scrt1.o] ==> obj [/usr/lib/gcc/x86_64-linux-gnu/11/../../../x86_64-linux-gnu/Scrt1.o]
    arg [/usr/lib/gcc/x86_64-linux-gnu/11/../../../x86_64-linux-gnu/crti.o] ==> obj [/usr/lib/gcc/x86_64-linux-gnu/11/../../../x86_64-linux-gnu/crti.o]
    arg [/usr/lib/gcc/x86_64-linux-gnu/11/crtbeginS.o] ==> obj [/usr/lib/gcc/x86_64-linux-gnu/11/crtbeginS.o]
    arg [-L/usr/lib/gcc/x86_64-linux-gnu/11] ==> dir [/usr/lib/gcc/x86_64-linux-gnu/11]
    arg [-L/usr/lib/gcc/x86_64-linux-gnu/11/../../../x86_64-linux-gnu] ==> dir [/usr/lib/gcc/x86_64-linux-gnu/11/../../../x86_64-linux-gnu]
    arg [-L/usr/lib/gcc/x86_64-linux-gnu/11/../../../../lib] ==> dir [/usr/lib/gcc/x86_64-linux-gnu/11/../../../../lib]
    arg [-L/lib/x86_64-linux-gnu] ==> dir [/lib/x86_64-linux-gnu]
    arg [-L/lib/../lib] ==> dir [/lib/../lib]
    arg [-L/usr/lib/x86_64-linux-gnu] ==> dir [/usr/lib/x86_64-linux-gnu]
    arg [-L/usr/lib/../lib] ==> dir [/usr/lib/../lib]
    arg [-L/usr/lib/gcc/x86_64-linux-gnu/11/../../..] ==> dir [/usr/lib/gcc/x86_64-linux-gnu/11/../../..]
    arg [CMakeFiles/cmTC_6eea6.dir/CMakeCCompilerABI.c.o] ==> ignore
    arg [-lgcc] ==> lib [gcc]
    arg [--push-state] ==> ignore
    arg [--as-needed] ==> ignore
    arg [-lgcc_s] ==> lib [gcc_s]
    arg [--pop-state] ==> ignore
    arg [-lc] ==> lib [c]
    arg [-lgcc] ==> lib [gcc]
    arg [--push-state] ==> ignore
    arg [--as-needed] ==> ignore
    arg [-lgcc_s] ==> lib [gcc_s]
    arg [--pop-state] ==> ignore
    arg [/usr/lib/gcc/x86_64-linux-gnu/11/crtendS.o] ==> obj [/usr/lib/gcc/x86_64-linux-gnu/11/crtendS.o]
    arg [/usr/lib/gcc/x86_64-linux-gnu/11/../../../x86_64-linux-gnu/crtn.o] ==> obj [/usr/lib/gcc/x86_64-linux-gnu/11/../../../x86_64-linux-gnu/crtn.o]
  collapse obj [/usr/lib/gcc/x86_64-linux-gnu/11/../../../x86_64-linux-gnu/Scrt1.o] ==> [/usr/lib/x86_64-linux-gnu/Scrt1.o]
  collapse obj [/usr/lib/gcc/x86_64-linux-gnu/11/../../../x86_64-linux-gnu/crti.o] ==> [/usr/lib/x86_64-linux-gnu/crti.o]
  collapse obj [/usr/lib/gcc/x86_64-linux-gnu/11/../../../x86_64-linux-gnu/crtn.o] ==> [/usr/lib/x86_64-linux-gnu/crtn.o]
  collapse library dir [/usr/lib/gcc/x86_64-linux-gnu/11] ==> [/usr/lib/gcc/x86_64-linux-gnu/11]
  collapse library dir [/usr/lib/gcc/x86_64-linux-gnu/11/../../../x86_64-linux-gnu] ==> [/usr/lib/x86_64-linux-gnu]
  collapse library dir [/usr/lib/gcc/x86_64-linux-gnu/11/../../../../lib] ==> [/usr/lib]
  collapse library dir [/lib/x86_64-linux-gnu] ==> [/lib/x86_64-linux-gnu]
  collapse library dir [/lib/../lib] ==> [/lib]
  collapse library dir [/usr/lib/x86_64-linux-gnu] ==> [/usr/lib/x86_64-linux-gnu]
  collapse library dir [/usr/lib/../lib] ==> [/usr/lib]
  collapse library dir [/usr/lib/gcc/x86_64-linux-gnu/11/../../..] ==> [/usr/lib]
  implicit libs: [gcc;gcc_s;c;gcc;gcc_s]
  implicit objs: [/usr/lib/x86_64-linux-gnu/Scrt1.o;/usr/lib/x86_64-linux-gnu/crti.o;/usr/lib/gcc/x86_64-linux-gnu/11/crtbeginS.o;/usr/lib/gcc/x86_64-linux-gnu/11/crtendS.o;/usr/lib/x86_64-linux-gnu/crtn.o]
  implicit dirs: [/usr/lib/gcc/x86_64-linux-gnu/11;/usr/lib/x86_64-linux-gnu;/usr/lib;/lib/x86_64-linux-gnu;/lib]
  implicit fwks: []


Detecting CXX compiler ABI info compiled with the following output:
Change Dir: /home/yzwu/Desktop/soc_test/vadd_host/build/x86sim/CMakeFiles/CMakeTmp

Run Build Command(s):/usr/bin/gmake -f Makefile cmTC_5243a/fast && /usr/bin/gmake  -f CMakeFiles/cmTC_5243a.dir/build.make CMakeFiles/cmTC_5243a.dir/build
gmake[1]: Entering directory '/home/yzwu/Desktop/soc_test/vadd_host/build/x86sim/CMakeFiles/CMakeTmp'
Building CXX object CMakeFiles/cmTC_5243a.dir/CMakeCXXCompilerABI.cpp.o
/usr/bin/g++   -v -o CMakeFiles/cmTC_5243a.dir/CMakeCXXCompilerABI.cpp.o -c /tools/Xilinx/Vitis/2023.2/tps/lnx64/cmake-3.24.2/share/cmake-3.24/Modules/CMakeCXXCompilerABI.cpp
Using built-in specs.
COLLECT_GCC=/usr/bin/g++
OFFLOAD_TARGET_NAMES=nvptx-none:amdgcn-amdhsa
OFFLOAD_TARGET_DEFAULT=1
Target: x86_64-linux-gnu
Configured with: ../src/configure -v --with-pkgversion='Ubuntu 11.4.0-1ubuntu1~22.04' --with-bugurl=file:///usr/share/doc/gcc-11/README.Bugs --enable-languages=c,ada,c++,go,brig,d,fortran,objc,obj-c++,m2 --prefix=/usr --with-gcc-major-version-only --program-suffix=-11 --program-prefix=x86_64-linux-gnu- --enable-shared --enable-linker-build-id --libexecdir=/usr/lib --without-included-gettext --enable-threads=posix --libdir=/usr/lib --enable-nls --enable-bootstrap --enable-clocale=gnu --enable-libstdcxx-debug --enable-libstdcxx-time=yes --with-default-libstdcxx-abi=new --enable-gnu-unique-object --disable-vtable-verify --enable-plugin --enable-default-pie --with-system-zlib --enable-libphobos-checking=release --with-target-system-zlib=auto --enable-objc-gc=auto --enable-multiarch --disable-werror --enable-cet --with-arch-32=i686 --with-abi=m64 --with-multilib-list=m32,m64,mx32 --enable-multilib --with-tune=generic --enable-offload-targets=nvptx-none=/build/gcc-11-XeT9lY/gcc-11-11.4.0/debian/tmp-nvptx/usr,amdgcn-amdhsa=/build/gcc-11-XeT9lY/gcc-11-11.4.0/debian/tmp-gcn/usr --without-cuda-driver --enable-checking=release --build=x86_64-linux-gnu --host=x86_64-linux-gnu --target=x86_64-linux-gnu --with-build-config=bootstrap-lto-lean --enable-link-serialization=2
Thread model: posix
Supported LTO compression algorithms: zlib zstd
gcc version 11.4.0 (Ubuntu 11.4.0-1ubuntu1~22.04) 
COLLECT_GCC_OPTIONS='-v' '-o' 'CMakeFiles/cmTC_5243a.dir/CMakeCXXCompilerABI.cpp.o' '-c' '-shared-libgcc' '-mtune=generic' '-march=x86-64' '-dumpdir' 'CMakeFiles/cmTC_5243a.dir/'
 /usr/lib/gcc/x86_64-linux-gnu/11/cc1plus -quiet -v -imultiarch x86_64-linux-gnu -D_GNU_SOURCE /tools/Xilinx/Vitis/2023.2/tps/lnx64/cmake-3.24.2/share/cmake-3.24/Modules/CMakeCXXCompilerABI.cpp -quiet -dumpdir CMakeFiles/cmTC_5243a.dir/ -dumpbase CMakeCXXCompilerABI.cpp.cpp -dumpbase-ext .cpp -mtune=generic -march=x86-64 -version -fasynchronous-unwind-tables -fstack-protector-strong -Wformat -Wformat-security -fstack-clash-protection -fcf-protection -o /tmp/ccIyjoVG.s
GNU C++17 (Ubuntu 11.4.0-1ubuntu1~22.04) version 11.4.0 (x86_64-linux-gnu)
	compiled by GNU C version 11.4.0, GMP version 6.2.1, MPFR version 4.1.0, MPC version 1.2.1, isl version isl-0.24-GMP

GGC heuristics: --param ggc-min-expand=100 --param ggc-min-heapsize=131072
ignoring duplicate directory "/usr/include/x86_64-linux-gnu/c++/11"
ignoring nonexistent directory "/usr/local/include/x86_64-linux-gnu"
ignoring nonexistent directory "/usr/lib/gcc/x86_64-linux-gnu/11/include-fixed"
ignoring nonexistent directory "/usr/lib/gcc/x86_64-linux-gnu/11/../../../../x86_64-linux-gnu/include"
#include "..." search starts here:
#include <...> search starts here:
 /usr/include/c++/11
 /usr/include/x86_64-linux-gnu/c++/11
 /usr/include/c++/11/backward
 /usr/lib/gcc/x86_64-linux-gnu/11/include
 /usr/local/include
 /usr/include/x86_64-linux-gnu
 /usr/include
End of search list.
GNU C++17 (Ubuntu 11.4.0-1ubuntu1~22.04) version 11.4.0 (x86_64-linux-gnu)
	compiled by GNU C version 11.4.0, GMP version 6.2.1, MPFR version 4.1.0, MPC version 1.2.1, isl version isl-0.24-GMP

GGC heuristics: --param ggc-min-expand=100 --param ggc-min-heapsize=131072
Compiler executable checksum: d591828bb4d392ae8b7b160e5bb0b95f
COLLECT_GCC_OPTIONS='-v' '-o' 'CMakeFiles/cmTC_5243a.dir/CMakeCXXCompilerABI.cpp.o' '-c' '-shared-libgcc' '-mtune=generic' '-march=x86-64' '-dumpdir' 'CMakeFiles/cmTC_5243a.dir/'
 as -v --64 -o CMakeFiles/cmTC_5243a.dir/CMakeCXXCompilerABI.cpp.o /tmp/ccIyjoVG.s
GNU assembler version 2.38 (x86_64-linux-gnu) using BFD version (GNU Binutils for Ubuntu) 2.38
COMPILER_PATH=/usr/lib/gcc/x86_64-linux-gnu/11/:/usr/lib/gcc/x86_64-linux-gnu/11/:/usr/lib/gcc/x86_64-linux-gnu/:/usr/lib/gcc/x86_64-linux-gnu/11/:/usr/lib/gcc/x86_64-linux-gnu/
LIBRARY_PATH=/usr/lib/gcc/x86_64-linux-gnu/11/:/usr/lib/gcc/x86_64-linux-gnu/11/../../../x86_64-linux-gnu/:/usr/lib/gcc/x86_64-linux-gnu/11/../../../../lib/:/lib/x86_64-linux-gnu/:/lib/../lib/:/usr/lib/x86_64-linux-gnu/:/usr/lib/../lib/:/usr/lib/gcc/x86_64-linux-gnu/11/../../../:/lib/:/usr/lib/
COLLECT_GCC_OPTIONS='-v' '-o' 'CMakeFiles/cmTC_5243a.dir/CMakeCXXCompilerABI.cpp.o' '-c' '-shared-libgcc' '-mtune=generic' '-march=x86-64' '-dumpdir' 'CMakeFiles/cmTC_5243a.dir/CMakeCXXCompilerABI.cpp.'
Linking CXX executable cmTC_5243a
/tools/Xilinx/Vitis/2023.2/tps/lnx64/cmake-3.24.2/bin/cmake -E cmake_link_script CMakeFiles/cmTC_5243a.dir/link.txt --verbose=1
/usr/bin/g++  -v CMakeFiles/cmTC_5243a.dir/CMakeCXXCompilerABI.cpp.o -o cmTC_5243a 
Using built-in specs.
COLLECT_GCC=/usr/bin/g++
COLLECT_LTO_WRAPPER=/usr/lib/gcc/x86_64-linux-gnu/11/lto-wrapper
OFFLOAD_TARGET_NAMES=nvptx-none:amdgcn-amdhsa
OFFLOAD_TARGET_DEFAULT=1
Target: x86_64-linux-gnu
Configured with: ../src/configure -v --with-pkgversion='Ubuntu 11.4.0-1ubuntu1~22.04' --with-bugurl=file:///usr/share/doc/gcc-11/README.Bugs --enable-languages=c,ada,c++,go,brig,d,fortran,objc,obj-c++,m2 --prefix=/usr --with-gcc-major-version-only --program-suffix=-11 --program-prefix=x86_64-linux-gnu- --enable-shared --enable-linker-build-id --libexecdir=/usr/lib --without-included-gettext --enable-threads=posix --libdir=/usr/lib --enable-nls --enable-bootstrap --enable-clocale=gnu --enable-libstdcxx-debug --enable-libstdcxx-time=yes --with-default-libstdcxx-abi=new --enable-gnu-unique-object --disable-vtable-verify --enable-plugin --enable-default-pie --with-system-zlib --enable-libphobos-checking=release --with-target-system-zlib=auto --enable-objc-gc=auto --enable-multiarch --disable-werror --enable-cet --with-arch-32=i686 --with-abi=m64 --with-multilib-list=m32,m64,mx32 --enable-multilib --with-tune=generic --enable-offload-targets=nvptx-none=/build/gcc-11-XeT9lY/gcc-11-11.4.0/debian/tmp-nvptx/usr,amdgcn-amdhsa=/build/gcc-11-XeT9lY/gcc-11-11.4.0/debian/tmp-gcn/usr --without-cuda-driver --enable-checking=release --build=x86_64-linux-gnu --host=x86_64-linux-gnu --target=x86_64-linux-gnu --with-build-config=bootstrap-lto-lean --enable-link-serialization=2
Thread model: posix
Supported LTO compression algorithms: zlib zstd
gcc version 11.4.0 (Ubuntu 11.4.0-1ubuntu1~22.04) 
COMPILER_PATH=/usr/lib/gcc/x86_64-linux-gnu/11/:/usr/lib/gcc/x86_64-linux-gnu/11/:/usr/lib/gcc/x86_64-linux-gnu/:/usr/lib/gcc/x86_64-linux-gnu/11/:/usr/lib/gcc/x86_64-linux-gnu/
LIBRARY_PATH=/usr/lib/gcc/x86_64-linux-gnu/11/:/usr/lib/gcc/x86_64-linux-gnu/11/../../../x86_64-linux-gnu/:/usr/lib/gcc/x86_64-linux-gnu/11/../../../../lib/:/lib/x86_64-linux-gnu/:/lib/../lib/:/usr/lib/x86_64-linux-gnu/:/usr/lib/../lib/:/usr/lib/gcc/x86_64-linux-gnu/11/../../../:/lib/:/usr/lib/
COLLECT_GCC_OPTIONS='-v' '-o' 'cmTC_5243a' '-shared-libgcc' '-mtune=generic' '-march=x86-64' '-dumpdir' 'cmTC_5243a.'
 /usr/lib/gcc/x86_64-linux-gnu/11/collect2 -plugin /usr/lib/gcc/x86_64-linux-gnu/11/liblto_plugin.so -plugin-opt=/usr/lib/gcc/x86_64-linux-gnu/11/lto-wrapper -plugin-opt=-fresolution=/tmp/ccnDy5lV.res -plugin-opt=-pass-through=-lgcc_s -plugin-opt=-pass-through=-lgcc -plugin-opt=-pass-through=-lc -plugin-opt=-pass-through=-lgcc_s -plugin-opt=-pass-through=-lgcc --build-id --eh-frame-hdr -m elf_x86_64 --hash-style=gnu --as-needed -dynamic-linker /lib64/ld-linux-x86-64.so.2 -pie -z now -z relro -o cmTC_5243a /usr/lib/gcc/x86_64-linux-gnu/11/../../../x86_64-linux-gnu/Scrt1.o /usr/lib/gcc/x86_64-linux-gnu/11/../../../x86_64-linux-gnu/crti.o /usr/lib/gcc/x86_64-linux-gnu/11/crtbeginS.o -L/usr/lib/gcc/x86_64-linux-gnu/11 -L/usr/lib/gcc/x86_64-linux-gnu/11/../../../x86_64-linux-gnu -L/usr/lib/gcc/x86_64-linux-gnu/11/../../../../lib -L/lib/x86_64-linux-gnu -L/lib/../lib -L/usr/lib/x86_64-linux-gnu -L/usr/lib/../lib -L/usr/lib/gcc/x86_64-linux-gnu/11/../../.. CMakeFiles/cmTC_5243a.dir/CMakeCXXCompilerABI.cpp.o -lstdc++ -lm -lgcc_s -lgcc -lc -lgcc_s -lgcc /usr/lib/gcc/x86_64-linux-gnu/11/crtendS.o /usr/lib/gcc/x86_64-linux-gnu/11/../../../x86_64-linux-gnu/crtn.o
COLLECT_GCC_OPTIONS='-v' '-o' 'cmTC_5243a' '-shared-libgcc' '-mtune=generic' '-march=x86-64' '-dumpdir' 'cmTC_5243a.'
gmake[1]: Leaving directory '/home/yzwu/Desktop/soc_test/vadd_host/build/x86sim/CMakeFiles/CMakeTmp'



Parsed CXX implicit include dir info from above output: rv=done
  found start of include info
  found start of implicit include info
    add: [/usr/include/c++/11]
    add: [/usr/include/x86_64-linux-gnu/c++/11]
    add: [/usr/include/c++/11/backward]
    add: [/usr/lib/gcc/x86_64-linux-gnu/11/include]
    add: [/usr/local/include]
    add: [/usr/include/x86_64-linux-gnu]
    add: [/usr/include]
  end of search list found
  collapse include dir [/usr/include/c++/11] ==> [/usr/include/c++/11]
  collapse include dir [/usr/include/x86_64-linux-gnu/c++/11] ==> [/usr/include/x86_64-linux-gnu/c++/11]
  collapse include dir [/usr/include/c++/11/backward] ==> [/usr/include/c++/11/backward]
  collapse include dir [/usr/lib/gcc/x86_64-linux-gnu/11/include] ==> [/usr/lib/gcc/x86_64-linux-gnu/11/include]
  collapse include dir [/usr/local/include] ==> [/usr/local/include]
  collapse include dir [/usr/include/x86_64-linux-gnu] ==> [/usr/include/x86_64-linux-gnu]
  collapse include dir [/usr/include] ==> [/usr/include]
  implicit include dirs: [/usr/include/c++/11;/usr/include/x86_64-linux-gnu/c++/11;/usr/include/c++/11/backward;/usr/lib/gcc/x86_64-linux-gnu/11/include;/usr/local/include;/usr/include/x86_64-linux-gnu;/usr/include]


Parsed CXX implicit link information from above output:
  link line regex: [^( *|.*[/\])(ld|CMAKE_LINK_STARTFILE-NOTFOUND|([^/\]+-)?ld|collect2)[^/\]*( |$)]
  ignore line: [Change Dir: /home/yzwu/Desktop/soc_test/vadd_host/build/x86sim/CMakeFiles/CMakeTmp]
  ignore line: []
  ignore line: [Run Build Command(s):/usr/bin/gmake -f Makefile cmTC_5243a/fast && /usr/bin/gmake  -f CMakeFiles/cmTC_5243a.dir/build.make CMakeFiles/cmTC_5243a.dir/build]
  ignore line: [gmake[1]: Entering directory '/home/yzwu/Desktop/soc_test/vadd_host/build/x86sim/CMakeFiles/CMakeTmp']
  ignore line: [Building CXX object CMakeFiles/cmTC_5243a.dir/CMakeCXXCompilerABI.cpp.o]
  ignore line: [/usr/bin/g++   -v -o CMakeFiles/cmTC_5243a.dir/CMakeCXXCompilerABI.cpp.o -c /tools/Xilinx/Vitis/2023.2/tps/lnx64/cmake-3.24.2/share/cmake-3.24/Modules/CMakeCXXCompilerABI.cpp]
  ignore line: [Using built-in specs.]
  ignore line: [COLLECT_GCC=/usr/bin/g++]
  ignore line: [OFFLOAD_TARGET_NAMES=nvptx-none:amdgcn-amdhsa]
  ignore line: [OFFLOAD_TARGET_DEFAULT=1]
  ignore line: [Target: x86_64-linux-gnu]
  ignore line: [Configured with: ../src/configure -v --with-pkgversion='Ubuntu 11.4.0-1ubuntu1~22.04' --with-bugurl=file:///usr/share/doc/gcc-11/README.Bugs --enable-languages=c ada c++ go brig d fortran objc obj-c++ m2 --prefix=/usr --with-gcc-major-version-only --program-suffix=-11 --program-prefix=x86_64-linux-gnu- --enable-shared --enable-linker-build-id --libexecdir=/usr/lib --without-included-gettext --enable-threads=posix --libdir=/usr/lib --enable-nls --enable-bootstrap --enable-clocale=gnu --enable-libstdcxx-debug --enable-libstdcxx-time=yes --with-default-libstdcxx-abi=new --enable-gnu-unique-object --disable-vtable-verify --enable-plugin --enable-default-pie --with-system-zlib --enable-libphobos-checking=release --with-target-system-zlib=auto --enable-objc-gc=auto --enable-multiarch --disable-werror --enable-cet --with-arch-32=i686 --with-abi=m64 --with-multilib-list=m32 m64 mx32 --enable-multilib --with-tune=generic --enable-offload-targets=nvptx-none=/build/gcc-11-XeT9lY/gcc-11-11.4.0/debian/tmp-nvptx/usr amdgcn-amdhsa=/build/gcc-11-XeT9lY/gcc-11-11.4.0/debian/tmp-gcn/usr --without-cuda-driver --enable-checking=release --build=x86_64-linux-gnu --host=x86_64-linux-gnu --target=x86_64-linux-gnu --with-build-config=bootstrap-lto-lean --enable-link-serialization=2]
  ignore line: [Thread model: posix]
  ignore line: [Supported LTO compression algorithms: zlib zstd]
  ignore line: [gcc version 11.4.0 (Ubuntu 11.4.0-1ubuntu1~22.04) ]
  ignore line: [COLLECT_GCC_OPTIONS='-v' '-o' 'CMakeFiles/cmTC_5243a.dir/CMakeCXXCompilerABI.cpp.o' '-c' '-shared-libgcc' '-mtune=generic' '-march=x86-64' '-dumpdir' 'CMakeFiles/cmTC_5243a.dir/']
  ignore line: [ /usr/lib/gcc/x86_64-linux-gnu/11/cc1plus -quiet -v -imultiarch x86_64-linux-gnu -D_GNU_SOURCE /tools/Xilinx/Vitis/2023.2/tps/lnx64/cmake-3.24.2/share/cmake-3.24/Modules/CMakeCXXCompilerABI.cpp -quiet -dumpdir CMakeFiles/cmTC_5243a.dir/ -dumpbase CMakeCXXCompilerABI.cpp.cpp -dumpbase-ext .cpp -mtune=generic -march=x86-64 -version -fasynchronous-unwind-tables -fstack-protector-strong -Wformat -Wformat-security -fstack-clash-protection -fcf-protection -o /tmp/ccIyjoVG.s]
  ignore line: [GNU C++17 (Ubuntu 11.4.0-1ubuntu1~22.04) version 11.4.0 (x86_64-linux-gnu)]
  ignore line: [	compiled by GNU C version 11.4.0  GMP version 6.2.1  MPFR version 4.1.0  MPC version 1.2.1  isl version isl-0.24-GMP]
  ignore line: []
  ignore line: [GGC heuristics: --param ggc-min-expand=100 --param ggc-min-heapsize=131072]
  ignore line: [ignoring duplicate directory "/usr/include/x86_64-linux-gnu/c++/11"]
  ignore line: [ignoring nonexistent directory "/usr/local/include/x86_64-linux-gnu"]
  ignore line: [ignoring nonexistent directory "/usr/lib/gcc/x86_64-linux-gnu/11/include-fixed"]
  ignore line: [ignoring nonexistent directory "/usr/lib/gcc/x86_64-linux-gnu/11/../../../../x86_64-linux-gnu/include"]
  ignore line: [#include "..." search starts here:]
  ignore line: [#include <...> search starts here:]
  ignore line: [ /usr/include/c++/11]
  ignore line: [ /usr/include/x86_64-linux-gnu/c++/11]
  ignore line: [ /usr/include/c++/11/backward]
  ignore line: [ /usr/lib/gcc/x86_64-linux-gnu/11/include]
  ignore line: [ /usr/local/include]
  ignore line: [ /usr/include/x86_64-linux-gnu]
  ignore line: [ /usr/include]
  ignore line: [End of search list.]
  ignore line: [GNU C++17 (Ubuntu 11.4.0-1ubuntu1~22.04) version 11.4.0 (x86_64-linux-gnu)]
  ignore line: [	compiled by GNU C version 11.4.0  GMP version 6.2.1  MPFR version 4.1.0  MPC version 1.2.1  isl version isl-0.24-GMP]
  ignore line: []
  ignore line: [GGC heuristics: --param ggc-min-expand=100 --param ggc-min-heapsize=131072]
  ignore line: [Compiler executable checksum: d591828bb4d392ae8b7b160e5bb0b95f]
  ignore line: [COLLECT_GCC_OPTIONS='-v' '-o' 'CMakeFiles/cmTC_5243a.dir/CMakeCXXCompilerABI.cpp.o' '-c' '-shared-libgcc' '-mtune=generic' '-march=x86-64' '-dumpdir' 'CMakeFiles/cmTC_5243a.dir/']
  ignore line: [ as -v --64 -o CMakeFiles/cmTC_5243a.dir/CMakeCXXCompilerABI.cpp.o /tmp/ccIyjoVG.s]
  ignore line: [GNU assembler version 2.38 (x86_64-linux-gnu) using BFD version (GNU Binutils for Ubuntu) 2.38]
  ignore line: [COMPILER_PATH=/usr/lib/gcc/x86_64-linux-gnu/11/:/usr/lib/gcc/x86_64-linux-gnu/11/:/usr/lib/gcc/x86_64-linux-gnu/:/usr/lib/gcc/x86_64-linux-gnu/11/:/usr/lib/gcc/x86_64-linux-gnu/]
  ignore line: [LIBRARY_PATH=/usr/lib/gcc/x86_64-linux-gnu/11/:/usr/lib/gcc/x86_64-linux-gnu/11/../../../x86_64-linux-gnu/:/usr/lib/gcc/x86_64-linux-gnu/11/../../../../lib/:/lib/x86_64-linux-gnu/:/lib/../lib/:/usr/lib/x86_64-linux-gnu/:/usr/lib/../lib/:/usr/lib/gcc/x86_64-linux-gnu/11/../../../:/lib/:/usr/lib/]
  ignore line: [COLLECT_GCC_OPTIONS='-v' '-o' 'CMakeFiles/cmTC_5243a.dir/CMakeCXXCompilerABI.cpp.o' '-c' '-shared-libgcc' '-mtune=generic' '-march=x86-64' '-dumpdir' 'CMakeFiles/cmTC_5243a.dir/CMakeCXXCompilerABI.cpp.']
  ignore line: [Linking CXX executable cmTC_5243a]
  ignore line: [/tools/Xilinx/Vitis/2023.2/tps/lnx64/cmake-3.24.2/bin/cmake -E cmake_link_script CMakeFiles/cmTC_5243a.dir/link.txt --verbose=1]
  ignore line: [/usr/bin/g++  -v CMakeFiles/cmTC_5243a.dir/CMakeCXXCompilerABI.cpp.o -o cmTC_5243a ]
  ignore line: [Using built-in specs.]
  ignore line: [COLLECT_GCC=/usr/bin/g++]
  ignore line: [COLLECT_LTO_WRAPPER=/usr/lib/gcc/x86_64-linux-gnu/11/lto-wrapper]
  ignore line: [OFFLOAD_TARGET_NAMES=nvptx-none:amdgcn-amdhsa]
  ignore line: [OFFLOAD_TARGET_DEFAULT=1]
  ignore line: [Target: x86_64-linux-gnu]
  ignore line: [Configured with: ../src/configure -v --with-pkgversion='Ubuntu 11.4.0-1ubuntu1~22.04' --with-bugurl=file:///usr/share/doc/gcc-11/README.Bugs --enable-languages=c ada c++ go brig d fortran objc obj-c++ m2 --prefix=/usr --with-gcc-major-version-only --program-suffix=-11 --program-prefix=x86_64-linux-gnu- --enable-shared --enable-linker-build-id --libexecdir=/usr/lib --without-included-gettext --enable-threads=posix --libdir=/usr/lib --enable-nls --enable-bootstrap --enable-clocale=gnu --enable-libstdcxx-debug --enable-libstdcxx-time=yes --with-default-libstdcxx-abi=new --enable-gnu-unique-object --disable-vtable-verify --enable-plugin --enable-default-pie --with-system-zlib --enable-libphobos-checking=release --with-target-system-zlib=auto --enable-objc-gc=auto --enable-multiarch --disable-werror --enable-cet --with-arch-32=i686 --with-abi=m64 --with-multilib-list=m32 m64 mx32 --enable-multilib --with-tune=generic --enable-offload-targets=nvptx-none=/build/gcc-11-XeT9lY/gcc-11-11.4.0/debian/tmp-nvptx/usr amdgcn-amdhsa=/build/gcc-11-XeT9lY/gcc-11-11.4.0/debian/tmp-gcn/usr --without-cuda-driver --enable-checking=release --build=x86_64-linux-gnu --host=x86_64-linux-gnu --target=x86_64-linux-gnu --with-build-config=bootstrap-lto-lean --enable-link-serialization=2]
  ignore line: [Thread model: posix]
  ignore line: [Supported LTO compression algorithms: zlib zstd]
  ignore line: [gcc version 11.4.0 (Ubuntu 11.4.0-1ubuntu1~22.04) ]
  ignore line: [COMPILER_PATH=/usr/lib/gcc/x86_64-linux-gnu/11/:/usr/lib/gcc/x86_64-linux-gnu/11/:/usr/lib/gcc/x86_64-linux-gnu/:/usr/lib/gcc/x86_64-linux-gnu/11/:/usr/lib/gcc/x86_64-linux-gnu/]
  ignore line: [LIBRARY_PATH=/usr/lib/gcc/x86_64-linux-gnu/11/:/usr/lib/gcc/x86_64-linux-gnu/11/../../../x86_64-linux-gnu/:/usr/lib/gcc/x86_64-linux-gnu/11/../../../../lib/:/lib/x86_64-linux-gnu/:/lib/../lib/:/usr/lib/x86_64-linux-gnu/:/usr/lib/../lib/:/usr/lib/gcc/x86_64-linux-gnu/11/../../../:/lib/:/usr/lib/]
  ignore line: [COLLECT_GCC_OPTIONS='-v' '-o' 'cmTC_5243a' '-shared-libgcc' '-mtune=generic' '-march=x86-64' '-dumpdir' 'cmTC_5243a.']
  link line: [ /usr/lib/gcc/x86_64-linux-gnu/11/collect2 -plugin /usr/lib/gcc/x86_64-linux-gnu/11/liblto_plugin.so -plugin-opt=/usr/lib/gcc/x86_64-linux-gnu/11/lto-wrapper -plugin-opt=-fresolution=/tmp/ccnDy5lV.res -plugin-opt=-pass-through=-lgcc_s -plugin-opt=-pass-through=-lgcc -plugin-opt=-pass-through=-lc -plugin-opt=-pass-through=-lgcc_s -plugin-opt=-pass-through=-lgcc --build-id --eh-frame-hdr -m elf_x86_64 --hash-style=gnu --as-needed -dynamic-linker /lib64/ld-linux-x86-64.so.2 -pie -z now -z relro -o cmTC_5243a /usr/lib/gcc/x86_64-linux-gnu/11/../../../x86_64-linux-gnu/Scrt1.o /usr/lib/gcc/x86_64-linux-gnu/11/../../../x86_64-linux-gnu/crti.o /usr/lib/gcc/x86_64-linux-gnu/11/crtbeginS.o -L/usr/lib/gcc/x86_64-linux-gnu/11 -L/usr/lib/gcc/x86_64-linux-gnu/11/../../../x86_64-linux-gnu -L/usr/lib/gcc/x86_64-linux-gnu/11/../../../../lib -L/lib/x86_64-linux-gnu -L/lib/../lib -L/usr/lib/x86_64-linux-gnu -L/usr/lib/../lib -L/usr/lib/gcc/x86_64-linux-gnu/11/../../.. CMakeFiles/cmTC_5243a.dir/CMakeCXXCompilerABI.cpp.o -lstdc++ -lm -lgcc_s -lgcc -lc -lgcc_s -lgcc /usr/lib/gcc/x86_64-linux-gnu/11/crtendS.o /usr/lib/gcc/x86_64-linux-gnu/11/../../../x86_64-linux-gnu/crtn.o]
    arg [/usr/lib/gcc/x86_64-linux-gnu/11/collect2] ==> ignore
    arg [-plugin] ==> ignore
    arg [/usr/lib/gcc/x86_64-linux-gnu/11/liblto_plugin.so] ==> ignore
    arg [-plugin-opt=/usr/lib/gcc/x86_64-linux-gnu/11/lto-wrapper] ==> ignore
    arg [-plugin-opt=-fresolution=/tmp/ccnDy5lV.res] ==> ignore
    arg [-plugin-opt=-pass-through=-lgcc_s] ==> ignore
    arg [-plugin-opt=-pass-through=-lgcc] ==> ignore
    arg [-plugin-opt=-pass-through=-lc] ==> ignore
    arg [-plugin-opt=-pass-through=-lgcc_s] ==> ignore
    arg [-plugin-opt=-pass-through=-lgcc] ==> ignore
    arg [--build-id] ==> ignore
    arg [--eh-frame-hdr] ==> ignore
    arg [-m] ==> ignore
    arg [elf_x86_64] ==> ignore
    arg [--hash-style=gnu] ==> ignore
    arg [--as-needed] ==> ignore
    arg [-dynamic-linker] ==> ignore
    arg [/lib64/ld-linux-x86-64.so.2] ==> ignore
    arg [-pie] ==> ignore
    arg [-znow] ==> ignore
    arg [-zrelro] ==> ignore
    arg [-o] ==> ignore
    arg [cmTC_5243a] ==> ignore
    arg [/usr/lib/gcc/x86_64-linux-gnu/11/../../../x86_64-linux-gnu/Scrt1.o] ==> obj [/usr/lib/gcc/x86_64-linux-gnu/11/../../../x86_64-linux-gnu/Scrt1.o]
    arg [/usr/lib/gcc/x86_64-linux-gnu/11/../../../x86_64-linux-gnu/crti.o] ==> obj [/usr/lib/gcc/x86_64-linux-gnu/11/../../../x86_64-linux-gnu/crti.o]
    arg [/usr/lib/gcc/x86_64-linux-gnu/11/crtbeginS.o] ==> obj [/usr/lib/gcc/x86_64-linux-gnu/11/crtbeginS.o]
    arg [-L/usr/lib/gcc/x86_64-linux-gnu/11] ==> dir [/usr/lib/gcc/x86_64-linux-gnu/11]
    arg [-L/usr/lib/gcc/x86_64-linux-gnu/11/../../../x86_64-linux-gnu] ==> dir [/usr/lib/gcc/x86_64-linux-gnu/11/../../../x86_64-linux-gnu]
    arg [-L/usr/lib/gcc/x86_64-linux-gnu/11/../../../../lib] ==> dir [/usr/lib/gcc/x86_64-linux-gnu/11/../../../../lib]
    arg [-L/lib/x86_64-linux-gnu] ==> dir [/lib/x86_64-linux-gnu]
    arg [-L/lib/../lib] ==> dir [/lib/../lib]
    arg [-L/usr/lib/x86_64-linux-gnu] ==> dir [/usr/lib/x86_64-linux-gnu]
    arg [-L/usr/lib/../lib] ==> dir [/usr/lib/../lib]
    arg [-L/usr/lib/gcc/x86_64-linux-gnu/11/../../..] ==> dir [/usr/lib/gcc/x86_64-linux-gnu/11/../../..]
    arg [CMakeFiles/cmTC_5243a.dir/CMakeCXXCompilerABI.cpp.o] ==> ignore
    arg [-lstdc++] ==> lib [stdc++]
    arg [-lm] ==> lib [m]
    arg [-lgcc_s] ==> lib [gcc_s]
    arg [-lgcc] ==> lib [gcc]
    arg [-lc] ==> lib [c]
    arg [-lgcc_s] ==> lib [gcc_s]
    arg [-lgcc] ==> lib [gcc]
    arg [/usr/lib/gcc/x86_64-linux-gnu/11/crtendS.o] ==> obj [/usr/lib/gcc/x86_64-linux-gnu/11/crtendS.o]
    arg [/usr/lib/gcc/x86_64-linux-gnu/11/../../../x86_64-linux-gnu/crtn.o] ==> obj [/usr/lib/gcc/x86_64-linux-gnu/11/../../../x86_64-linux-gnu/crtn.o]
  collapse obj [/usr/lib/gcc/x86_64-linux-gnu/11/../../../x86_64-linux-gnu/Scrt1.o] ==> [/usr/lib/x86_64-linux-gnu/Scrt1.o]
  collapse obj [/usr/lib/gcc/x86_64-linux-gnu/11/../../../x86_64-linux-gnu/crti.o] ==> [/usr/lib/x86_64-linux-gnu/crti.o]
  collapse obj [/usr/lib/gcc/x86_64-linux-gnu/11/../../../x86_64-linux-gnu/crtn.o] ==> [/usr/lib/x86_64-linux-gnu/crtn.o]
  collapse library dir [/usr/lib/gcc/x86_64-linux-gnu/11] ==> [/usr/lib/gcc/x86_64-linux-gnu/11]
  collapse library dir [/usr/lib/gcc/x86_64-linux-gnu/11/../../../x86_64-linux-gnu] ==> [/usr/lib/x86_64-linux-gnu]
  collapse library dir [/usr/lib/gcc/x86_64-linux-gnu/11/../../../../lib] ==> [/usr/lib]
  collapse library dir [/lib/x86_64-linux-gnu] ==> [/lib/x86_64-linux-gnu]
  collapse library dir [/lib/../lib] ==> [/lib]
  collapse library dir [/usr/lib/x86_64-linux-gnu] ==> [/usr/lib/x86_64-linux-gnu]
  collapse library dir [/usr/lib/../lib] ==> [/usr/lib]
  collapse library dir [/usr/lib/gcc/x86_64-linux-gnu/11/../../..] ==> [/usr/lib]
  implicit libs: [stdc++;m;gcc_s;gcc;c;gcc_s;gcc]
  implicit objs: [/usr/lib/x86_64-linux-gnu/Scrt1.o;/usr/lib/x86_64-linux-gnu/crti.o;/usr/lib/gcc/x86_64-linux-gnu/11/crtbeginS.o;/usr/lib/gcc/x86_64-linux-gnu/11/crtendS.o;/usr/lib/x86_64-linux-gnu/crtn.o]
  implicit dirs: [/usr/lib/gcc/x86_64-linux-gnu/11;/usr/lib/x86_64-linux-gnu;/usr/lib;/lib/x86_64-linux-gnu;/lib]
  implicit fwks: []


Determining if the CL_VERSION_3_0 exist passed with the following output:
Change Dir: /home/yzwu/Desktop/soc_test/vadd_host/build/x86sim/CMakeFiles/CMakeTmp

Run Build Command(s):/usr/bin/gmake -f Makefile cmTC_f196b/fast && /usr/bin/gmake  -f CMakeFiles/cmTC_f196b.dir/build.make CMakeFiles/cmTC_f196b.dir/build
gmake[1]: Entering directory '/home/yzwu/Desktop/soc_test/vadd_host/build/x86sim/CMakeFiles/CMakeTmp'
Building C object CMakeFiles/cmTC_f196b.dir/CheckSymbolExists.c.o
/usr/bin/gcc    -o CMakeFiles/cmTC_f196b.dir/CheckSymbolExists.c.o -c /home/yzwu/Desktop/soc_test/vadd_host/build/x86sim/CMakeFiles/CMakeTmp/CheckSymbolExists.c
In file included from /usr/include/CL/cl.h:20,
                 from /home/yzwu/Desktop/soc_test/vadd_host/build/x86sim/CMakeFiles/CMakeTmp/CheckSymbolExists.c:2:
/usr/include/CL/cl_version.h:22:9: note: ‘#pragma message: cl_version.h: CL_TARGET_OPENCL_VERSION is not defined. Defaulting to 300 (OpenCL 3.0)’
   22 | #pragma message("cl_version.h: CL_TARGET_OPENCL_VERSION is not defined. Defaulting to 300 (OpenCL 3.0)")
      |         ^~~~~~~
Linking C executable cmTC_f196b
/tools/Xilinx/Vitis/2023.2/tps/lnx64/cmake-3.24.2/bin/cmake -E cmake_link_script CMakeFiles/cmTC_f196b.dir/link.txt --verbose=1
/usr/bin/gcc CMakeFiles/cmTC_f196b.dir/CheckSymbolExists.c.o -o cmTC_f196b 
gmake[1]: Leaving directory '/home/yzwu/Desktop/soc_test/vadd_host/build/x86sim/CMakeFiles/CMakeTmp'


File /home/yzwu/Desktop/soc_test/vadd_host/build/x86sim/CMakeFiles/CMakeTmp/CheckSymbolExists.c:
/* */
#include </usr/include/CL/cl.h>

int main(int argc, char** argv)
{
  (void)argv;
#ifndef CL_VERSION_3_0
  return ((int*)(&CL_VERSION_3_0))[argc];
#else
  (void)argc;
  return 0;
#endif
}
The system is: Linux - 6.5.0-15-generic - x86_64
Compiling the C compiler identification source file "CMakeCCompilerId.c" succeeded.
Compiler: /usr/bin/gcc 
Build flags: 
Id flags:  

The output was:
0


Compilation of the C compiler identification source "CMakeCCompilerId.c" produced "a.out"

The C compiler identification is GNU, found in "/home/yzwu/Desktop/soc_test/vadd_host/build/x86sim/CMakeFiles/3.24.2/CompilerIdC/a.out"

Compiling the CXX compiler identification source file "CMakeCXXCompilerId.cpp" succeeded.
Compiler: /usr/bin/g++ 
Build flags: 
Id flags:  

The output was:
0


Compilation of the CXX compiler identification source "CMakeCXXCompilerId.cpp" produced "a.out"

The CXX compiler identification is GNU, found in "/home/yzwu/Desktop/soc_test/vadd_host/build/x86sim/CMakeFiles/3.24.2/CompilerIdCXX/a.out"

Detecting C compiler ABI info compiled with the following output:
Change Dir: /home/yzwu/Desktop/soc_test/vadd_host/build/x86sim/CMakeFiles/CMakeTmp

Run Build Command(s):/usr/bin/gmake -f Makefile cmTC_26663/fast && /usr/bin/gmake  -f CMakeFiles/cmTC_26663.dir/build.make CMakeFiles/cmTC_26663.dir/build
gmake[1]: Entering directory '/home/yzwu/Desktop/soc_test/vadd_host/build/x86sim/CMakeFiles/CMakeTmp'
Building C object CMakeFiles/cmTC_26663.dir/CMakeCCompilerABI.c.o
/usr/bin/gcc   -v -o CMakeFiles/cmTC_26663.dir/CMakeCCompilerABI.c.o -c /tools/Xilinx/Vitis/2023.2/tps/lnx64/cmake-3.24.2/share/cmake-3.24/Modules/CMakeCCompilerABI.c
Using built-in specs.
COLLECT_GCC=/usr/bin/gcc
OFFLOAD_TARGET_NAMES=nvptx-none:amdgcn-amdhsa
OFFLOAD_TARGET_DEFAULT=1
Target: x86_64-linux-gnu
Configured with: ../src/configure -v --with-pkgversion='Ubuntu 11.4.0-1ubuntu1~22.04' --with-bugurl=file:///usr/share/doc/gcc-11/README.Bugs --enable-languages=c,ada,c++,go,brig,d,fortran,objc,obj-c++,m2 --prefix=/usr --with-gcc-major-version-only --program-suffix=-11 --program-prefix=x86_64-linux-gnu- --enable-shared --enable-linker-build-id --libexecdir=/usr/lib --without-included-gettext --enable-threads=posix --libdir=/usr/lib --enable-nls --enable-bootstrap --enable-clocale=gnu --enable-libstdcxx-debug --enable-libstdcxx-time=yes --with-default-libstdcxx-abi=new --enable-gnu-unique-object --disable-vtable-verify --enable-plugin --enable-default-pie --with-system-zlib --enable-libphobos-checking=release --with-target-system-zlib=auto --enable-objc-gc=auto --enable-multiarch --disable-werror --enable-cet --with-arch-32=i686 --with-abi=m64 --with-multilib-list=m32,m64,mx32 --enable-multilib --with-tune=generic --enable-offload-targets=nvptx-none=/build/gcc-11-XeT9lY/gcc-11-11.4.0/debian/tmp-nvptx/usr,amdgcn-amdhsa=/build/gcc-11-XeT9lY/gcc-11-11.4.0/debian/tmp-gcn/usr --without-cuda-driver --enable-checking=release --build=x86_64-linux-gnu --host=x86_64-linux-gnu --target=x86_64-linux-gnu --with-build-config=bootstrap-lto-lean --enable-link-serialization=2
Thread model: posix
Supported LTO compression algorithms: zlib zstd
gcc version 11.4.0 (Ubuntu 11.4.0-1ubuntu1~22.04) 
COLLECT_GCC_OPTIONS='-v' '-o' 'CMakeFiles/cmTC_26663.dir/CMakeCCompilerABI.c.o' '-c' '-mtune=generic' '-march=x86-64' '-dumpdir' 'CMakeFiles/cmTC_26663.dir/'
 /usr/lib/gcc/x86_64-linux-gnu/11/cc1 -quiet -v -imultiarch x86_64-linux-gnu /tools/Xilinx/Vitis/2023.2/tps/lnx64/cmake-3.24.2/share/cmake-3.24/Modules/CMakeCCompilerABI.c -quiet -dumpdir CMakeFiles/cmTC_26663.dir/ -dumpbase CMakeCCompilerABI.c.c -dumpbase-ext .c -mtune=generic -march=x86-64 -version -fasynchronous-unwind-tables -fstack-protector-strong -Wformat -Wformat-security -fstack-clash-protection -fcf-protection -o /tmp/ccNXAou6.s
GNU C17 (Ubuntu 11.4.0-1ubuntu1~22.04) version 11.4.0 (x86_64-linux-gnu)
	compiled by GNU C version 11.4.0, GMP version 6.2.1, MPFR version 4.1.0, MPC version 1.2.1, isl version isl-0.24-GMP

GGC heuristics: --param ggc-min-expand=100 --param ggc-min-heapsize=131072
ignoring nonexistent directory "/usr/local/include/x86_64-linux-gnu"
ignoring nonexistent directory "/usr/lib/gcc/x86_64-linux-gnu/11/include-fixed"
ignoring nonexistent directory "/usr/lib/gcc/x86_64-linux-gnu/11/../../../../x86_64-linux-gnu/include"
#include "..." search starts here:
#include <...> search starts here:
 /usr/lib/gcc/x86_64-linux-gnu/11/include
 /usr/local/include
 /usr/include/x86_64-linux-gnu
 /usr/include
End of search list.
GNU C17 (Ubuntu 11.4.0-1ubuntu1~22.04) version 11.4.0 (x86_64-linux-gnu)
	compiled by GNU C version 11.4.0, GMP version 6.2.1, MPFR version 4.1.0, MPC version 1.2.1, isl version isl-0.24-GMP

GGC heuristics: --param ggc-min-expand=100 --param ggc-min-heapsize=131072
Compiler executable checksum: 50eaa2331df977b8016186198deb2d18
COLLECT_GCC_OPTIONS='-v' '-o' 'CMakeFiles/cmTC_26663.dir/CMakeCCompilerABI.c.o' '-c' '-mtune=generic' '-march=x86-64' '-dumpdir' 'CMakeFiles/cmTC_26663.dir/'
 as -v --64 -o CMakeFiles/cmTC_26663.dir/CMakeCCompilerABI.c.o /tmp/ccNXAou6.s
GNU assembler version 2.38 (x86_64-linux-gnu) using BFD version (GNU Binutils for Ubuntu) 2.38
COMPILER_PATH=/usr/lib/gcc/x86_64-linux-gnu/11/:/usr/lib/gcc/x86_64-linux-gnu/11/:/usr/lib/gcc/x86_64-linux-gnu/:/usr/lib/gcc/x86_64-linux-gnu/11/:/usr/lib/gcc/x86_64-linux-gnu/
LIBRARY_PATH=/usr/lib/gcc/x86_64-linux-gnu/11/:/usr/lib/gcc/x86_64-linux-gnu/11/../../../x86_64-linux-gnu/:/usr/lib/gcc/x86_64-linux-gnu/11/../../../../lib/:/lib/x86_64-linux-gnu/:/lib/../lib/:/usr/lib/x86_64-linux-gnu/:/usr/lib/../lib/:/usr/lib/gcc/x86_64-linux-gnu/11/../../../:/lib/:/usr/lib/
COLLECT_GCC_OPTIONS='-v' '-o' 'CMakeFiles/cmTC_26663.dir/CMakeCCompilerABI.c.o' '-c' '-mtune=generic' '-march=x86-64' '-dumpdir' 'CMakeFiles/cmTC_26663.dir/CMakeCCompilerABI.c.'
Linking C executable cmTC_26663
/tools/Xilinx/Vitis/2023.2/tps/lnx64/cmake-3.24.2/bin/cmake -E cmake_link_script CMakeFiles/cmTC_26663.dir/link.txt --verbose=1
/usr/bin/gcc  -v CMakeFiles/cmTC_26663.dir/CMakeCCompilerABI.c.o -o cmTC_26663 
Using built-in specs.
COLLECT_GCC=/usr/bin/gcc
COLLECT_LTO_WRAPPER=/usr/lib/gcc/x86_64-linux-gnu/11/lto-wrapper
OFFLOAD_TARGET_NAMES=nvptx-none:amdgcn-amdhsa
OFFLOAD_TARGET_DEFAULT=1
Target: x86_64-linux-gnu
Configured with: ../src/configure -v --with-pkgversion='Ubuntu 11.4.0-1ubuntu1~22.04' --with-bugurl=file:///usr/share/doc/gcc-11/README.Bugs --enable-languages=c,ada,c++,go,brig,d,fortran,objc,obj-c++,m2 --prefix=/usr --with-gcc-major-version-only --program-suffix=-11 --program-prefix=x86_64-linux-gnu- --enable-shared --enable-linker-build-id --libexecdir=/usr/lib --without-included-gettext --enable-threads=posix --libdir=/usr/lib --enable-nls --enable-bootstrap --enable-clocale=gnu --enable-libstdcxx-debug --enable-libstdcxx-time=yes --with-default-libstdcxx-abi=new --enable-gnu-unique-object --disable-vtable-verify --enable-plugin --enable-default-pie --with-system-zlib --enable-libphobos-checking=release --with-target-system-zlib=auto --enable-objc-gc=auto --enable-multiarch --disable-werror --enable-cet --with-arch-32=i686 --with-abi=m64 --with-multilib-list=m32,m64,mx32 --enable-multilib --with-tune=generic --enable-offload-targets=nvptx-none=/build/gcc-11-XeT9lY/gcc-11-11.4.0/debian/tmp-nvptx/usr,amdgcn-amdhsa=/build/gcc-11-XeT9lY/gcc-11-11.4.0/debian/tmp-gcn/usr --without-cuda-driver --enable-checking=release --build=x86_64-linux-gnu --host=x86_64-linux-gnu --target=x86_64-linux-gnu --with-build-config=bootstrap-lto-lean --enable-link-serialization=2
Thread model: posix
Supported LTO compression algorithms: zlib zstd
gcc version 11.4.0 (Ubuntu 11.4.0-1ubuntu1~22.04) 
COMPILER_PATH=/usr/lib/gcc/x86_64-linux-gnu/11/:/usr/lib/gcc/x86_64-linux-gnu/11/:/usr/lib/gcc/x86_64-linux-gnu/:/usr/lib/gcc/x86_64-linux-gnu/11/:/usr/lib/gcc/x86_64-linux-gnu/
LIBRARY_PATH=/usr/lib/gcc/x86_64-linux-gnu/11/:/usr/lib/gcc/x86_64-linux-gnu/11/../../../x86_64-linux-gnu/:/usr/lib/gcc/x86_64-linux-gnu/11/../../../../lib/:/lib/x86_64-linux-gnu/:/lib/../lib/:/usr/lib/x86_64-linux-gnu/:/usr/lib/../lib/:/usr/lib/gcc/x86_64-linux-gnu/11/../../../:/lib/:/usr/lib/
COLLECT_GCC_OPTIONS='-v' '-o' 'cmTC_26663' '-mtune=generic' '-march=x86-64' '-dumpdir' 'cmTC_26663.'
 /usr/lib/gcc/x86_64-linux-gnu/11/collect2 -plugin /usr/lib/gcc/x86_64-linux-gnu/11/liblto_plugin.so -plugin-opt=/usr/lib/gcc/x86_64-linux-gnu/11/lto-wrapper -plugin-opt=-fresolution=/tmp/cc83dvyj.res -plugin-opt=-pass-through=-lgcc -plugin-opt=-pass-through=-lgcc_s -plugin-opt=-pass-through=-lc -plugin-opt=-pass-through=-lgcc -plugin-opt=-pass-through=-lgcc_s --build-id --eh-frame-hdr -m elf_x86_64 --hash-style=gnu --as-needed -dynamic-linker /lib64/ld-linux-x86-64.so.2 -pie -z now -z relro -o cmTC_26663 /usr/lib/gcc/x86_64-linux-gnu/11/../../../x86_64-linux-gnu/Scrt1.o /usr/lib/gcc/x86_64-linux-gnu/11/../../../x86_64-linux-gnu/crti.o /usr/lib/gcc/x86_64-linux-gnu/11/crtbeginS.o -L/usr/lib/gcc/x86_64-linux-gnu/11 -L/usr/lib/gcc/x86_64-linux-gnu/11/../../../x86_64-linux-gnu -L/usr/lib/gcc/x86_64-linux-gnu/11/../../../../lib -L/lib/x86_64-linux-gnu -L/lib/../lib -L/usr/lib/x86_64-linux-gnu -L/usr/lib/../lib -L/usr/lib/gcc/x86_64-linux-gnu/11/../../.. CMakeFiles/cmTC_26663.dir/CMakeCCompilerABI.c.o -lgcc --push-state --as-needed -lgcc_s --pop-state -lc -lgcc --push-state --as-needed -lgcc_s --pop-state /usr/lib/gcc/x86_64-linux-gnu/11/crtendS.o /usr/lib/gcc/x86_64-linux-gnu/11/../../../x86_64-linux-gnu/crtn.o
COLLECT_GCC_OPTIONS='-v' '-o' 'cmTC_26663' '-mtune=generic' '-march=x86-64' '-dumpdir' 'cmTC_26663.'
gmake[1]: Leaving directory '/home/yzwu/Desktop/soc_test/vadd_host/build/x86sim/CMakeFiles/CMakeTmp'



Parsed C implicit include dir info from above output: rv=done
  found start of include info
  found start of implicit include info
    add: [/usr/lib/gcc/x86_64-linux-gnu/11/include]
    add: [/usr/local/include]
    add: [/usr/include/x86_64-linux-gnu]
    add: [/usr/include]
  end of search list found
  collapse include dir [/usr/lib/gcc/x86_64-linux-gnu/11/include] ==> [/usr/lib/gcc/x86_64-linux-gnu/11/include]
  collapse include dir [/usr/local/include] ==> [/usr/local/include]
  collapse include dir [/usr/include/x86_64-linux-gnu] ==> [/usr/include/x86_64-linux-gnu]
  collapse include dir [/usr/include] ==> [/usr/include]
  implicit include dirs: [/usr/lib/gcc/x86_64-linux-gnu/11/include;/usr/local/include;/usr/include/x86_64-linux-gnu;/usr/include]


Parsed C implicit link information from above output:
  link line regex: [^( *|.*[/\])(ld|CMAKE_LINK_STARTFILE-NOTFOUND|([^/\]+-)?ld|collect2)[^/\]*( |$)]
  ignore line: [Change Dir: /home/yzwu/Desktop/soc_test/vadd_host/build/x86sim/CMakeFiles/CMakeTmp]
  ignore line: []
  ignore line: [Run Build Command(s):/usr/bin/gmake -f Makefile cmTC_26663/fast && /usr/bin/gmake  -f CMakeFiles/cmTC_26663.dir/build.make CMakeFiles/cmTC_26663.dir/build]
  ignore line: [gmake[1]: Entering directory '/home/yzwu/Desktop/soc_test/vadd_host/build/x86sim/CMakeFiles/CMakeTmp']
  ignore line: [Building C object CMakeFiles/cmTC_26663.dir/CMakeCCompilerABI.c.o]
  ignore line: [/usr/bin/gcc   -v -o CMakeFiles/cmTC_26663.dir/CMakeCCompilerABI.c.o -c /tools/Xilinx/Vitis/2023.2/tps/lnx64/cmake-3.24.2/share/cmake-3.24/Modules/CMakeCCompilerABI.c]
  ignore line: [Using built-in specs.]
  ignore line: [COLLECT_GCC=/usr/bin/gcc]
  ignore line: [OFFLOAD_TARGET_NAMES=nvptx-none:amdgcn-amdhsa]
  ignore line: [OFFLOAD_TARGET_DEFAULT=1]
  ignore line: [Target: x86_64-linux-gnu]
  ignore line: [Configured with: ../src/configure -v --with-pkgversion='Ubuntu 11.4.0-1ubuntu1~22.04' --with-bugurl=file:///usr/share/doc/gcc-11/README.Bugs --enable-languages=c ada c++ go brig d fortran objc obj-c++ m2 --prefix=/usr --with-gcc-major-version-only --program-suffix=-11 --program-prefix=x86_64-linux-gnu- --enable-shared --enable-linker-build-id --libexecdir=/usr/lib --without-included-gettext --enable-threads=posix --libdir=/usr/lib --enable-nls --enable-bootstrap --enable-clocale=gnu --enable-libstdcxx-debug --enable-libstdcxx-time=yes --with-default-libstdcxx-abi=new --enable-gnu-unique-object --disable-vtable-verify --enable-plugin --enable-default-pie --with-system-zlib --enable-libphobos-checking=release --with-target-system-zlib=auto --enable-objc-gc=auto --enable-multiarch --disable-werror --enable-cet --with-arch-32=i686 --with-abi=m64 --with-multilib-list=m32 m64 mx32 --enable-multilib --with-tune=generic --enable-offload-targets=nvptx-none=/build/gcc-11-XeT9lY/gcc-11-11.4.0/debian/tmp-nvptx/usr amdgcn-amdhsa=/build/gcc-11-XeT9lY/gcc-11-11.4.0/debian/tmp-gcn/usr --without-cuda-driver --enable-checking=release --build=x86_64-linux-gnu --host=x86_64-linux-gnu --target=x86_64-linux-gnu --with-build-config=bootstrap-lto-lean --enable-link-serialization=2]
  ignore line: [Thread model: posix]
  ignore line: [Supported LTO compression algorithms: zlib zstd]
  ignore line: [gcc version 11.4.0 (Ubuntu 11.4.0-1ubuntu1~22.04) ]
  ignore line: [COLLECT_GCC_OPTIONS='-v' '-o' 'CMakeFiles/cmTC_26663.dir/CMakeCCompilerABI.c.o' '-c' '-mtune=generic' '-march=x86-64' '-dumpdir' 'CMakeFiles/cmTC_26663.dir/']
  ignore line: [ /usr/lib/gcc/x86_64-linux-gnu/11/cc1 -quiet -v -imultiarch x86_64-linux-gnu /tools/Xilinx/Vitis/2023.2/tps/lnx64/cmake-3.24.2/share/cmake-3.24/Modules/CMakeCCompilerABI.c -quiet -dumpdir CMakeFiles/cmTC_26663.dir/ -dumpbase CMakeCCompilerABI.c.c -dumpbase-ext .c -mtune=generic -march=x86-64 -version -fasynchronous-unwind-tables -fstack-protector-strong -Wformat -Wformat-security -fstack-clash-protection -fcf-protection -o /tmp/ccNXAou6.s]
  ignore line: [GNU C17 (Ubuntu 11.4.0-1ubuntu1~22.04) version 11.4.0 (x86_64-linux-gnu)]
  ignore line: [	compiled by GNU C version 11.4.0  GMP version 6.2.1  MPFR version 4.1.0  MPC version 1.2.1  isl version isl-0.24-GMP]
  ignore line: []
  ignore line: [GGC heuristics: --param ggc-min-expand=100 --param ggc-min-heapsize=131072]
  ignore line: [ignoring nonexistent directory "/usr/local/include/x86_64-linux-gnu"]
  ignore line: [ignoring nonexistent directory "/usr/lib/gcc/x86_64-linux-gnu/11/include-fixed"]
  ignore line: [ignoring nonexistent directory "/usr/lib/gcc/x86_64-linux-gnu/11/../../../../x86_64-linux-gnu/include"]
  ignore line: [#include "..." search starts here:]
  ignore line: [#include <...> search starts here:]
  ignore line: [ /usr/lib/gcc/x86_64-linux-gnu/11/include]
  ignore line: [ /usr/local/include]
  ignore line: [ /usr/include/x86_64-linux-gnu]
  ignore line: [ /usr/include]
  ignore line: [End of search list.]
  ignore line: [GNU C17 (Ubuntu 11.4.0-1ubuntu1~22.04) version 11.4.0 (x86_64-linux-gnu)]
  ignore line: [	compiled by GNU C version 11.4.0  GMP version 6.2.1  MPFR version 4.1.0  MPC version 1.2.1  isl version isl-0.24-GMP]
  ignore line: []
  ignore line: [GGC heuristics: --param ggc-min-expand=100 --param ggc-min-heapsize=131072]
  ignore line: [Compiler executable checksum: 50eaa2331df977b8016186198deb2d18]
  ignore line: [COLLECT_GCC_OPTIONS='-v' '-o' 'CMakeFiles/cmTC_26663.dir/CMakeCCompilerABI.c.o' '-c' '-mtune=generic' '-march=x86-64' '-dumpdir' 'CMakeFiles/cmTC_26663.dir/']
  ignore line: [ as -v --64 -o CMakeFiles/cmTC_26663.dir/CMakeCCompilerABI.c.o /tmp/ccNXAou6.s]
  ignore line: [GNU assembler version 2.38 (x86_64-linux-gnu) using BFD version (GNU Binutils for Ubuntu) 2.38]
  ignore line: [COMPILER_PATH=/usr/lib/gcc/x86_64-linux-gnu/11/:/usr/lib/gcc/x86_64-linux-gnu/11/:/usr/lib/gcc/x86_64-linux-gnu/:/usr/lib/gcc/x86_64-linux-gnu/11/:/usr/lib/gcc/x86_64-linux-gnu/]
  ignore line: [LIBRARY_PATH=/usr/lib/gcc/x86_64-linux-gnu/11/:/usr/lib/gcc/x86_64-linux-gnu/11/../../../x86_64-linux-gnu/:/usr/lib/gcc/x86_64-linux-gnu/11/../../../../lib/:/lib/x86_64-linux-gnu/:/lib/../lib/:/usr/lib/x86_64-linux-gnu/:/usr/lib/../lib/:/usr/lib/gcc/x86_64-linux-gnu/11/../../../:/lib/:/usr/lib/]
  ignore line: [COLLECT_GCC_OPTIONS='-v' '-o' 'CMakeFiles/cmTC_26663.dir/CMakeCCompilerABI.c.o' '-c' '-mtune=generic' '-march=x86-64' '-dumpdir' 'CMakeFiles/cmTC_26663.dir/CMakeCCompilerABI.c.']
  ignore line: [Linking C executable cmTC_26663]
  ignore line: [/tools/Xilinx/Vitis/2023.2/tps/lnx64/cmake-3.24.2/bin/cmake -E cmake_link_script CMakeFiles/cmTC_26663.dir/link.txt --verbose=1]
  ignore line: [/usr/bin/gcc  -v CMakeFiles/cmTC_26663.dir/CMakeCCompilerABI.c.o -o cmTC_26663 ]
  ignore line: [Using built-in specs.]
  ignore line: [COLLECT_GCC=/usr/bin/gcc]
  ignore line: [COLLECT_LTO_WRAPPER=/usr/lib/gcc/x86_64-linux-gnu/11/lto-wrapper]
  ignore line: [OFFLOAD_TARGET_NAMES=nvptx-none:amdgcn-amdhsa]
  ignore line: [OFFLOAD_TARGET_DEFAULT=1]
  ignore line: [Target: x86_64-linux-gnu]
  ignore line: [Configured with: ../src/configure -v --with-pkgversion='Ubuntu 11.4.0-1ubuntu1~22.04' --with-bugurl=file:///usr/share/doc/gcc-11/README.Bugs --enable-languages=c ada c++ go brig d fortran objc obj-c++ m2 --prefix=/usr --with-gcc-major-version-only --program-suffix=-11 --program-prefix=x86_64-linux-gnu- --enable-shared --enable-linker-build-id --libexecdir=/usr/lib --without-included-gettext --enable-threads=posix --libdir=/usr/lib --enable-nls --enable-bootstrap --enable-clocale=gnu --enable-libstdcxx-debug --enable-libstdcxx-time=yes --with-default-libstdcxx-abi=new --enable-gnu-unique-object --disable-vtable-verify --enable-plugin --enable-default-pie --with-system-zlib --enable-libphobos-checking=release --with-target-system-zlib=auto --enable-objc-gc=auto --enable-multiarch --disable-werror --enable-cet --with-arch-32=i686 --with-abi=m64 --with-multilib-list=m32 m64 mx32 --enable-multilib --with-tune=generic --enable-offload-targets=nvptx-none=/build/gcc-11-XeT9lY/gcc-11-11.4.0/debian/tmp-nvptx/usr amdgcn-amdhsa=/build/gcc-11-XeT9lY/gcc-11-11.4.0/debian/tmp-gcn/usr --without-cuda-driver --enable-checking=release --build=x86_64-linux-gnu --host=x86_64-linux-gnu --target=x86_64-linux-gnu --with-build-config=bootstrap-lto-lean --enable-link-serialization=2]
  ignore line: [Thread model: posix]
  ignore line: [Supported LTO compression algorithms: zlib zstd]
  ignore line: [gcc version 11.4.0 (Ubuntu 11.4.0-1ubuntu1~22.04) ]
  ignore line: [COMPILER_PATH=/usr/lib/gcc/x86_64-linux-gnu/11/:/usr/lib/gcc/x86_64-linux-gnu/11/:/usr/lib/gcc/x86_64-linux-gnu/:/usr/lib/gcc/x86_64-linux-gnu/11/:/usr/lib/gcc/x86_64-linux-gnu/]
  ignore line: [LIBRARY_PATH=/usr/lib/gcc/x86_64-linux-gnu/11/:/usr/lib/gcc/x86_64-linux-gnu/11/../../../x86_64-linux-gnu/:/usr/lib/gcc/x86_64-linux-gnu/11/../../../../lib/:/lib/x86_64-linux-gnu/:/lib/../lib/:/usr/lib/x86_64-linux-gnu/:/usr/lib/../lib/:/usr/lib/gcc/x86_64-linux-gnu/11/../../../:/lib/:/usr/lib/]
  ignore line: [COLLECT_GCC_OPTIONS='-v' '-o' 'cmTC_26663' '-mtune=generic' '-march=x86-64' '-dumpdir' 'cmTC_26663.']
  link line: [ /usr/lib/gcc/x86_64-linux-gnu/11/collect2 -plugin /usr/lib/gcc/x86_64-linux-gnu/11/liblto_plugin.so -plugin-opt=/usr/lib/gcc/x86_64-linux-gnu/11/lto-wrapper -plugin-opt=-fresolution=/tmp/cc83dvyj.res -plugin-opt=-pass-through=-lgcc -plugin-opt=-pass-through=-lgcc_s -plugin-opt=-pass-through=-lc -plugin-opt=-pass-through=-lgcc -plugin-opt=-pass-through=-lgcc_s --build-id --eh-frame-hdr -m elf_x86_64 --hash-style=gnu --as-needed -dynamic-linker /lib64/ld-linux-x86-64.so.2 -pie -z now -z relro -o cmTC_26663 /usr/lib/gcc/x86_64-linux-gnu/11/../../../x86_64-linux-gnu/Scrt1.o /usr/lib/gcc/x86_64-linux-gnu/11/../../../x86_64-linux-gnu/crti.o /usr/lib/gcc/x86_64-linux-gnu/11/crtbeginS.o -L/usr/lib/gcc/x86_64-linux-gnu/11 -L/usr/lib/gcc/x86_64-linux-gnu/11/../../../x86_64-linux-gnu -L/usr/lib/gcc/x86_64-linux-gnu/11/../../../../lib -L/lib/x86_64-linux-gnu -L/lib/../lib -L/usr/lib/x86_64-linux-gnu -L/usr/lib/../lib -L/usr/lib/gcc/x86_64-linux-gnu/11/../../.. CMakeFiles/cmTC_26663.dir/CMakeCCompilerABI.c.o -lgcc --push-state --as-needed -lgcc_s --pop-state -lc -lgcc --push-state --as-needed -lgcc_s --pop-state /usr/lib/gcc/x86_64-linux-gnu/11/crtendS.o /usr/lib/gcc/x86_64-linux-gnu/11/../../../x86_64-linux-gnu/crtn.o]
    arg [/usr/lib/gcc/x86_64-linux-gnu/11/collect2] ==> ignore
    arg [-plugin] ==> ignore
    arg [/usr/lib/gcc/x86_64-linux-gnu/11/liblto_plugin.so] ==> ignore
    arg [-plugin-opt=/usr/lib/gcc/x86_64-linux-gnu/11/lto-wrapper] ==> ignore
    arg [-plugin-opt=-fresolution=/tmp/cc83dvyj.res] ==> ignore
    arg [-plugin-opt=-pass-through=-lgcc] ==> ignore
    arg [-plugin-opt=-pass-through=-lgcc_s] ==> ignore
    arg [-plugin-opt=-pass-through=-lc] ==> ignore
    arg [-plugin-opt=-pass-through=-lgcc] ==> ignore
    arg [-plugin-opt=-pass-through=-lgcc_s] ==> ignore
    arg [--build-id] ==> ignore
    arg [--eh-frame-hdr] ==> ignore
    arg [-m] ==> ignore
    arg [elf_x86_64] ==> ignore
    arg [--hash-style=gnu] ==> ignore
    arg [--as-needed] ==> ignore
    arg [-dynamic-linker] ==> ignore
    arg [/lib64/ld-linux-x86-64.so.2] ==> ignore
    arg [-pie] ==> ignore
    arg [-znow] ==> ignore
    arg [-zrelro] ==> ignore
    arg [-o] ==> ignore
    arg [cmTC_26663] ==> ignore
    arg [/usr/lib/gcc/x86_64-linux-gnu/11/../../../x86_64-linux-gnu/Scrt1.o] ==> obj [/usr/lib/gcc/x86_64-linux-gnu/11/../../../x86_64-linux-gnu/Scrt1.o]
    arg [/usr/lib/gcc/x86_64-linux-gnu/11/../../../x86_64-linux-gnu/crti.o] ==> obj [/usr/lib/gcc/x86_64-linux-gnu/11/../../../x86_64-linux-gnu/crti.o]
    arg [/usr/lib/gcc/x86_64-linux-gnu/11/crtbeginS.o] ==> obj [/usr/lib/gcc/x86_64-linux-gnu/11/crtbeginS.o]
    arg [-L/usr/lib/gcc/x86_64-linux-gnu/11] ==> dir [/usr/lib/gcc/x86_64-linux-gnu/11]
    arg [-L/usr/lib/gcc/x86_64-linux-gnu/11/../../../x86_64-linux-gnu] ==> dir [/usr/lib/gcc/x86_64-linux-gnu/11/../../../x86_64-linux-gnu]
    arg [-L/usr/lib/gcc/x86_64-linux-gnu/11/../../../../lib] ==> dir [/usr/lib/gcc/x86_64-linux-gnu/11/../../../../lib]
    arg [-L/lib/x86_64-linux-gnu] ==> dir [/lib/x86_64-linux-gnu]
    arg [-L/lib/../lib] ==> dir [/lib/../lib]
    arg [-L/usr/lib/x86_64-linux-gnu] ==> dir [/usr/lib/x86_64-linux-gnu]
    arg [-L/usr/lib/../lib] ==> dir [/usr/lib/../lib]
    arg [-L/usr/lib/gcc/x86_64-linux-gnu/11/../../..] ==> dir [/usr/lib/gcc/x86_64-linux-gnu/11/../../..]
    arg [CMakeFiles/cmTC_26663.dir/CMakeCCompilerABI.c.o] ==> ignore
    arg [-lgcc] ==> lib [gcc]
    arg [--push-state] ==> ignore
    arg [--as-needed] ==> ignore
    arg [-lgcc_s] ==> lib [gcc_s]
    arg [--pop-state] ==> ignore
    arg [-lc] ==> lib [c]
    arg [-lgcc] ==> lib [gcc]
    arg [--push-state] ==> ignore
    arg [--as-needed] ==> ignore
    arg [-lgcc_s] ==> lib [gcc_s]
    arg [--pop-state] ==> ignore
    arg [/usr/lib/gcc/x86_64-linux-gnu/11/crtendS.o] ==> obj [/usr/lib/gcc/x86_64-linux-gnu/11/crtendS.o]
    arg [/usr/lib/gcc/x86_64-linux-gnu/11/../../../x86_64-linux-gnu/crtn.o] ==> obj [/usr/lib/gcc/x86_64-linux-gnu/11/../../../x86_64-linux-gnu/crtn.o]
  collapse obj [/usr/lib/gcc/x86_64-linux-gnu/11/../../../x86_64-linux-gnu/Scrt1.o] ==> [/usr/lib/x86_64-linux-gnu/Scrt1.o]
  collapse obj [/usr/lib/gcc/x86_64-linux-gnu/11/../../../x86_64-linux-gnu/crti.o] ==> [/usr/lib/x86_64-linux-gnu/crti.o]
  collapse obj [/usr/lib/gcc/x86_64-linux-gnu/11/../../../x86_64-linux-gnu/crtn.o] ==> [/usr/lib/x86_64-linux-gnu/crtn.o]
  collapse library dir [/usr/lib/gcc/x86_64-linux-gnu/11] ==> [/usr/lib/gcc/x86_64-linux-gnu/11]
  collapse library dir [/usr/lib/gcc/x86_64-linux-gnu/11/../../../x86_64-linux-gnu] ==> [/usr/lib/x86_64-linux-gnu]
  collapse library dir [/usr/lib/gcc/x86_64-linux-gnu/11/../../../../lib] ==> [/usr/lib]
  collapse library dir [/lib/x86_64-linux-gnu] ==> [/lib/x86_64-linux-gnu]
  collapse library dir [/lib/../lib] ==> [/lib]
  collapse library dir [/usr/lib/x86_64-linux-gnu] ==> [/usr/lib/x86_64-linux-gnu]
  collapse library dir [/usr/lib/../lib] ==> [/usr/lib]
  collapse library dir [/usr/lib/gcc/x86_64-linux-gnu/11/../../..] ==> [/usr/lib]
  implicit libs: [gcc;gcc_s;c;gcc;gcc_s]
  implicit objs: [/usr/lib/x86_64-linux-gnu/Scrt1.o;/usr/lib/x86_64-linux-gnu/crti.o;/usr/lib/gcc/x86_64-linux-gnu/11/crtbeginS.o;/usr/lib/gcc/x86_64-linux-gnu/11/crtendS.o;/usr/lib/x86_64-linux-gnu/crtn.o]
  implicit dirs: [/usr/lib/gcc/x86_64-linux-gnu/11;/usr/lib/x86_64-linux-gnu;/usr/lib;/lib/x86_64-linux-gnu;/lib]
  implicit fwks: []


Detecting CXX compiler ABI info compiled with the following output:
Change Dir: /home/yzwu/Desktop/soc_test/vadd_host/build/x86sim/CMakeFiles/CMakeTmp

Run Build Command(s):/usr/bin/gmake -f Makefile cmTC_0e670/fast && /usr/bin/gmake  -f CMakeFiles/cmTC_0e670.dir/build.make CMakeFiles/cmTC_0e670.dir/build
gmake[1]: Entering directory '/home/yzwu/Desktop/soc_test/vadd_host/build/x86sim/CMakeFiles/CMakeTmp'
Building CXX object CMakeFiles/cmTC_0e670.dir/CMakeCXXCompilerABI.cpp.o
/usr/bin/g++   -v -o CMakeFiles/cmTC_0e670.dir/CMakeCXXCompilerABI.cpp.o -c /tools/Xilinx/Vitis/2023.2/tps/lnx64/cmake-3.24.2/share/cmake-3.24/Modules/CMakeCXXCompilerABI.cpp
Using built-in specs.
COLLECT_GCC=/usr/bin/g++
OFFLOAD_TARGET_NAMES=nvptx-none:amdgcn-amdhsa
OFFLOAD_TARGET_DEFAULT=1
Target: x86_64-linux-gnu
Configured with: ../src/configure -v --with-pkgversion='Ubuntu 11.4.0-1ubuntu1~22.04' --with-bugurl=file:///usr/share/doc/gcc-11/README.Bugs --enable-languages=c,ada,c++,go,brig,d,fortran,objc,obj-c++,m2 --prefix=/usr --with-gcc-major-version-only --program-suffix=-11 --program-prefix=x86_64-linux-gnu- --enable-shared --enable-linker-build-id --libexecdir=/usr/lib --without-included-gettext --enable-threads=posix --libdir=/usr/lib --enable-nls --enable-bootstrap --enable-clocale=gnu --enable-libstdcxx-debug --enable-libstdcxx-time=yes --with-default-libstdcxx-abi=new --enable-gnu-unique-object --disable-vtable-verify --enable-plugin --enable-default-pie --with-system-zlib --enable-libphobos-checking=release --with-target-system-zlib=auto --enable-objc-gc=auto --enable-multiarch --disable-werror --enable-cet --with-arch-32=i686 --with-abi=m64 --with-multilib-list=m32,m64,mx32 --enable-multilib --with-tune=generic --enable-offload-targets=nvptx-none=/build/gcc-11-XeT9lY/gcc-11-11.4.0/debian/tmp-nvptx/usr,amdgcn-amdhsa=/build/gcc-11-XeT9lY/gcc-11-11.4.0/debian/tmp-gcn/usr --without-cuda-driver --enable-checking=release --build=x86_64-linux-gnu --host=x86_64-linux-gnu --target=x86_64-linux-gnu --with-build-config=bootstrap-lto-lean --enable-link-serialization=2
Thread model: posix
Supported LTO compression algorithms: zlib zstd
gcc version 11.4.0 (Ubuntu 11.4.0-1ubuntu1~22.04) 
COLLECT_GCC_OPTIONS='-v' '-o' 'CMakeFiles/cmTC_0e670.dir/CMakeCXXCompilerABI.cpp.o' '-c' '-shared-libgcc' '-mtune=generic' '-march=x86-64' '-dumpdir' 'CMakeFiles/cmTC_0e670.dir/'
 /usr/lib/gcc/x86_64-linux-gnu/11/cc1plus -quiet -v -imultiarch x86_64-linux-gnu -D_GNU_SOURCE /tools/Xilinx/Vitis/2023.2/tps/lnx64/cmake-3.24.2/share/cmake-3.24/Modules/CMakeCXXCompilerABI.cpp -quiet -dumpdir CMakeFiles/cmTC_0e670.dir/ -dumpbase CMakeCXXCompilerABI.cpp.cpp -dumpbase-ext .cpp -mtune=generic -march=x86-64 -version -fasynchronous-unwind-tables -fstack-protector-strong -Wformat -Wformat-security -fstack-clash-protection -fcf-protection -o /tmp/cc1auNvh.s
GNU C++17 (Ubuntu 11.4.0-1ubuntu1~22.04) version 11.4.0 (x86_64-linux-gnu)
	compiled by GNU C version 11.4.0, GMP version 6.2.1, MPFR version 4.1.0, MPC version 1.2.1, isl version isl-0.24-GMP

GGC heuristics: --param ggc-min-expand=100 --param ggc-min-heapsize=131072
ignoring duplicate directory "/usr/include/x86_64-linux-gnu/c++/11"
ignoring nonexistent directory "/usr/local/include/x86_64-linux-gnu"
ignoring nonexistent directory "/usr/lib/gcc/x86_64-linux-gnu/11/include-fixed"
ignoring nonexistent directory "/usr/lib/gcc/x86_64-linux-gnu/11/../../../../x86_64-linux-gnu/include"
#include "..." search starts here:
#include <...> search starts here:
 /usr/include/c++/11
 /usr/include/x86_64-linux-gnu/c++/11
 /usr/include/c++/11/backward
 /usr/lib/gcc/x86_64-linux-gnu/11/include
 /usr/local/include
 /usr/include/x86_64-linux-gnu
 /usr/include
End of search list.
GNU C++17 (Ubuntu 11.4.0-1ubuntu1~22.04) version 11.4.0 (x86_64-linux-gnu)
	compiled by GNU C version 11.4.0, GMP version 6.2.1, MPFR version 4.1.0, MPC version 1.2.1, isl version isl-0.24-GMP

GGC heuristics: --param ggc-min-expand=100 --param ggc-min-heapsize=131072
Compiler executable checksum: d591828bb4d392ae8b7b160e5bb0b95f
COLLECT_GCC_OPTIONS='-v' '-o' 'CMakeFiles/cmTC_0e670.dir/CMakeCXXCompilerABI.cpp.o' '-c' '-shared-libgcc' '-mtune=generic' '-march=x86-64' '-dumpdir' 'CMakeFiles/cmTC_0e670.dir/'
 as -v --64 -o CMakeFiles/cmTC_0e670.dir/CMakeCXXCompilerABI.cpp.o /tmp/cc1auNvh.s
GNU assembler version 2.38 (x86_64-linux-gnu) using BFD version (GNU Binutils for Ubuntu) 2.38
COMPILER_PATH=/usr/lib/gcc/x86_64-linux-gnu/11/:/usr/lib/gcc/x86_64-linux-gnu/11/:/usr/lib/gcc/x86_64-linux-gnu/:/usr/lib/gcc/x86_64-linux-gnu/11/:/usr/lib/gcc/x86_64-linux-gnu/
LIBRARY_PATH=/usr/lib/gcc/x86_64-linux-gnu/11/:/usr/lib/gcc/x86_64-linux-gnu/11/../../../x86_64-linux-gnu/:/usr/lib/gcc/x86_64-linux-gnu/11/../../../../lib/:/lib/x86_64-linux-gnu/:/lib/../lib/:/usr/lib/x86_64-linux-gnu/:/usr/lib/../lib/:/usr/lib/gcc/x86_64-linux-gnu/11/../../../:/lib/:/usr/lib/
COLLECT_GCC_OPTIONS='-v' '-o' 'CMakeFiles/cmTC_0e670.dir/CMakeCXXCompilerABI.cpp.o' '-c' '-shared-libgcc' '-mtune=generic' '-march=x86-64' '-dumpdir' 'CMakeFiles/cmTC_0e670.dir/CMakeCXXCompilerABI.cpp.'
Linking CXX executable cmTC_0e670
/tools/Xilinx/Vitis/2023.2/tps/lnx64/cmake-3.24.2/bin/cmake -E cmake_link_script CMakeFiles/cmTC_0e670.dir/link.txt --verbose=1
/usr/bin/g++  -v CMakeFiles/cmTC_0e670.dir/CMakeCXXCompilerABI.cpp.o -o cmTC_0e670 
Using built-in specs.
COLLECT_GCC=/usr/bin/g++
COLLECT_LTO_WRAPPER=/usr/lib/gcc/x86_64-linux-gnu/11/lto-wrapper
OFFLOAD_TARGET_NAMES=nvptx-none:amdgcn-amdhsa
OFFLOAD_TARGET_DEFAULT=1
Target: x86_64-linux-gnu
Configured with: ../src/configure -v --with-pkgversion='Ubuntu 11.4.0-1ubuntu1~22.04' --with-bugurl=file:///usr/share/doc/gcc-11/README.Bugs --enable-languages=c,ada,c++,go,brig,d,fortran,objc,obj-c++,m2 --prefix=/usr --with-gcc-major-version-only --program-suffix=-11 --program-prefix=x86_64-linux-gnu- --enable-shared --enable-linker-build-id --libexecdir=/usr/lib --without-included-gettext --enable-threads=posix --libdir=/usr/lib --enable-nls --enable-bootstrap --enable-clocale=gnu --enable-libstdcxx-debug --enable-libstdcxx-time=yes --with-default-libstdcxx-abi=new --enable-gnu-unique-object --disable-vtable-verify --enable-plugin --enable-default-pie --with-system-zlib --enable-libphobos-checking=release --with-target-system-zlib=auto --enable-objc-gc=auto --enable-multiarch --disable-werror --enable-cet --with-arch-32=i686 --with-abi=m64 --with-multilib-list=m32,m64,mx32 --enable-multilib --with-tune=generic --enable-offload-targets=nvptx-none=/build/gcc-11-XeT9lY/gcc-11-11.4.0/debian/tmp-nvptx/usr,amdgcn-amdhsa=/build/gcc-11-XeT9lY/gcc-11-11.4.0/debian/tmp-gcn/usr --without-cuda-driver --enable-checking=release --build=x86_64-linux-gnu --host=x86_64-linux-gnu --target=x86_64-linux-gnu --with-build-config=bootstrap-lto-lean --enable-link-serialization=2
Thread model: posix
Supported LTO compression algorithms: zlib zstd
gcc version 11.4.0 (Ubuntu 11.4.0-1ubuntu1~22.04) 
COMPILER_PATH=/usr/lib/gcc/x86_64-linux-gnu/11/:/usr/lib/gcc/x86_64-linux-gnu/11/:/usr/lib/gcc/x86_64-linux-gnu/:/usr/lib/gcc/x86_64-linux-gnu/11/:/usr/lib/gcc/x86_64-linux-gnu/
LIBRARY_PATH=/usr/lib/gcc/x86_64-linux-gnu/11/:/usr/lib/gcc/x86_64-linux-gnu/11/../../../x86_64-linux-gnu/:/usr/lib/gcc/x86_64-linux-gnu/11/../../../../lib/:/lib/x86_64-linux-gnu/:/lib/../lib/:/usr/lib/x86_64-linux-gnu/:/usr/lib/../lib/:/usr/lib/gcc/x86_64-linux-gnu/11/../../../:/lib/:/usr/lib/
COLLECT_GCC_OPTIONS='-v' '-o' 'cmTC_0e670' '-shared-libgcc' '-mtune=generic' '-march=x86-64' '-dumpdir' 'cmTC_0e670.'
 /usr/lib/gcc/x86_64-linux-gnu/11/collect2 -plugin /usr/lib/gcc/x86_64-linux-gnu/11/liblto_plugin.so -plugin-opt=/usr/lib/gcc/x86_64-linux-gnu/11/lto-wrapper -plugin-opt=-fresolution=/tmp/ccDUju0Q.res -plugin-opt=-pass-through=-lgcc_s -plugin-opt=-pass-through=-lgcc -plugin-opt=-pass-through=-lc -plugin-opt=-pass-through=-lgcc_s -plugin-opt=-pass-through=-lgcc --build-id --eh-frame-hdr -m elf_x86_64 --hash-style=gnu --as-needed -dynamic-linker /lib64/ld-linux-x86-64.so.2 -pie -z now -z relro -o cmTC_0e670 /usr/lib/gcc/x86_64-linux-gnu/11/../../../x86_64-linux-gnu/Scrt1.o /usr/lib/gcc/x86_64-linux-gnu/11/../../../x86_64-linux-gnu/crti.o /usr/lib/gcc/x86_64-linux-gnu/11/crtbeginS.o -L/usr/lib/gcc/x86_64-linux-gnu/11 -L/usr/lib/gcc/x86_64-linux-gnu/11/../../../x86_64-linux-gnu -L/usr/lib/gcc/x86_64-linux-gnu/11/../../../../lib -L/lib/x86_64-linux-gnu -L/lib/../lib -L/usr/lib/x86_64-linux-gnu -L/usr/lib/../lib -L/usr/lib/gcc/x86_64-linux-gnu/11/../../.. CMakeFiles/cmTC_0e670.dir/CMakeCXXCompilerABI.cpp.o -lstdc++ -lm -lgcc_s -lgcc -lc -lgcc_s -lgcc /usr/lib/gcc/x86_64-linux-gnu/11/crtendS.o /usr/lib/gcc/x86_64-linux-gnu/11/../../../x86_64-linux-gnu/crtn.o
COLLECT_GCC_OPTIONS='-v' '-o' 'cmTC_0e670' '-shared-libgcc' '-mtune=generic' '-march=x86-64' '-dumpdir' 'cmTC_0e670.'
gmake[1]: Leaving directory '/home/yzwu/Desktop/soc_test/vadd_host/build/x86sim/CMakeFiles/CMakeTmp'



Parsed CXX implicit include dir info from above output: rv=done
  found start of include info
  found start of implicit include info
    add: [/usr/include/c++/11]
    add: [/usr/include/x86_64-linux-gnu/c++/11]
    add: [/usr/include/c++/11/backward]
    add: [/usr/lib/gcc/x86_64-linux-gnu/11/include]
    add: [/usr/local/include]
    add: [/usr/include/x86_64-linux-gnu]
    add: [/usr/include]
  end of search list found
  collapse include dir [/usr/include/c++/11] ==> [/usr/include/c++/11]
  collapse include dir [/usr/include/x86_64-linux-gnu/c++/11] ==> [/usr/include/x86_64-linux-gnu/c++/11]
  collapse include dir [/usr/include/c++/11/backward] ==> [/usr/include/c++/11/backward]
  collapse include dir [/usr/lib/gcc/x86_64-linux-gnu/11/include] ==> [/usr/lib/gcc/x86_64-linux-gnu/11/include]
  collapse include dir [/usr/local/include] ==> [/usr/local/include]
  collapse include dir [/usr/include/x86_64-linux-gnu] ==> [/usr/include/x86_64-linux-gnu]
  collapse include dir [/usr/include] ==> [/usr/include]
  implicit include dirs: [/usr/include/c++/11;/usr/include/x86_64-linux-gnu/c++/11;/usr/include/c++/11/backward;/usr/lib/gcc/x86_64-linux-gnu/11/include;/usr/local/include;/usr/include/x86_64-linux-gnu;/usr/include]


Parsed CXX implicit link information from above output:
  link line regex: [^( *|.*[/\])(ld|CMAKE_LINK_STARTFILE-NOTFOUND|([^/\]+-)?ld|collect2)[^/\]*( |$)]
  ignore line: [Change Dir: /home/yzwu/Desktop/soc_test/vadd_host/build/x86sim/CMakeFiles/CMakeTmp]
  ignore line: []
  ignore line: [Run Build Command(s):/usr/bin/gmake -f Makefile cmTC_0e670/fast && /usr/bin/gmake  -f CMakeFiles/cmTC_0e670.dir/build.make CMakeFiles/cmTC_0e670.dir/build]
  ignore line: [gmake[1]: Entering directory '/home/yzwu/Desktop/soc_test/vadd_host/build/x86sim/CMakeFiles/CMakeTmp']
  ignore line: [Building CXX object CMakeFiles/cmTC_0e670.dir/CMakeCXXCompilerABI.cpp.o]
  ignore line: [/usr/bin/g++   -v -o CMakeFiles/cmTC_0e670.dir/CMakeCXXCompilerABI.cpp.o -c /tools/Xilinx/Vitis/2023.2/tps/lnx64/cmake-3.24.2/share/cmake-3.24/Modules/CMakeCXXCompilerABI.cpp]
  ignore line: [Using built-in specs.]
  ignore line: [COLLECT_GCC=/usr/bin/g++]
  ignore line: [OFFLOAD_TARGET_NAMES=nvptx-none:amdgcn-amdhsa]
  ignore line: [OFFLOAD_TARGET_DEFAULT=1]
  ignore line: [Target: x86_64-linux-gnu]
  ignore line: [Configured with: ../src/configure -v --with-pkgversion='Ubuntu 11.4.0-1ubuntu1~22.04' --with-bugurl=file:///usr/share/doc/gcc-11/README.Bugs --enable-languages=c ada c++ go brig d fortran objc obj-c++ m2 --prefix=/usr --with-gcc-major-version-only --program-suffix=-11 --program-prefix=x86_64-linux-gnu- --enable-shared --enable-linker-build-id --libexecdir=/usr/lib --without-included-gettext --enable-threads=posix --libdir=/usr/lib --enable-nls --enable-bootstrap --enable-clocale=gnu --enable-libstdcxx-debug --enable-libstdcxx-time=yes --with-default-libstdcxx-abi=new --enable-gnu-unique-object --disable-vtable-verify --enable-plugin --enable-default-pie --with-system-zlib --enable-libphobos-checking=release --with-target-system-zlib=auto --enable-objc-gc=auto --enable-multiarch --disable-werror --enable-cet --with-arch-32=i686 --with-abi=m64 --with-multilib-list=m32 m64 mx32 --enable-multilib --with-tune=generic --enable-offload-targets=nvptx-none=/build/gcc-11-XeT9lY/gcc-11-11.4.0/debian/tmp-nvptx/usr amdgcn-amdhsa=/build/gcc-11-XeT9lY/gcc-11-11.4.0/debian/tmp-gcn/usr --without-cuda-driver --enable-checking=release --build=x86_64-linux-gnu --host=x86_64-linux-gnu --target=x86_64-linux-gnu --with-build-config=bootstrap-lto-lean --enable-link-serialization=2]
  ignore line: [Thread model: posix]
  ignore line: [Supported LTO compression algorithms: zlib zstd]
  ignore line: [gcc version 11.4.0 (Ubuntu 11.4.0-1ubuntu1~22.04) ]
  ignore line: [COLLECT_GCC_OPTIONS='-v' '-o' 'CMakeFiles/cmTC_0e670.dir/CMakeCXXCompilerABI.cpp.o' '-c' '-shared-libgcc' '-mtune=generic' '-march=x86-64' '-dumpdir' 'CMakeFiles/cmTC_0e670.dir/']
  ignore line: [ /usr/lib/gcc/x86_64-linux-gnu/11/cc1plus -quiet -v -imultiarch x86_64-linux-gnu -D_GNU_SOURCE /tools/Xilinx/Vitis/2023.2/tps/lnx64/cmake-3.24.2/share/cmake-3.24/Modules/CMakeCXXCompilerABI.cpp -quiet -dumpdir CMakeFiles/cmTC_0e670.dir/ -dumpbase CMakeCXXCompilerABI.cpp.cpp -dumpbase-ext .cpp -mtune=generic -march=x86-64 -version -fasynchronous-unwind-tables -fstack-protector-strong -Wformat -Wformat-security -fstack-clash-protection -fcf-protection -o /tmp/cc1auNvh.s]
  ignore line: [GNU C++17 (Ubuntu 11.4.0-1ubuntu1~22.04) version 11.4.0 (x86_64-linux-gnu)]
  ignore line: [	compiled by GNU C version 11.4.0  GMP version 6.2.1  MPFR version 4.1.0  MPC version 1.2.1  isl version isl-0.24-GMP]
  ignore line: []
  ignore line: [GGC heuristics: --param ggc-min-expand=100 --param ggc-min-heapsize=131072]
  ignore line: [ignoring duplicate directory "/usr/include/x86_64-linux-gnu/c++/11"]
  ignore line: [ignoring nonexistent directory "/usr/local/include/x86_64-linux-gnu"]
  ignore line: [ignoring nonexistent directory "/usr/lib/gcc/x86_64-linux-gnu/11/include-fixed"]
  ignore line: [ignoring nonexistent directory "/usr/lib/gcc/x86_64-linux-gnu/11/../../../../x86_64-linux-gnu/include"]
  ignore line: [#include "..." search starts here:]
  ignore line: [#include <...> search starts here:]
  ignore line: [ /usr/include/c++/11]
  ignore line: [ /usr/include/x86_64-linux-gnu/c++/11]
  ignore line: [ /usr/include/c++/11/backward]
  ignore line: [ /usr/lib/gcc/x86_64-linux-gnu/11/include]
  ignore line: [ /usr/local/include]
  ignore line: [ /usr/include/x86_64-linux-gnu]
  ignore line: [ /usr/include]
  ignore line: [End of search list.]
  ignore line: [GNU C++17 (Ubuntu 11.4.0-1ubuntu1~22.04) version 11.4.0 (x86_64-linux-gnu)]
  ignore line: [	compiled by GNU C version 11.4.0  GMP version 6.2.1  MPFR version 4.1.0  MPC version 1.2.1  isl version isl-0.24-GMP]
  ignore line: []
  ignore line: [GGC heuristics: --param ggc-min-expand=100 --param ggc-min-heapsize=131072]
  ignore line: [Compiler executable checksum: d591828bb4d392ae8b7b160e5bb0b95f]
  ignore line: [COLLECT_GCC_OPTIONS='-v' '-o' 'CMakeFiles/cmTC_0e670.dir/CMakeCXXCompilerABI.cpp.o' '-c' '-shared-libgcc' '-mtune=generic' '-march=x86-64' '-dumpdir' 'CMakeFiles/cmTC_0e670.dir/']
  ignore line: [ as -v --64 -o CMakeFiles/cmTC_0e670.dir/CMakeCXXCompilerABI.cpp.o /tmp/cc1auNvh.s]
  ignore line: [GNU assembler version 2.38 (x86_64-linux-gnu) using BFD version (GNU Binutils for Ubuntu) 2.38]
  ignore line: [COMPILER_PATH=/usr/lib/gcc/x86_64-linux-gnu/11/:/usr/lib/gcc/x86_64-linux-gnu/11/:/usr/lib/gcc/x86_64-linux-gnu/:/usr/lib/gcc/x86_64-linux-gnu/11/:/usr/lib/gcc/x86_64-linux-gnu/]
  ignore line: [LIBRARY_PATH=/usr/lib/gcc/x86_64-linux-gnu/11/:/usr/lib/gcc/x86_64-linux-gnu/11/../../../x86_64-linux-gnu/:/usr/lib/gcc/x86_64-linux-gnu/11/../../../../lib/:/lib/x86_64-linux-gnu/:/lib/../lib/:/usr/lib/x86_64-linux-gnu/:/usr/lib/../lib/:/usr/lib/gcc/x86_64-linux-gnu/11/../../../:/lib/:/usr/lib/]
  ignore line: [COLLECT_GCC_OPTIONS='-v' '-o' 'CMakeFiles/cmTC_0e670.dir/CMakeCXXCompilerABI.cpp.o' '-c' '-shared-libgcc' '-mtune=generic' '-march=x86-64' '-dumpdir' 'CMakeFiles/cmTC_0e670.dir/CMakeCXXCompilerABI.cpp.']
  ignore line: [Linking CXX executable cmTC_0e670]
  ignore line: [/tools/Xilinx/Vitis/2023.2/tps/lnx64/cmake-3.24.2/bin/cmake -E cmake_link_script CMakeFiles/cmTC_0e670.dir/link.txt --verbose=1]
  ignore line: [/usr/bin/g++  -v CMakeFiles/cmTC_0e670.dir/CMakeCXXCompilerABI.cpp.o -o cmTC_0e670 ]
  ignore line: [Using built-in specs.]
  ignore line: [COLLECT_GCC=/usr/bin/g++]
  ignore line: [COLLECT_LTO_WRAPPER=/usr/lib/gcc/x86_64-linux-gnu/11/lto-wrapper]
  ignore line: [OFFLOAD_TARGET_NAMES=nvptx-none:amdgcn-amdhsa]
  ignore line: [OFFLOAD_TARGET_DEFAULT=1]
  ignore line: [Target: x86_64-linux-gnu]
  ignore line: [Configured with: ../src/configure -v --with-pkgversion='Ubuntu 11.4.0-1ubuntu1~22.04' --with-bugurl=file:///usr/share/doc/gcc-11/README.Bugs --enable-languages=c ada c++ go brig d fortran objc obj-c++ m2 --prefix=/usr --with-gcc-major-version-only --program-suffix=-11 --program-prefix=x86_64-linux-gnu- --enable-shared --enable-linker-build-id --libexecdir=/usr/lib --without-included-gettext --enable-threads=posix --libdir=/usr/lib --enable-nls --enable-bootstrap --enable-clocale=gnu --enable-libstdcxx-debug --enable-libstdcxx-time=yes --with-default-libstdcxx-abi=new --enable-gnu-unique-object --disable-vtable-verify --enable-plugin --enable-default-pie --with-system-zlib --enable-libphobos-checking=release --with-target-system-zlib=auto --enable-objc-gc=auto --enable-multiarch --disable-werror --enable-cet --with-arch-32=i686 --with-abi=m64 --with-multilib-list=m32 m64 mx32 --enable-multilib --with-tune=generic --enable-offload-targets=nvptx-none=/build/gcc-11-XeT9lY/gcc-11-11.4.0/debian/tmp-nvptx/usr amdgcn-amdhsa=/build/gcc-11-XeT9lY/gcc-11-11.4.0/debian/tmp-gcn/usr --without-cuda-driver --enable-checking=release --build=x86_64-linux-gnu --host=x86_64-linux-gnu --target=x86_64-linux-gnu --with-build-config=bootstrap-lto-lean --enable-link-serialization=2]
  ignore line: [Thread model: posix]
  ignore line: [Supported LTO compression algorithms: zlib zstd]
  ignore line: [gcc version 11.4.0 (Ubuntu 11.4.0-1ubuntu1~22.04) ]
  ignore line: [COMPILER_PATH=/usr/lib/gcc/x86_64-linux-gnu/11/:/usr/lib/gcc/x86_64-linux-gnu/11/:/usr/lib/gcc/x86_64-linux-gnu/:/usr/lib/gcc/x86_64-linux-gnu/11/:/usr/lib/gcc/x86_64-linux-gnu/]
  ignore line: [LIBRARY_PATH=/usr/lib/gcc/x86_64-linux-gnu/11/:/usr/lib/gcc/x86_64-linux-gnu/11/../../../x86_64-linux-gnu/:/usr/lib/gcc/x86_64-linux-gnu/11/../../../../lib/:/lib/x86_64-linux-gnu/:/lib/../lib/:/usr/lib/x86_64-linux-gnu/:/usr/lib/../lib/:/usr/lib/gcc/x86_64-linux-gnu/11/../../../:/lib/:/usr/lib/]
  ignore line: [COLLECT_GCC_OPTIONS='-v' '-o' 'cmTC_0e670' '-shared-libgcc' '-mtune=generic' '-march=x86-64' '-dumpdir' 'cmTC_0e670.']
  link line: [ /usr/lib/gcc/x86_64-linux-gnu/11/collect2 -plugin /usr/lib/gcc/x86_64-linux-gnu/11/liblto_plugin.so -plugin-opt=/usr/lib/gcc/x86_64-linux-gnu/11/lto-wrapper -plugin-opt=-fresolution=/tmp/ccDUju0Q.res -plugin-opt=-pass-through=-lgcc_s -plugin-opt=-pass-through=-lgcc -plugin-opt=-pass-through=-lc -plugin-opt=-pass-through=-lgcc_s -plugin-opt=-pass-through=-lgcc --build-id --eh-frame-hdr -m elf_x86_64 --hash-style=gnu --as-needed -dynamic-linker /lib64/ld-linux-x86-64.so.2 -pie -z now -z relro -o cmTC_0e670 /usr/lib/gcc/x86_64-linux-gnu/11/../../../x86_64-linux-gnu/Scrt1.o /usr/lib/gcc/x86_64-linux-gnu/11/../../../x86_64-linux-gnu/crti.o /usr/lib/gcc/x86_64-linux-gnu/11/crtbeginS.o -L/usr/lib/gcc/x86_64-linux-gnu/11 -L/usr/lib/gcc/x86_64-linux-gnu/11/../../../x86_64-linux-gnu -L/usr/lib/gcc/x86_64-linux-gnu/11/../../../../lib -L/lib/x86_64-linux-gnu -L/lib/../lib -L/usr/lib/x86_64-linux-gnu -L/usr/lib/../lib -L/usr/lib/gcc/x86_64-linux-gnu/11/../../.. CMakeFiles/cmTC_0e670.dir/CMakeCXXCompilerABI.cpp.o -lstdc++ -lm -lgcc_s -lgcc -lc -lgcc_s -lgcc /usr/lib/gcc/x86_64-linux-gnu/11/crtendS.o /usr/lib/gcc/x86_64-linux-gnu/11/../../../x86_64-linux-gnu/crtn.o]
    arg [/usr/lib/gcc/x86_64-linux-gnu/11/collect2] ==> ignore
    arg [-plugin] ==> ignore
    arg [/usr/lib/gcc/x86_64-linux-gnu/11/liblto_plugin.so] ==> ignore
    arg [-plugin-opt=/usr/lib/gcc/x86_64-linux-gnu/11/lto-wrapper] ==> ignore
    arg [-plugin-opt=-fresolution=/tmp/ccDUju0Q.res] ==> ignore
    arg [-plugin-opt=-pass-through=-lgcc_s] ==> ignore
    arg [-plugin-opt=-pass-through=-lgcc] ==> ignore
    arg [-plugin-opt=-pass-through=-lc] ==> ignore
    arg [-plugin-opt=-pass-through=-lgcc_s] ==> ignore
    arg [-plugin-opt=-pass-through=-lgcc] ==> ignore
    arg [--build-id] ==> ignore
    arg [--eh-frame-hdr] ==> ignore
    arg [-m] ==> ignore
    arg [elf_x86_64] ==> ignore
    arg [--hash-style=gnu] ==> ignore
    arg [--as-needed] ==> ignore
    arg [-dynamic-linker] ==> ignore
    arg [/lib64/ld-linux-x86-64.so.2] ==> ignore
    arg [-pie] ==> ignore
    arg [-znow] ==> ignore
    arg [-zrelro] ==> ignore
    arg [-o] ==> ignore
    arg [cmTC_0e670] ==> ignore
    arg [/usr/lib/gcc/x86_64-linux-gnu/11/../../../x86_64-linux-gnu/Scrt1.o] ==> obj [/usr/lib/gcc/x86_64-linux-gnu/11/../../../x86_64-linux-gnu/Scrt1.o]
    arg [/usr/lib/gcc/x86_64-linux-gnu/11/../../../x86_64-linux-gnu/crti.o] ==> obj [/usr/lib/gcc/x86_64-linux-gnu/11/../../../x86_64-linux-gnu/crti.o]
    arg [/usr/lib/gcc/x86_64-linux-gnu/11/crtbeginS.o] ==> obj [/usr/lib/gcc/x86_64-linux-gnu/11/crtbeginS.o]
    arg [-L/usr/lib/gcc/x86_64-linux-gnu/11] ==> dir [/usr/lib/gcc/x86_64-linux-gnu/11]
    arg [-L/usr/lib/gcc/x86_64-linux-gnu/11/../../../x86_64-linux-gnu] ==> dir [/usr/lib/gcc/x86_64-linux-gnu/11/../../../x86_64-linux-gnu]
    arg [-L/usr/lib/gcc/x86_64-linux-gnu/11/../../../../lib] ==> dir [/usr/lib/gcc/x86_64-linux-gnu/11/../../../../lib]
    arg [-L/lib/x86_64-linux-gnu] ==> dir [/lib/x86_64-linux-gnu]
    arg [-L/lib/../lib] ==> dir [/lib/../lib]
    arg [-L/usr/lib/x86_64-linux-gnu] ==> dir [/usr/lib/x86_64-linux-gnu]
    arg [-L/usr/lib/../lib] ==> dir [/usr/lib/../lib]
    arg [-L/usr/lib/gcc/x86_64-linux-gnu/11/../../..] ==> dir [/usr/lib/gcc/x86_64-linux-gnu/11/../../..]
    arg [CMakeFiles/cmTC_0e670.dir/CMakeCXXCompilerABI.cpp.o] ==> ignore
    arg [-lstdc++] ==> lib [stdc++]
    arg [-lm] ==> lib [m]
    arg [-lgcc_s] ==> lib [gcc_s]
    arg [-lgcc] ==> lib [gcc]
    arg [-lc] ==> lib [c]
    arg [-lgcc_s] ==> lib [gcc_s]
    arg [-lgcc] ==> lib [gcc]
    arg [/usr/lib/gcc/x86_64-linux-gnu/11/crtendS.o] ==> obj [/usr/lib/gcc/x86_64-linux-gnu/11/crtendS.o]
    arg [/usr/lib/gcc/x86_64-linux-gnu/11/../../../x86_64-linux-gnu/crtn.o] ==> obj [/usr/lib/gcc/x86_64-linux-gnu/11/../../../x86_64-linux-gnu/crtn.o]
  collapse obj [/usr/lib/gcc/x86_64-linux-gnu/11/../../../x86_64-linux-gnu/Scrt1.o] ==> [/usr/lib/x86_64-linux-gnu/Scrt1.o]
  collapse obj [/usr/lib/gcc/x86_64-linux-gnu/11/../../../x86_64-linux-gnu/crti.o] ==> [/usr/lib/x86_64-linux-gnu/crti.o]
  collapse obj [/usr/lib/gcc/x86_64-linux-gnu/11/../../../x86_64-linux-gnu/crtn.o] ==> [/usr/lib/x86_64-linux-gnu/crtn.o]
  collapse library dir [/usr/lib/gcc/x86_64-linux-gnu/11] ==> [/usr/lib/gcc/x86_64-linux-gnu/11]
  collapse library dir [/usr/lib/gcc/x86_64-linux-gnu/11/../../../x86_64-linux-gnu] ==> [/usr/lib/x86_64-linux-gnu]
  collapse library dir [/usr/lib/gcc/x86_64-linux-gnu/11/../../../../lib] ==> [/usr/lib]
  collapse library dir [/lib/x86_64-linux-gnu] ==> [/lib/x86_64-linux-gnu]
  collapse library dir [/lib/../lib] ==> [/lib]
  collapse library dir [/usr/lib/x86_64-linux-gnu] ==> [/usr/lib/x86_64-linux-gnu]
  collapse library dir [/usr/lib/../lib] ==> [/usr/lib]
  collapse library dir [/usr/lib/gcc/x86_64-linux-gnu/11/../../..] ==> [/usr/lib]
  implicit libs: [stdc++;m;gcc_s;gcc;c;gcc_s;gcc]
  implicit objs: [/usr/lib/x86_64-linux-gnu/Scrt1.o;/usr/lib/x86_64-linux-gnu/crti.o;/usr/lib/gcc/x86_64-linux-gnu/11/crtbeginS.o;/usr/lib/gcc/x86_64-linux-gnu/11/crtendS.o;/usr/lib/x86_64-linux-gnu/crtn.o]
  implicit dirs: [/usr/lib/gcc/x86_64-linux-gnu/11;/usr/lib/x86_64-linux-gnu;/usr/lib;/lib/x86_64-linux-gnu;/lib]
  implicit fwks: []


Determining if the CL_VERSION_3_0 exist passed with the following output:
Change Dir: /home/yzwu/Desktop/soc_test/vadd_host/build/x86sim/CMakeFiles/CMakeTmp

Run Build Command(s):/usr/bin/gmake -f Makefile cmTC_1cbc2/fast && /usr/bin/gmake  -f CMakeFiles/cmTC_1cbc2.dir/build.make CMakeFiles/cmTC_1cbc2.dir/build
gmake[1]: Entering directory '/home/yzwu/Desktop/soc_test/vadd_host/build/x86sim/CMakeFiles/CMakeTmp'
Building C object CMakeFiles/cmTC_1cbc2.dir/CheckSymbolExists.c.o
/usr/bin/gcc    -o CMakeFiles/cmTC_1cbc2.dir/CheckSymbolExists.c.o -c /home/yzwu/Desktop/soc_test/vadd_host/build/x86sim/CMakeFiles/CMakeTmp/CheckSymbolExists.c
In file included from /usr/include/CL/cl.h:20,
                 from /home/yzwu/Desktop/soc_test/vadd_host/build/x86sim/CMakeFiles/CMakeTmp/CheckSymbolExists.c:2:
/usr/include/CL/cl_version.h:22:9: note: ‘#pragma message: cl_version.h: CL_TARGET_OPENCL_VERSION is not defined. Defaulting to 300 (OpenCL 3.0)’
   22 | #pragma message("cl_version.h: CL_TARGET_OPENCL_VERSION is not defined. Defaulting to 300 (OpenCL 3.0)")
      |         ^~~~~~~
Linking C executable cmTC_1cbc2
/tools/Xilinx/Vitis/2023.2/tps/lnx64/cmake-3.24.2/bin/cmake -E cmake_link_script CMakeFiles/cmTC_1cbc2.dir/link.txt --verbose=1
/usr/bin/gcc CMakeFiles/cmTC_1cbc2.dir/CheckSymbolExists.c.o -o cmTC_1cbc2 
gmake[1]: Leaving directory '/home/yzwu/Desktop/soc_test/vadd_host/build/x86sim/CMakeFiles/CMakeTmp'


File /home/yzwu/Desktop/soc_test/vadd_host/build/x86sim/CMakeFiles/CMakeTmp/CheckSymbolExists.c:
/* */
#include </usr/include/CL/cl.h>

int main(int argc, char** argv)
{
  (void)argv;
#ifndef CL_VERSION_3_0
  return ((int*)(&CL_VERSION_3_0))[argc];
#else
  (void)argc;
  return 0;
#endif
}
The system is: Linux - 6.5.0-15-generic - x86_64
Compiling the C compiler identification source file "CMakeCCompilerId.c" succeeded.
Compiler: /usr/bin/gcc 
Build flags: 
Id flags:  

The output was:
0


Compilation of the C compiler identification source "CMakeCCompilerId.c" produced "a.out"

The C compiler identification is GNU, found in "/home/yzwu/Desktop/soc_test/vadd_host/build/x86sim/CMakeFiles/3.24.2/CompilerIdC/a.out"

Compiling the CXX compiler identification source file "CMakeCXXCompilerId.cpp" succeeded.
Compiler: /usr/bin/g++ 
Build flags: 
Id flags:  

The output was:
0


Compilation of the CXX compiler identification source "CMakeCXXCompilerId.cpp" produced "a.out"

The CXX compiler identification is GNU, found in "/home/yzwu/Desktop/soc_test/vadd_host/build/x86sim/CMakeFiles/3.24.2/CompilerIdCXX/a.out"

Detecting C compiler ABI info compiled with the following output:
Change Dir: /home/yzwu/Desktop/soc_test/vadd_host/build/x86sim/CMakeFiles/CMakeTmp

Run Build Command(s):/usr/bin/gmake -f Makefile cmTC_b05f8/fast && /usr/bin/gmake  -f CMakeFiles/cmTC_b05f8.dir/build.make CMakeFiles/cmTC_b05f8.dir/build
gmake[1]: Entering directory '/home/yzwu/Desktop/soc_test/vadd_host/build/x86sim/CMakeFiles/CMakeTmp'
Building C object CMakeFiles/cmTC_b05f8.dir/CMakeCCompilerABI.c.o
/usr/bin/gcc   -v -o CMakeFiles/cmTC_b05f8.dir/CMakeCCompilerABI.c.o -c /tools/Xilinx/Vitis/2023.2/tps/lnx64/cmake-3.24.2/share/cmake-3.24/Modules/CMakeCCompilerABI.c
Using built-in specs.
COLLECT_GCC=/usr/bin/gcc
OFFLOAD_TARGET_NAMES=nvptx-none:amdgcn-amdhsa
OFFLOAD_TARGET_DEFAULT=1
Target: x86_64-linux-gnu
Configured with: ../src/configure -v --with-pkgversion='Ubuntu 11.4.0-1ubuntu1~22.04' --with-bugurl=file:///usr/share/doc/gcc-11/README.Bugs --enable-languages=c,ada,c++,go,brig,d,fortran,objc,obj-c++,m2 --prefix=/usr --with-gcc-major-version-only --program-suffix=-11 --program-prefix=x86_64-linux-gnu- --enable-shared --enable-linker-build-id --libexecdir=/usr/lib --without-included-gettext --enable-threads=posix --libdir=/usr/lib --enable-nls --enable-bootstrap --enable-clocale=gnu --enable-libstdcxx-debug --enable-libstdcxx-time=yes --with-default-libstdcxx-abi=new --enable-gnu-unique-object --disable-vtable-verify --enable-plugin --enable-default-pie --with-system-zlib --enable-libphobos-checking=release --with-target-system-zlib=auto --enable-objc-gc=auto --enable-multiarch --disable-werror --enable-cet --with-arch-32=i686 --with-abi=m64 --with-multilib-list=m32,m64,mx32 --enable-multilib --with-tune=generic --enable-offload-targets=nvptx-none=/build/gcc-11-XeT9lY/gcc-11-11.4.0/debian/tmp-nvptx/usr,amdgcn-amdhsa=/build/gcc-11-XeT9lY/gcc-11-11.4.0/debian/tmp-gcn/usr --without-cuda-driver --enable-checking=release --build=x86_64-linux-gnu --host=x86_64-linux-gnu --target=x86_64-linux-gnu --with-build-config=bootstrap-lto-lean --enable-link-serialization=2
Thread model: posix
Supported LTO compression algorithms: zlib zstd
gcc version 11.4.0 (Ubuntu 11.4.0-1ubuntu1~22.04) 
COLLECT_GCC_OPTIONS='-v' '-o' 'CMakeFiles/cmTC_b05f8.dir/CMakeCCompilerABI.c.o' '-c' '-mtune=generic' '-march=x86-64' '-dumpdir' 'CMakeFiles/cmTC_b05f8.dir/'
 /usr/lib/gcc/x86_64-linux-gnu/11/cc1 -quiet -v -imultiarch x86_64-linux-gnu /tools/Xilinx/Vitis/2023.2/tps/lnx64/cmake-3.24.2/share/cmake-3.24/Modules/CMakeCCompilerABI.c -quiet -dumpdir CMakeFiles/cmTC_b05f8.dir/ -dumpbase CMakeCCompilerABI.c.c -dumpbase-ext .c -mtune=generic -march=x86-64 -version -fasynchronous-unwind-tables -fstack-protector-strong -Wformat -Wformat-security -fstack-clash-protection -fcf-protection -o /tmp/ccMnvRCH.s
GNU C17 (Ubuntu 11.4.0-1ubuntu1~22.04) version 11.4.0 (x86_64-linux-gnu)
	compiled by GNU C version 11.4.0, GMP version 6.2.1, MPFR version 4.1.0, MPC version 1.2.1, isl version isl-0.24-GMP

GGC heuristics: --param ggc-min-expand=100 --param ggc-min-heapsize=131072
ignoring nonexistent directory "/usr/local/include/x86_64-linux-gnu"
ignoring nonexistent directory "/usr/lib/gcc/x86_64-linux-gnu/11/include-fixed"
ignoring nonexistent directory "/usr/lib/gcc/x86_64-linux-gnu/11/../../../../x86_64-linux-gnu/include"
#include "..." search starts here:
#include <...> search starts here:
 /usr/lib/gcc/x86_64-linux-gnu/11/include
 /usr/local/include
 /usr/include/x86_64-linux-gnu
 /usr/include
End of search list.
GNU C17 (Ubuntu 11.4.0-1ubuntu1~22.04) version 11.4.0 (x86_64-linux-gnu)
	compiled by GNU C version 11.4.0, GMP version 6.2.1, MPFR version 4.1.0, MPC version 1.2.1, isl version isl-0.24-GMP

GGC heuristics: --param ggc-min-expand=100 --param ggc-min-heapsize=131072
Compiler executable checksum: 50eaa2331df977b8016186198deb2d18
COLLECT_GCC_OPTIONS='-v' '-o' 'CMakeFiles/cmTC_b05f8.dir/CMakeCCompilerABI.c.o' '-c' '-mtune=generic' '-march=x86-64' '-dumpdir' 'CMakeFiles/cmTC_b05f8.dir/'
 as -v --64 -o CMakeFiles/cmTC_b05f8.dir/CMakeCCompilerABI.c.o /tmp/ccMnvRCH.s
GNU assembler version 2.38 (x86_64-linux-gnu) using BFD version (GNU Binutils for Ubuntu) 2.38
COMPILER_PATH=/usr/lib/gcc/x86_64-linux-gnu/11/:/usr/lib/gcc/x86_64-linux-gnu/11/:/usr/lib/gcc/x86_64-linux-gnu/:/usr/lib/gcc/x86_64-linux-gnu/11/:/usr/lib/gcc/x86_64-linux-gnu/
LIBRARY_PATH=/usr/lib/gcc/x86_64-linux-gnu/11/:/usr/lib/gcc/x86_64-linux-gnu/11/../../../x86_64-linux-gnu/:/usr/lib/gcc/x86_64-linux-gnu/11/../../../../lib/:/lib/x86_64-linux-gnu/:/lib/../lib/:/usr/lib/x86_64-linux-gnu/:/usr/lib/../lib/:/usr/lib/gcc/x86_64-linux-gnu/11/../../../:/lib/:/usr/lib/
COLLECT_GCC_OPTIONS='-v' '-o' 'CMakeFiles/cmTC_b05f8.dir/CMakeCCompilerABI.c.o' '-c' '-mtune=generic' '-march=x86-64' '-dumpdir' 'CMakeFiles/cmTC_b05f8.dir/CMakeCCompilerABI.c.'
Linking C executable cmTC_b05f8
/tools/Xilinx/Vitis/2023.2/tps/lnx64/cmake-3.24.2/bin/cmake -E cmake_link_script CMakeFiles/cmTC_b05f8.dir/link.txt --verbose=1
/usr/bin/gcc  -v CMakeFiles/cmTC_b05f8.dir/CMakeCCompilerABI.c.o -o cmTC_b05f8 
Using built-in specs.
COLLECT_GCC=/usr/bin/gcc
COLLECT_LTO_WRAPPER=/usr/lib/gcc/x86_64-linux-gnu/11/lto-wrapper
OFFLOAD_TARGET_NAMES=nvptx-none:amdgcn-amdhsa
OFFLOAD_TARGET_DEFAULT=1
Target: x86_64-linux-gnu
Configured with: ../src/configure -v --with-pkgversion='Ubuntu 11.4.0-1ubuntu1~22.04' --with-bugurl=file:///usr/share/doc/gcc-11/README.Bugs --enable-languages=c,ada,c++,go,brig,d,fortran,objc,obj-c++,m2 --prefix=/usr --with-gcc-major-version-only --program-suffix=-11 --program-prefix=x86_64-linux-gnu- --enable-shared --enable-linker-build-id --libexecdir=/usr/lib --without-included-gettext --enable-threads=posix --libdir=/usr/lib --enable-nls --enable-bootstrap --enable-clocale=gnu --enable-libstdcxx-debug --enable-libstdcxx-time=yes --with-default-libstdcxx-abi=new --enable-gnu-unique-object --disable-vtable-verify --enable-plugin --enable-default-pie --with-system-zlib --enable-libphobos-checking=release --with-target-system-zlib=auto --enable-objc-gc=auto --enable-multiarch --disable-werror --enable-cet --with-arch-32=i686 --with-abi=m64 --with-multilib-list=m32,m64,mx32 --enable-multilib --with-tune=generic --enable-offload-targets=nvptx-none=/build/gcc-11-XeT9lY/gcc-11-11.4.0/debian/tmp-nvptx/usr,amdgcn-amdhsa=/build/gcc-11-XeT9lY/gcc-11-11.4.0/debian/tmp-gcn/usr --without-cuda-driver --enable-checking=release --build=x86_64-linux-gnu --host=x86_64-linux-gnu --target=x86_64-linux-gnu --with-build-config=bootstrap-lto-lean --enable-link-serialization=2
Thread model: posix
Supported LTO compression algorithms: zlib zstd
gcc version 11.4.0 (Ubuntu 11.4.0-1ubuntu1~22.04) 
COMPILER_PATH=/usr/lib/gcc/x86_64-linux-gnu/11/:/usr/lib/gcc/x86_64-linux-gnu/11/:/usr/lib/gcc/x86_64-linux-gnu/:/usr/lib/gcc/x86_64-linux-gnu/11/:/usr/lib/gcc/x86_64-linux-gnu/
LIBRARY_PATH=/usr/lib/gcc/x86_64-linux-gnu/11/:/usr/lib/gcc/x86_64-linux-gnu/11/../../../x86_64-linux-gnu/:/usr/lib/gcc/x86_64-linux-gnu/11/../../../../lib/:/lib/x86_64-linux-gnu/:/lib/../lib/:/usr/lib/x86_64-linux-gnu/:/usr/lib/../lib/:/usr/lib/gcc/x86_64-linux-gnu/11/../../../:/lib/:/usr/lib/
COLLECT_GCC_OPTIONS='-v' '-o' 'cmTC_b05f8' '-mtune=generic' '-march=x86-64' '-dumpdir' 'cmTC_b05f8.'
 /usr/lib/gcc/x86_64-linux-gnu/11/collect2 -plugin /usr/lib/gcc/x86_64-linux-gnu/11/liblto_plugin.so -plugin-opt=/usr/lib/gcc/x86_64-linux-gnu/11/lto-wrapper -plugin-opt=-fresolution=/tmp/cccrDpX5.res -plugin-opt=-pass-through=-lgcc -plugin-opt=-pass-through=-lgcc_s -plugin-opt=-pass-through=-lc -plugin-opt=-pass-through=-lgcc -plugin-opt=-pass-through=-lgcc_s --build-id --eh-frame-hdr -m elf_x86_64 --hash-style=gnu --as-needed -dynamic-linker /lib64/ld-linux-x86-64.so.2 -pie -z now -z relro -o cmTC_b05f8 /usr/lib/gcc/x86_64-linux-gnu/11/../../../x86_64-linux-gnu/Scrt1.o /usr/lib/gcc/x86_64-linux-gnu/11/../../../x86_64-linux-gnu/crti.o /usr/lib/gcc/x86_64-linux-gnu/11/crtbeginS.o -L/usr/lib/gcc/x86_64-linux-gnu/11 -L/usr/lib/gcc/x86_64-linux-gnu/11/../../../x86_64-linux-gnu -L/usr/lib/gcc/x86_64-linux-gnu/11/../../../../lib -L/lib/x86_64-linux-gnu -L/lib/../lib -L/usr/lib/x86_64-linux-gnu -L/usr/lib/../lib -L/usr/lib/gcc/x86_64-linux-gnu/11/../../.. CMakeFiles/cmTC_b05f8.dir/CMakeCCompilerABI.c.o -lgcc --push-state --as-needed -lgcc_s --pop-state -lc -lgcc --push-state --as-needed -lgcc_s --pop-state /usr/lib/gcc/x86_64-linux-gnu/11/crtendS.o /usr/lib/gcc/x86_64-linux-gnu/11/../../../x86_64-linux-gnu/crtn.o
COLLECT_GCC_OPTIONS='-v' '-o' 'cmTC_b05f8' '-mtune=generic' '-march=x86-64' '-dumpdir' 'cmTC_b05f8.'
gmake[1]: Leaving directory '/home/yzwu/Desktop/soc_test/vadd_host/build/x86sim/CMakeFiles/CMakeTmp'



Parsed C implicit include dir info from above output: rv=done
  found start of include info
  found start of implicit include info
    add: [/usr/lib/gcc/x86_64-linux-gnu/11/include]
    add: [/usr/local/include]
    add: [/usr/include/x86_64-linux-gnu]
    add: [/usr/include]
  end of search list found
  collapse include dir [/usr/lib/gcc/x86_64-linux-gnu/11/include] ==> [/usr/lib/gcc/x86_64-linux-gnu/11/include]
  collapse include dir [/usr/local/include] ==> [/usr/local/include]
  collapse include dir [/usr/include/x86_64-linux-gnu] ==> [/usr/include/x86_64-linux-gnu]
  collapse include dir [/usr/include] ==> [/usr/include]
  implicit include dirs: [/usr/lib/gcc/x86_64-linux-gnu/11/include;/usr/local/include;/usr/include/x86_64-linux-gnu;/usr/include]


Parsed C implicit link information from above output:
  link line regex: [^( *|.*[/\])(ld|CMAKE_LINK_STARTFILE-NOTFOUND|([^/\]+-)?ld|collect2)[^/\]*( |$)]
  ignore line: [Change Dir: /home/yzwu/Desktop/soc_test/vadd_host/build/x86sim/CMakeFiles/CMakeTmp]
  ignore line: []
  ignore line: [Run Build Command(s):/usr/bin/gmake -f Makefile cmTC_b05f8/fast && /usr/bin/gmake  -f CMakeFiles/cmTC_b05f8.dir/build.make CMakeFiles/cmTC_b05f8.dir/build]
  ignore line: [gmake[1]: Entering directory '/home/yzwu/Desktop/soc_test/vadd_host/build/x86sim/CMakeFiles/CMakeTmp']
  ignore line: [Building C object CMakeFiles/cmTC_b05f8.dir/CMakeCCompilerABI.c.o]
  ignore line: [/usr/bin/gcc   -v -o CMakeFiles/cmTC_b05f8.dir/CMakeCCompilerABI.c.o -c /tools/Xilinx/Vitis/2023.2/tps/lnx64/cmake-3.24.2/share/cmake-3.24/Modules/CMakeCCompilerABI.c]
  ignore line: [Using built-in specs.]
  ignore line: [COLLECT_GCC=/usr/bin/gcc]
  ignore line: [OFFLOAD_TARGET_NAMES=nvptx-none:amdgcn-amdhsa]
  ignore line: [OFFLOAD_TARGET_DEFAULT=1]
  ignore line: [Target: x86_64-linux-gnu]
  ignore line: [Configured with: ../src/configure -v --with-pkgversion='Ubuntu 11.4.0-1ubuntu1~22.04' --with-bugurl=file:///usr/share/doc/gcc-11/README.Bugs --enable-languages=c ada c++ go brig d fortran objc obj-c++ m2 --prefix=/usr --with-gcc-major-version-only --program-suffix=-11 --program-prefix=x86_64-linux-gnu- --enable-shared --enable-linker-build-id --libexecdir=/usr/lib --without-included-gettext --enable-threads=posix --libdir=/usr/lib --enable-nls --enable-bootstrap --enable-clocale=gnu --enable-libstdcxx-debug --enable-libstdcxx-time=yes --with-default-libstdcxx-abi=new --enable-gnu-unique-object --disable-vtable-verify --enable-plugin --enable-default-pie --with-system-zlib --enable-libphobos-checking=release --with-target-system-zlib=auto --enable-objc-gc=auto --enable-multiarch --disable-werror --enable-cet --with-arch-32=i686 --with-abi=m64 --with-multilib-list=m32 m64 mx32 --enable-multilib --with-tune=generic --enable-offload-targets=nvptx-none=/build/gcc-11-XeT9lY/gcc-11-11.4.0/debian/tmp-nvptx/usr amdgcn-amdhsa=/build/gcc-11-XeT9lY/gcc-11-11.4.0/debian/tmp-gcn/usr --without-cuda-driver --enable-checking=release --build=x86_64-linux-gnu --host=x86_64-linux-gnu --target=x86_64-linux-gnu --with-build-config=bootstrap-lto-lean --enable-link-serialization=2]
  ignore line: [Thread model: posix]
  ignore line: [Supported LTO compression algorithms: zlib zstd]
  ignore line: [gcc version 11.4.0 (Ubuntu 11.4.0-1ubuntu1~22.04) ]
  ignore line: [COLLECT_GCC_OPTIONS='-v' '-o' 'CMakeFiles/cmTC_b05f8.dir/CMakeCCompilerABI.c.o' '-c' '-mtune=generic' '-march=x86-64' '-dumpdir' 'CMakeFiles/cmTC_b05f8.dir/']
  ignore line: [ /usr/lib/gcc/x86_64-linux-gnu/11/cc1 -quiet -v -imultiarch x86_64-linux-gnu /tools/Xilinx/Vitis/2023.2/tps/lnx64/cmake-3.24.2/share/cmake-3.24/Modules/CMakeCCompilerABI.c -quiet -dumpdir CMakeFiles/cmTC_b05f8.dir/ -dumpbase CMakeCCompilerABI.c.c -dumpbase-ext .c -mtune=generic -march=x86-64 -version -fasynchronous-unwind-tables -fstack-protector-strong -Wformat -Wformat-security -fstack-clash-protection -fcf-protection -o /tmp/ccMnvRCH.s]
  ignore line: [GNU C17 (Ubuntu 11.4.0-1ubuntu1~22.04) version 11.4.0 (x86_64-linux-gnu)]
  ignore line: [	compiled by GNU C version 11.4.0  GMP version 6.2.1  MPFR version 4.1.0  MPC version 1.2.1  isl version isl-0.24-GMP]
  ignore line: []
  ignore line: [GGC heuristics: --param ggc-min-expand=100 --param ggc-min-heapsize=131072]
  ignore line: [ignoring nonexistent directory "/usr/local/include/x86_64-linux-gnu"]
  ignore line: [ignoring nonexistent directory "/usr/lib/gcc/x86_64-linux-gnu/11/include-fixed"]
  ignore line: [ignoring nonexistent directory "/usr/lib/gcc/x86_64-linux-gnu/11/../../../../x86_64-linux-gnu/include"]
  ignore line: [#include "..." search starts here:]
  ignore line: [#include <...> search starts here:]
  ignore line: [ /usr/lib/gcc/x86_64-linux-gnu/11/include]
  ignore line: [ /usr/local/include]
  ignore line: [ /usr/include/x86_64-linux-gnu]
  ignore line: [ /usr/include]
  ignore line: [End of search list.]
  ignore line: [GNU C17 (Ubuntu 11.4.0-1ubuntu1~22.04) version 11.4.0 (x86_64-linux-gnu)]
  ignore line: [	compiled by GNU C version 11.4.0  GMP version 6.2.1  MPFR version 4.1.0  MPC version 1.2.1  isl version isl-0.24-GMP]
  ignore line: []
  ignore line: [GGC heuristics: --param ggc-min-expand=100 --param ggc-min-heapsize=131072]
  ignore line: [Compiler executable checksum: 50eaa2331df977b8016186198deb2d18]
  ignore line: [COLLECT_GCC_OPTIONS='-v' '-o' 'CMakeFiles/cmTC_b05f8.dir/CMakeCCompilerABI.c.o' '-c' '-mtune=generic' '-march=x86-64' '-dumpdir' 'CMakeFiles/cmTC_b05f8.dir/']
  ignore line: [ as -v --64 -o CMakeFiles/cmTC_b05f8.dir/CMakeCCompilerABI.c.o /tmp/ccMnvRCH.s]
  ignore line: [GNU assembler version 2.38 (x86_64-linux-gnu) using BFD version (GNU Binutils for Ubuntu) 2.38]
  ignore line: [COMPILER_PATH=/usr/lib/gcc/x86_64-linux-gnu/11/:/usr/lib/gcc/x86_64-linux-gnu/11/:/usr/lib/gcc/x86_64-linux-gnu/:/usr/lib/gcc/x86_64-linux-gnu/11/:/usr/lib/gcc/x86_64-linux-gnu/]
  ignore line: [LIBRARY_PATH=/usr/lib/gcc/x86_64-linux-gnu/11/:/usr/lib/gcc/x86_64-linux-gnu/11/../../../x86_64-linux-gnu/:/usr/lib/gcc/x86_64-linux-gnu/11/../../../../lib/:/lib/x86_64-linux-gnu/:/lib/../lib/:/usr/lib/x86_64-linux-gnu/:/usr/lib/../lib/:/usr/lib/gcc/x86_64-linux-gnu/11/../../../:/lib/:/usr/lib/]
  ignore line: [COLLECT_GCC_OPTIONS='-v' '-o' 'CMakeFiles/cmTC_b05f8.dir/CMakeCCompilerABI.c.o' '-c' '-mtune=generic' '-march=x86-64' '-dumpdir' 'CMakeFiles/cmTC_b05f8.dir/CMakeCCompilerABI.c.']
  ignore line: [Linking C executable cmTC_b05f8]
  ignore line: [/tools/Xilinx/Vitis/2023.2/tps/lnx64/cmake-3.24.2/bin/cmake -E cmake_link_script CMakeFiles/cmTC_b05f8.dir/link.txt --verbose=1]
  ignore line: [/usr/bin/gcc  -v CMakeFiles/cmTC_b05f8.dir/CMakeCCompilerABI.c.o -o cmTC_b05f8 ]
  ignore line: [Using built-in specs.]
  ignore line: [COLLECT_GCC=/usr/bin/gcc]
  ignore line: [COLLECT_LTO_WRAPPER=/usr/lib/gcc/x86_64-linux-gnu/11/lto-wrapper]
  ignore line: [OFFLOAD_TARGET_NAMES=nvptx-none:amdgcn-amdhsa]
  ignore line: [OFFLOAD_TARGET_DEFAULT=1]
  ignore line: [Target: x86_64-linux-gnu]
  ignore line: [Configured with: ../src/configure -v --with-pkgversion='Ubuntu 11.4.0-1ubuntu1~22.04' --with-bugurl=file:///usr/share/doc/gcc-11/README.Bugs --enable-languages=c ada c++ go brig d fortran objc obj-c++ m2 --prefix=/usr --with-gcc-major-version-only --program-suffix=-11 --program-prefix=x86_64-linux-gnu- --enable-shared --enable-linker-build-id --libexecdir=/usr/lib --without-included-gettext --enable-threads=posix --libdir=/usr/lib --enable-nls --enable-bootstrap --enable-clocale=gnu --enable-libstdcxx-debug --enable-libstdcxx-time=yes --with-default-libstdcxx-abi=new --enable-gnu-unique-object --disable-vtable-verify --enable-plugin --enable-default-pie --with-system-zlib --enable-libphobos-checking=release --with-target-system-zlib=auto --enable-objc-gc=auto --enable-multiarch --disable-werror --enable-cet --with-arch-32=i686 --with-abi=m64 --with-multilib-list=m32 m64 mx32 --enable-multilib --with-tune=generic --enable-offload-targets=nvptx-none=/build/gcc-11-XeT9lY/gcc-11-11.4.0/debian/tmp-nvptx/usr amdgcn-amdhsa=/build/gcc-11-XeT9lY/gcc-11-11.4.0/debian/tmp-gcn/usr --without-cuda-driver --enable-checking=release --build=x86_64-linux-gnu --host=x86_64-linux-gnu --target=x86_64-linux-gnu --with-build-config=bootstrap-lto-lean --enable-link-serialization=2]
  ignore line: [Thread model: posix]
  ignore line: [Supported LTO compression algorithms: zlib zstd]
  ignore line: [gcc version 11.4.0 (Ubuntu 11.4.0-1ubuntu1~22.04) ]
  ignore line: [COMPILER_PATH=/usr/lib/gcc/x86_64-linux-gnu/11/:/usr/lib/gcc/x86_64-linux-gnu/11/:/usr/lib/gcc/x86_64-linux-gnu/:/usr/lib/gcc/x86_64-linux-gnu/11/:/usr/lib/gcc/x86_64-linux-gnu/]
  ignore line: [LIBRARY_PATH=/usr/lib/gcc/x86_64-linux-gnu/11/:/usr/lib/gcc/x86_64-linux-gnu/11/../../../x86_64-linux-gnu/:/usr/lib/gcc/x86_64-linux-gnu/11/../../../../lib/:/lib/x86_64-linux-gnu/:/lib/../lib/:/usr/lib/x86_64-linux-gnu/:/usr/lib/../lib/:/usr/lib/gcc/x86_64-linux-gnu/11/../../../:/lib/:/usr/lib/]
  ignore line: [COLLECT_GCC_OPTIONS='-v' '-o' 'cmTC_b05f8' '-mtune=generic' '-march=x86-64' '-dumpdir' 'cmTC_b05f8.']
  link line: [ /usr/lib/gcc/x86_64-linux-gnu/11/collect2 -plugin /usr/lib/gcc/x86_64-linux-gnu/11/liblto_plugin.so -plugin-opt=/usr/lib/gcc/x86_64-linux-gnu/11/lto-wrapper -plugin-opt=-fresolution=/tmp/cccrDpX5.res -plugin-opt=-pass-through=-lgcc -plugin-opt=-pass-through=-lgcc_s -plugin-opt=-pass-through=-lc -plugin-opt=-pass-through=-lgcc -plugin-opt=-pass-through=-lgcc_s --build-id --eh-frame-hdr -m elf_x86_64 --hash-style=gnu --as-needed -dynamic-linker /lib64/ld-linux-x86-64.so.2 -pie -z now -z relro -o cmTC_b05f8 /usr/lib/gcc/x86_64-linux-gnu/11/../../../x86_64-linux-gnu/Scrt1.o /usr/lib/gcc/x86_64-linux-gnu/11/../../../x86_64-linux-gnu/crti.o /usr/lib/gcc/x86_64-linux-gnu/11/crtbeginS.o -L/usr/lib/gcc/x86_64-linux-gnu/11 -L/usr/lib/gcc/x86_64-linux-gnu/11/../../../x86_64-linux-gnu -L/usr/lib/gcc/x86_64-linux-gnu/11/../../../../lib -L/lib/x86_64-linux-gnu -L/lib/../lib -L/usr/lib/x86_64-linux-gnu -L/usr/lib/../lib -L/usr/lib/gcc/x86_64-linux-gnu/11/../../.. CMakeFiles/cmTC_b05f8.dir/CMakeCCompilerABI.c.o -lgcc --push-state --as-needed -lgcc_s --pop-state -lc -lgcc --push-state --as-needed -lgcc_s --pop-state /usr/lib/gcc/x86_64-linux-gnu/11/crtendS.o /usr/lib/gcc/x86_64-linux-gnu/11/../../../x86_64-linux-gnu/crtn.o]
    arg [/usr/lib/gcc/x86_64-linux-gnu/11/collect2] ==> ignore
    arg [-plugin] ==> ignore
    arg [/usr/lib/gcc/x86_64-linux-gnu/11/liblto_plugin.so] ==> ignore
    arg [-plugin-opt=/usr/lib/gcc/x86_64-linux-gnu/11/lto-wrapper] ==> ignore
    arg [-plugin-opt=-fresolution=/tmp/cccrDpX5.res] ==> ignore
    arg [-plugin-opt=-pass-through=-lgcc] ==> ignore
    arg [-plugin-opt=-pass-through=-lgcc_s] ==> ignore
    arg [-plugin-opt=-pass-through=-lc] ==> ignore
    arg [-plugin-opt=-pass-through=-lgcc] ==> ignore
    arg [-plugin-opt=-pass-through=-lgcc_s] ==> ignore
    arg [--build-id] ==> ignore
    arg [--eh-frame-hdr] ==> ignore
    arg [-m] ==> ignore
    arg [elf_x86_64] ==> ignore
    arg [--hash-style=gnu] ==> ignore
    arg [--as-needed] ==> ignore
    arg [-dynamic-linker] ==> ignore
    arg [/lib64/ld-linux-x86-64.so.2] ==> ignore
    arg [-pie] ==> ignore
    arg [-znow] ==> ignore
    arg [-zrelro] ==> ignore
    arg [-o] ==> ignore
    arg [cmTC_b05f8] ==> ignore
    arg [/usr/lib/gcc/x86_64-linux-gnu/11/../../../x86_64-linux-gnu/Scrt1.o] ==> obj [/usr/lib/gcc/x86_64-linux-gnu/11/../../../x86_64-linux-gnu/Scrt1.o]
    arg [/usr/lib/gcc/x86_64-linux-gnu/11/../../../x86_64-linux-gnu/crti.o] ==> obj [/usr/lib/gcc/x86_64-linux-gnu/11/../../../x86_64-linux-gnu/crti.o]
    arg [/usr/lib/gcc/x86_64-linux-gnu/11/crtbeginS.o] ==> obj [/usr/lib/gcc/x86_64-linux-gnu/11/crtbeginS.o]
    arg [-L/usr/lib/gcc/x86_64-linux-gnu/11] ==> dir [/usr/lib/gcc/x86_64-linux-gnu/11]
    arg [-L/usr/lib/gcc/x86_64-linux-gnu/11/../../../x86_64-linux-gnu] ==> dir [/usr/lib/gcc/x86_64-linux-gnu/11/../../../x86_64-linux-gnu]
    arg [-L/usr/lib/gcc/x86_64-linux-gnu/11/../../../../lib] ==> dir [/usr/lib/gcc/x86_64-linux-gnu/11/../../../../lib]
    arg [-L/lib/x86_64-linux-gnu] ==> dir [/lib/x86_64-linux-gnu]
    arg [-L/lib/../lib] ==> dir [/lib/../lib]
    arg [-L/usr/lib/x86_64-linux-gnu] ==> dir [/usr/lib/x86_64-linux-gnu]
    arg [-L/usr/lib/../lib] ==> dir [/usr/lib/../lib]
    arg [-L/usr/lib/gcc/x86_64-linux-gnu/11/../../..] ==> dir [/usr/lib/gcc/x86_64-linux-gnu/11/../../..]
    arg [CMakeFiles/cmTC_b05f8.dir/CMakeCCompilerABI.c.o] ==> ignore
    arg [-lgcc] ==> lib [gcc]
    arg [--push-state] ==> ignore
    arg [--as-needed] ==> ignore
    arg [-lgcc_s] ==> lib [gcc_s]
    arg [--pop-state] ==> ignore
    arg [-lc] ==> lib [c]
    arg [-lgcc] ==> lib [gcc]
    arg [--push-state] ==> ignore
    arg [--as-needed] ==> ignore
    arg [-lgcc_s] ==> lib [gcc_s]
    arg [--pop-state] ==> ignore
    arg [/usr/lib/gcc/x86_64-linux-gnu/11/crtendS.o] ==> obj [/usr/lib/gcc/x86_64-linux-gnu/11/crtendS.o]
    arg [/usr/lib/gcc/x86_64-linux-gnu/11/../../../x86_64-linux-gnu/crtn.o] ==> obj [/usr/lib/gcc/x86_64-linux-gnu/11/../../../x86_64-linux-gnu/crtn.o]
  collapse obj [/usr/lib/gcc/x86_64-linux-gnu/11/../../../x86_64-linux-gnu/Scrt1.o] ==> [/usr/lib/x86_64-linux-gnu/Scrt1.o]
  collapse obj [/usr/lib/gcc/x86_64-linux-gnu/11/../../../x86_64-linux-gnu/crti.o] ==> [/usr/lib/x86_64-linux-gnu/crti.o]
  collapse obj [/usr/lib/gcc/x86_64-linux-gnu/11/../../../x86_64-linux-gnu/crtn.o] ==> [/usr/lib/x86_64-linux-gnu/crtn.o]
  collapse library dir [/usr/lib/gcc/x86_64-linux-gnu/11] ==> [/usr/lib/gcc/x86_64-linux-gnu/11]
  collapse library dir [/usr/lib/gcc/x86_64-linux-gnu/11/../../../x86_64-linux-gnu] ==> [/usr/lib/x86_64-linux-gnu]
  collapse library dir [/usr/lib/gcc/x86_64-linux-gnu/11/../../../../lib] ==> [/usr/lib]
  collapse library dir [/lib/x86_64-linux-gnu] ==> [/lib/x86_64-linux-gnu]
  collapse library dir [/lib/../lib] ==> [/lib]
  collapse library dir [/usr/lib/x86_64-linux-gnu] ==> [/usr/lib/x86_64-linux-gnu]
  collapse library dir [/usr/lib/../lib] ==> [/usr/lib]
  collapse library dir [/usr/lib/gcc/x86_64-linux-gnu/11/../../..] ==> [/usr/lib]
  implicit libs: [gcc;gcc_s;c;gcc;gcc_s]
  implicit objs: [/usr/lib/x86_64-linux-gnu/Scrt1.o;/usr/lib/x86_64-linux-gnu/crti.o;/usr/lib/gcc/x86_64-linux-gnu/11/crtbeginS.o;/usr/lib/gcc/x86_64-linux-gnu/11/crtendS.o;/usr/lib/x86_64-linux-gnu/crtn.o]
  implicit dirs: [/usr/lib/gcc/x86_64-linux-gnu/11;/usr/lib/x86_64-linux-gnu;/usr/lib;/lib/x86_64-linux-gnu;/lib]
  implicit fwks: []


Detecting CXX compiler ABI info compiled with the following output:
Change Dir: /home/yzwu/Desktop/soc_test/vadd_host/build/x86sim/CMakeFiles/CMakeTmp

Run Build Command(s):/usr/bin/gmake -f Makefile cmTC_b6fe7/fast && /usr/bin/gmake  -f CMakeFiles/cmTC_b6fe7.dir/build.make CMakeFiles/cmTC_b6fe7.dir/build
gmake[1]: Entering directory '/home/yzwu/Desktop/soc_test/vadd_host/build/x86sim/CMakeFiles/CMakeTmp'
Building CXX object CMakeFiles/cmTC_b6fe7.dir/CMakeCXXCompilerABI.cpp.o
/usr/bin/g++   -v -o CMakeFiles/cmTC_b6fe7.dir/CMakeCXXCompilerABI.cpp.o -c /tools/Xilinx/Vitis/2023.2/tps/lnx64/cmake-3.24.2/share/cmake-3.24/Modules/CMakeCXXCompilerABI.cpp
Using built-in specs.
COLLECT_GCC=/usr/bin/g++
OFFLOAD_TARGET_NAMES=nvptx-none:amdgcn-amdhsa
OFFLOAD_TARGET_DEFAULT=1
Target: x86_64-linux-gnu
Configured with: ../src/configure -v --with-pkgversion='Ubuntu 11.4.0-1ubuntu1~22.04' --with-bugurl=file:///usr/share/doc/gcc-11/README.Bugs --enable-languages=c,ada,c++,go,brig,d,fortran,objc,obj-c++,m2 --prefix=/usr --with-gcc-major-version-only --program-suffix=-11 --program-prefix=x86_64-linux-gnu- --enable-shared --enable-linker-build-id --libexecdir=/usr/lib --without-included-gettext --enable-threads=posix --libdir=/usr/lib --enable-nls --enable-bootstrap --enable-clocale=gnu --enable-libstdcxx-debug --enable-libstdcxx-time=yes --with-default-libstdcxx-abi=new --enable-gnu-unique-object --disable-vtable-verify --enable-plugin --enable-default-pie --with-system-zlib --enable-libphobos-checking=release --with-target-system-zlib=auto --enable-objc-gc=auto --enable-multiarch --disable-werror --enable-cet --with-arch-32=i686 --with-abi=m64 --with-multilib-list=m32,m64,mx32 --enable-multilib --with-tune=generic --enable-offload-targets=nvptx-none=/build/gcc-11-XeT9lY/gcc-11-11.4.0/debian/tmp-nvptx/usr,amdgcn-amdhsa=/build/gcc-11-XeT9lY/gcc-11-11.4.0/debian/tmp-gcn/usr --without-cuda-driver --enable-checking=release --build=x86_64-linux-gnu --host=x86_64-linux-gnu --target=x86_64-linux-gnu --with-build-config=bootstrap-lto-lean --enable-link-serialization=2
Thread model: posix
Supported LTO compression algorithms: zlib zstd
gcc version 11.4.0 (Ubuntu 11.4.0-1ubuntu1~22.04) 
COLLECT_GCC_OPTIONS='-v' '-o' 'CMakeFiles/cmTC_b6fe7.dir/CMakeCXXCompilerABI.cpp.o' '-c' '-shared-libgcc' '-mtune=generic' '-march=x86-64' '-dumpdir' 'CMakeFiles/cmTC_b6fe7.dir/'
 /usr/lib/gcc/x86_64-linux-gnu/11/cc1plus -quiet -v -imultiarch x86_64-linux-gnu -D_GNU_SOURCE /tools/Xilinx/Vitis/2023.2/tps/lnx64/cmake-3.24.2/share/cmake-3.24/Modules/CMakeCXXCompilerABI.cpp -quiet -dumpdir CMakeFiles/cmTC_b6fe7.dir/ -dumpbase CMakeCXXCompilerABI.cpp.cpp -dumpbase-ext .cpp -mtune=generic -march=x86-64 -version -fasynchronous-unwind-tables -fstack-protector-strong -Wformat -Wformat-security -fstack-clash-protection -fcf-protection -o /tmp/cc55NNvu.s
GNU C++17 (Ubuntu 11.4.0-1ubuntu1~22.04) version 11.4.0 (x86_64-linux-gnu)
	compiled by GNU C version 11.4.0, GMP version 6.2.1, MPFR version 4.1.0, MPC version 1.2.1, isl version isl-0.24-GMP

GGC heuristics: --param ggc-min-expand=100 --param ggc-min-heapsize=131072
ignoring duplicate directory "/usr/include/x86_64-linux-gnu/c++/11"
ignoring nonexistent directory "/usr/local/include/x86_64-linux-gnu"
ignoring nonexistent directory "/usr/lib/gcc/x86_64-linux-gnu/11/include-fixed"
ignoring nonexistent directory "/usr/lib/gcc/x86_64-linux-gnu/11/../../../../x86_64-linux-gnu/include"
#include "..." search starts here:
#include <...> search starts here:
 /usr/include/c++/11
 /usr/include/x86_64-linux-gnu/c++/11
 /usr/include/c++/11/backward
 /usr/lib/gcc/x86_64-linux-gnu/11/include
 /usr/local/include
 /usr/include/x86_64-linux-gnu
 /usr/include
End of search list.
GNU C++17 (Ubuntu 11.4.0-1ubuntu1~22.04) version 11.4.0 (x86_64-linux-gnu)
	compiled by GNU C version 11.4.0, GMP version 6.2.1, MPFR version 4.1.0, MPC version 1.2.1, isl version isl-0.24-GMP

GGC heuristics: --param ggc-min-expand=100 --param ggc-min-heapsize=131072
Compiler executable checksum: d591828bb4d392ae8b7b160e5bb0b95f
COLLECT_GCC_OPTIONS='-v' '-o' 'CMakeFiles/cmTC_b6fe7.dir/CMakeCXXCompilerABI.cpp.o' '-c' '-shared-libgcc' '-mtune=generic' '-march=x86-64' '-dumpdir' 'CMakeFiles/cmTC_b6fe7.dir/'
 as -v --64 -o CMakeFiles/cmTC_b6fe7.dir/CMakeCXXCompilerABI.cpp.o /tmp/cc55NNvu.s
GNU assembler version 2.38 (x86_64-linux-gnu) using BFD version (GNU Binutils for Ubuntu) 2.38
COMPILER_PATH=/usr/lib/gcc/x86_64-linux-gnu/11/:/usr/lib/gcc/x86_64-linux-gnu/11/:/usr/lib/gcc/x86_64-linux-gnu/:/usr/lib/gcc/x86_64-linux-gnu/11/:/usr/lib/gcc/x86_64-linux-gnu/
LIBRARY_PATH=/usr/lib/gcc/x86_64-linux-gnu/11/:/usr/lib/gcc/x86_64-linux-gnu/11/../../../x86_64-linux-gnu/:/usr/lib/gcc/x86_64-linux-gnu/11/../../../../lib/:/lib/x86_64-linux-gnu/:/lib/../lib/:/usr/lib/x86_64-linux-gnu/:/usr/lib/../lib/:/usr/lib/gcc/x86_64-linux-gnu/11/../../../:/lib/:/usr/lib/
COLLECT_GCC_OPTIONS='-v' '-o' 'CMakeFiles/cmTC_b6fe7.dir/CMakeCXXCompilerABI.cpp.o' '-c' '-shared-libgcc' '-mtune=generic' '-march=x86-64' '-dumpdir' 'CMakeFiles/cmTC_b6fe7.dir/CMakeCXXCompilerABI.cpp.'
Linking CXX executable cmTC_b6fe7
/tools/Xilinx/Vitis/2023.2/tps/lnx64/cmake-3.24.2/bin/cmake -E cmake_link_script CMakeFiles/cmTC_b6fe7.dir/link.txt --verbose=1
/usr/bin/g++  -v CMakeFiles/cmTC_b6fe7.dir/CMakeCXXCompilerABI.cpp.o -o cmTC_b6fe7 
Using built-in specs.
COLLECT_GCC=/usr/bin/g++
COLLECT_LTO_WRAPPER=/usr/lib/gcc/x86_64-linux-gnu/11/lto-wrapper
OFFLOAD_TARGET_NAMES=nvptx-none:amdgcn-amdhsa
OFFLOAD_TARGET_DEFAULT=1
Target: x86_64-linux-gnu
Configured with: ../src/configure -v --with-pkgversion='Ubuntu 11.4.0-1ubuntu1~22.04' --with-bugurl=file:///usr/share/doc/gcc-11/README.Bugs --enable-languages=c,ada,c++,go,brig,d,fortran,objc,obj-c++,m2 --prefix=/usr --with-gcc-major-version-only --program-suffix=-11 --program-prefix=x86_64-linux-gnu- --enable-shared --enable-linker-build-id --libexecdir=/usr/lib --without-included-gettext --enable-threads=posix --libdir=/usr/lib --enable-nls --enable-bootstrap --enable-clocale=gnu --enable-libstdcxx-debug --enable-libstdcxx-time=yes --with-default-libstdcxx-abi=new --enable-gnu-unique-object --disable-vtable-verify --enable-plugin --enable-default-pie --with-system-zlib --enable-libphobos-checking=release --with-target-system-zlib=auto --enable-objc-gc=auto --enable-multiarch --disable-werror --enable-cet --with-arch-32=i686 --with-abi=m64 --with-multilib-list=m32,m64,mx32 --enable-multilib --with-tune=generic --enable-offload-targets=nvptx-none=/build/gcc-11-XeT9lY/gcc-11-11.4.0/debian/tmp-nvptx/usr,amdgcn-amdhsa=/build/gcc-11-XeT9lY/gcc-11-11.4.0/debian/tmp-gcn/usr --without-cuda-driver --enable-checking=release --build=x86_64-linux-gnu --host=x86_64-linux-gnu --target=x86_64-linux-gnu --with-build-config=bootstrap-lto-lean --enable-link-serialization=2
Thread model: posix
Supported LTO compression algorithms: zlib zstd
gcc version 11.4.0 (Ubuntu 11.4.0-1ubuntu1~22.04) 
COMPILER_PATH=/usr/lib/gcc/x86_64-linux-gnu/11/:/usr/lib/gcc/x86_64-linux-gnu/11/:/usr/lib/gcc/x86_64-linux-gnu/:/usr/lib/gcc/x86_64-linux-gnu/11/:/usr/lib/gcc/x86_64-linux-gnu/
LIBRARY_PATH=/usr/lib/gcc/x86_64-linux-gnu/11/:/usr/lib/gcc/x86_64-linux-gnu/11/../../../x86_64-linux-gnu/:/usr/lib/gcc/x86_64-linux-gnu/11/../../../../lib/:/lib/x86_64-linux-gnu/:/lib/../lib/:/usr/lib/x86_64-linux-gnu/:/usr/lib/../lib/:/usr/lib/gcc/x86_64-linux-gnu/11/../../../:/lib/:/usr/lib/
COLLECT_GCC_OPTIONS='-v' '-o' 'cmTC_b6fe7' '-shared-libgcc' '-mtune=generic' '-march=x86-64' '-dumpdir' 'cmTC_b6fe7.'
 /usr/lib/gcc/x86_64-linux-gnu/11/collect2 -plugin /usr/lib/gcc/x86_64-linux-gnu/11/liblto_plugin.so -plugin-opt=/usr/lib/gcc/x86_64-linux-gnu/11/lto-wrapper -plugin-opt=-fresolution=/tmp/ccVRb1xA.res -plugin-opt=-pass-through=-lgcc_s -plugin-opt=-pass-through=-lgcc -plugin-opt=-pass-through=-lc -plugin-opt=-pass-through=-lgcc_s -plugin-opt=-pass-through=-lgcc --build-id --eh-frame-hdr -m elf_x86_64 --hash-style=gnu --as-needed -dynamic-linker /lib64/ld-linux-x86-64.so.2 -pie -z now -z relro -o cmTC_b6fe7 /usr/lib/gcc/x86_64-linux-gnu/11/../../../x86_64-linux-gnu/Scrt1.o /usr/lib/gcc/x86_64-linux-gnu/11/../../../x86_64-linux-gnu/crti.o /usr/lib/gcc/x86_64-linux-gnu/11/crtbeginS.o -L/usr/lib/gcc/x86_64-linux-gnu/11 -L/usr/lib/gcc/x86_64-linux-gnu/11/../../../x86_64-linux-gnu -L/usr/lib/gcc/x86_64-linux-gnu/11/../../../../lib -L/lib/x86_64-linux-gnu -L/lib/../lib -L/usr/lib/x86_64-linux-gnu -L/usr/lib/../lib -L/usr/lib/gcc/x86_64-linux-gnu/11/../../.. CMakeFiles/cmTC_b6fe7.dir/CMakeCXXCompilerABI.cpp.o -lstdc++ -lm -lgcc_s -lgcc -lc -lgcc_s -lgcc /usr/lib/gcc/x86_64-linux-gnu/11/crtendS.o /usr/lib/gcc/x86_64-linux-gnu/11/../../../x86_64-linux-gnu/crtn.o
COLLECT_GCC_OPTIONS='-v' '-o' 'cmTC_b6fe7' '-shared-libgcc' '-mtune=generic' '-march=x86-64' '-dumpdir' 'cmTC_b6fe7.'
gmake[1]: Leaving directory '/home/yzwu/Desktop/soc_test/vadd_host/build/x86sim/CMakeFiles/CMakeTmp'



Parsed CXX implicit include dir info from above output: rv=done
  found start of include info
  found start of implicit include info
    add: [/usr/include/c++/11]
    add: [/usr/include/x86_64-linux-gnu/c++/11]
    add: [/usr/include/c++/11/backward]
    add: [/usr/lib/gcc/x86_64-linux-gnu/11/include]
    add: [/usr/local/include]
    add: [/usr/include/x86_64-linux-gnu]
    add: [/usr/include]
  end of search list found
  collapse include dir [/usr/include/c++/11] ==> [/usr/include/c++/11]
  collapse include dir [/usr/include/x86_64-linux-gnu/c++/11] ==> [/usr/include/x86_64-linux-gnu/c++/11]
  collapse include dir [/usr/include/c++/11/backward] ==> [/usr/include/c++/11/backward]
  collapse include dir [/usr/lib/gcc/x86_64-linux-gnu/11/include] ==> [/usr/lib/gcc/x86_64-linux-gnu/11/include]
  collapse include dir [/usr/local/include] ==> [/usr/local/include]
  collapse include dir [/usr/include/x86_64-linux-gnu] ==> [/usr/include/x86_64-linux-gnu]
  collapse include dir [/usr/include] ==> [/usr/include]
  implicit include dirs: [/usr/include/c++/11;/usr/include/x86_64-linux-gnu/c++/11;/usr/include/c++/11/backward;/usr/lib/gcc/x86_64-linux-gnu/11/include;/usr/local/include;/usr/include/x86_64-linux-gnu;/usr/include]


Parsed CXX implicit link information from above output:
  link line regex: [^( *|.*[/\])(ld|CMAKE_LINK_STARTFILE-NOTFOUND|([^/\]+-)?ld|collect2)[^/\]*( |$)]
  ignore line: [Change Dir: /home/yzwu/Desktop/soc_test/vadd_host/build/x86sim/CMakeFiles/CMakeTmp]
  ignore line: []
  ignore line: [Run Build Command(s):/usr/bin/gmake -f Makefile cmTC_b6fe7/fast && /usr/bin/gmake  -f CMakeFiles/cmTC_b6fe7.dir/build.make CMakeFiles/cmTC_b6fe7.dir/build]
  ignore line: [gmake[1]: Entering directory '/home/yzwu/Desktop/soc_test/vadd_host/build/x86sim/CMakeFiles/CMakeTmp']
  ignore line: [Building CXX object CMakeFiles/cmTC_b6fe7.dir/CMakeCXXCompilerABI.cpp.o]
  ignore line: [/usr/bin/g++   -v -o CMakeFiles/cmTC_b6fe7.dir/CMakeCXXCompilerABI.cpp.o -c /tools/Xilinx/Vitis/2023.2/tps/lnx64/cmake-3.24.2/share/cmake-3.24/Modules/CMakeCXXCompilerABI.cpp]
  ignore line: [Using built-in specs.]
  ignore line: [COLLECT_GCC=/usr/bin/g++]
  ignore line: [OFFLOAD_TARGET_NAMES=nvptx-none:amdgcn-amdhsa]
  ignore line: [OFFLOAD_TARGET_DEFAULT=1]
  ignore line: [Target: x86_64-linux-gnu]
  ignore line: [Configured with: ../src/configure -v --with-pkgversion='Ubuntu 11.4.0-1ubuntu1~22.04' --with-bugurl=file:///usr/share/doc/gcc-11/README.Bugs --enable-languages=c ada c++ go brig d fortran objc obj-c++ m2 --prefix=/usr --with-gcc-major-version-only --program-suffix=-11 --program-prefix=x86_64-linux-gnu- --enable-shared --enable-linker-build-id --libexecdir=/usr/lib --without-included-gettext --enable-threads=posix --libdir=/usr/lib --enable-nls --enable-bootstrap --enable-clocale=gnu --enable-libstdcxx-debug --enable-libstdcxx-time=yes --with-default-libstdcxx-abi=new --enable-gnu-unique-object --disable-vtable-verify --enable-plugin --enable-default-pie --with-system-zlib --enable-libphobos-checking=release --with-target-system-zlib=auto --enable-objc-gc=auto --enable-multiarch --disable-werror --enable-cet --with-arch-32=i686 --with-abi=m64 --with-multilib-list=m32 m64 mx32 --enable-multilib --with-tune=generic --enable-offload-targets=nvptx-none=/build/gcc-11-XeT9lY/gcc-11-11.4.0/debian/tmp-nvptx/usr amdgcn-amdhsa=/build/gcc-11-XeT9lY/gcc-11-11.4.0/debian/tmp-gcn/usr --without-cuda-driver --enable-checking=release --build=x86_64-linux-gnu --host=x86_64-linux-gnu --target=x86_64-linux-gnu --with-build-config=bootstrap-lto-lean --enable-link-serialization=2]
  ignore line: [Thread model: posix]
  ignore line: [Supported LTO compression algorithms: zlib zstd]
  ignore line: [gcc version 11.4.0 (Ubuntu 11.4.0-1ubuntu1~22.04) ]
  ignore line: [COLLECT_GCC_OPTIONS='-v' '-o' 'CMakeFiles/cmTC_b6fe7.dir/CMakeCXXCompilerABI.cpp.o' '-c' '-shared-libgcc' '-mtune=generic' '-march=x86-64' '-dumpdir' 'CMakeFiles/cmTC_b6fe7.dir/']
  ignore line: [ /usr/lib/gcc/x86_64-linux-gnu/11/cc1plus -quiet -v -imultiarch x86_64-linux-gnu -D_GNU_SOURCE /tools/Xilinx/Vitis/2023.2/tps/lnx64/cmake-3.24.2/share/cmake-3.24/Modules/CMakeCXXCompilerABI.cpp -quiet -dumpdir CMakeFiles/cmTC_b6fe7.dir/ -dumpbase CMakeCXXCompilerABI.cpp.cpp -dumpbase-ext .cpp -mtune=generic -march=x86-64 -version -fasynchronous-unwind-tables -fstack-protector-strong -Wformat -Wformat-security -fstack-clash-protection -fcf-protection -o /tmp/cc55NNvu.s]
  ignore line: [GNU C++17 (Ubuntu 11.4.0-1ubuntu1~22.04) version 11.4.0 (x86_64-linux-gnu)]
  ignore line: [	compiled by GNU C version 11.4.0  GMP version 6.2.1  MPFR version 4.1.0  MPC version 1.2.1  isl version isl-0.24-GMP]
  ignore line: []
  ignore line: [GGC heuristics: --param ggc-min-expand=100 --param ggc-min-heapsize=131072]
  ignore line: [ignoring duplicate directory "/usr/include/x86_64-linux-gnu/c++/11"]
  ignore line: [ignoring nonexistent directory "/usr/local/include/x86_64-linux-gnu"]
  ignore line: [ignoring nonexistent directory "/usr/lib/gcc/x86_64-linux-gnu/11/include-fixed"]
  ignore line: [ignoring nonexistent directory "/usr/lib/gcc/x86_64-linux-gnu/11/../../../../x86_64-linux-gnu/include"]
  ignore line: [#include "..." search starts here:]
  ignore line: [#include <...> search starts here:]
  ignore line: [ /usr/include/c++/11]
  ignore line: [ /usr/include/x86_64-linux-gnu/c++/11]
  ignore line: [ /usr/include/c++/11/backward]
  ignore line: [ /usr/lib/gcc/x86_64-linux-gnu/11/include]
  ignore line: [ /usr/local/include]
  ignore line: [ /usr/include/x86_64-linux-gnu]
  ignore line: [ /usr/include]
  ignore line: [End of search list.]
  ignore line: [GNU C++17 (Ubuntu 11.4.0-1ubuntu1~22.04) version 11.4.0 (x86_64-linux-gnu)]
  ignore line: [	compiled by GNU C version 11.4.0  GMP version 6.2.1  MPFR version 4.1.0  MPC version 1.2.1  isl version isl-0.24-GMP]
  ignore line: []
  ignore line: [GGC heuristics: --param ggc-min-expand=100 --param ggc-min-heapsize=131072]
  ignore line: [Compiler executable checksum: d591828bb4d392ae8b7b160e5bb0b95f]
  ignore line: [COLLECT_GCC_OPTIONS='-v' '-o' 'CMakeFiles/cmTC_b6fe7.dir/CMakeCXXCompilerABI.cpp.o' '-c' '-shared-libgcc' '-mtune=generic' '-march=x86-64' '-dumpdir' 'CMakeFiles/cmTC_b6fe7.dir/']
  ignore line: [ as -v --64 -o CMakeFiles/cmTC_b6fe7.dir/CMakeCXXCompilerABI.cpp.o /tmp/cc55NNvu.s]
  ignore line: [GNU assembler version 2.38 (x86_64-linux-gnu) using BFD version (GNU Binutils for Ubuntu) 2.38]
  ignore line: [COMPILER_PATH=/usr/lib/gcc/x86_64-linux-gnu/11/:/usr/lib/gcc/x86_64-linux-gnu/11/:/usr/lib/gcc/x86_64-linux-gnu/:/usr/lib/gcc/x86_64-linux-gnu/11/:/usr/lib/gcc/x86_64-linux-gnu/]
  ignore line: [LIBRARY_PATH=/usr/lib/gcc/x86_64-linux-gnu/11/:/usr/lib/gcc/x86_64-linux-gnu/11/../../../x86_64-linux-gnu/:/usr/lib/gcc/x86_64-linux-gnu/11/../../../../lib/:/lib/x86_64-linux-gnu/:/lib/../lib/:/usr/lib/x86_64-linux-gnu/:/usr/lib/../lib/:/usr/lib/gcc/x86_64-linux-gnu/11/../../../:/lib/:/usr/lib/]
  ignore line: [COLLECT_GCC_OPTIONS='-v' '-o' 'CMakeFiles/cmTC_b6fe7.dir/CMakeCXXCompilerABI.cpp.o' '-c' '-shared-libgcc' '-mtune=generic' '-march=x86-64' '-dumpdir' 'CMakeFiles/cmTC_b6fe7.dir/CMakeCXXCompilerABI.cpp.']
  ignore line: [Linking CXX executable cmTC_b6fe7]
  ignore line: [/tools/Xilinx/Vitis/2023.2/tps/lnx64/cmake-3.24.2/bin/cmake -E cmake_link_script CMakeFiles/cmTC_b6fe7.dir/link.txt --verbose=1]
  ignore line: [/usr/bin/g++  -v CMakeFiles/cmTC_b6fe7.dir/CMakeCXXCompilerABI.cpp.o -o cmTC_b6fe7 ]
  ignore line: [Using built-in specs.]
  ignore line: [COLLECT_GCC=/usr/bin/g++]
  ignore line: [COLLECT_LTO_WRAPPER=/usr/lib/gcc/x86_64-linux-gnu/11/lto-wrapper]
  ignore line: [OFFLOAD_TARGET_NAMES=nvptx-none:amdgcn-amdhsa]
  ignore line: [OFFLOAD_TARGET_DEFAULT=1]
  ignore line: [Target: x86_64-linux-gnu]
  ignore line: [Configured with: ../src/configure -v --with-pkgversion='Ubuntu 11.4.0-1ubuntu1~22.04' --with-bugurl=file:///usr/share/doc/gcc-11/README.Bugs --enable-languages=c ada c++ go brig d fortran objc obj-c++ m2 --prefix=/usr --with-gcc-major-version-only --program-suffix=-11 --program-prefix=x86_64-linux-gnu- --enable-shared --enable-linker-build-id --libexecdir=/usr/lib --without-included-gettext --enable-threads=posix --libdir=/usr/lib --enable-nls --enable-bootstrap --enable-clocale=gnu --enable-libstdcxx-debug --enable-libstdcxx-time=yes --with-default-libstdcxx-abi=new --enable-gnu-unique-object --disable-vtable-verify --enable-plugin --enable-default-pie --with-system-zlib --enable-libphobos-checking=release --with-target-system-zlib=auto --enable-objc-gc=auto --enable-multiarch --disable-werror --enable-cet --with-arch-32=i686 --with-abi=m64 --with-multilib-list=m32 m64 mx32 --enable-multilib --with-tune=generic --enable-offload-targets=nvptx-none=/build/gcc-11-XeT9lY/gcc-11-11.4.0/debian/tmp-nvptx/usr amdgcn-amdhsa=/build/gcc-11-XeT9lY/gcc-11-11.4.0/debian/tmp-gcn/usr --without-cuda-driver --enable-checking=release --build=x86_64-linux-gnu --host=x86_64-linux-gnu --target=x86_64-linux-gnu --with-build-config=bootstrap-lto-lean --enable-link-serialization=2]
  ignore line: [Thread model: posix]
  ignore line: [Supported LTO compression algorithms: zlib zstd]
  ignore line: [gcc version 11.4.0 (Ubuntu 11.4.0-1ubuntu1~22.04) ]
  ignore line: [COMPILER_PATH=/usr/lib/gcc/x86_64-linux-gnu/11/:/usr/lib/gcc/x86_64-linux-gnu/11/:/usr/lib/gcc/x86_64-linux-gnu/:/usr/lib/gcc/x86_64-linux-gnu/11/:/usr/lib/gcc/x86_64-linux-gnu/]
  ignore line: [LIBRARY_PATH=/usr/lib/gcc/x86_64-linux-gnu/11/:/usr/lib/gcc/x86_64-linux-gnu/11/../../../x86_64-linux-gnu/:/usr/lib/gcc/x86_64-linux-gnu/11/../../../../lib/:/lib/x86_64-linux-gnu/:/lib/../lib/:/usr/lib/x86_64-linux-gnu/:/usr/lib/../lib/:/usr/lib/gcc/x86_64-linux-gnu/11/../../../:/lib/:/usr/lib/]
  ignore line: [COLLECT_GCC_OPTIONS='-v' '-o' 'cmTC_b6fe7' '-shared-libgcc' '-mtune=generic' '-march=x86-64' '-dumpdir' 'cmTC_b6fe7.']
  link line: [ /usr/lib/gcc/x86_64-linux-gnu/11/collect2 -plugin /usr/lib/gcc/x86_64-linux-gnu/11/liblto_plugin.so -plugin-opt=/usr/lib/gcc/x86_64-linux-gnu/11/lto-wrapper -plugin-opt=-fresolution=/tmp/ccVRb1xA.res -plugin-opt=-pass-through=-lgcc_s -plugin-opt=-pass-through=-lgcc -plugin-opt=-pass-through=-lc -plugin-opt=-pass-through=-lgcc_s -plugin-opt=-pass-through=-lgcc --build-id --eh-frame-hdr -m elf_x86_64 --hash-style=gnu --as-needed -dynamic-linker /lib64/ld-linux-x86-64.so.2 -pie -z now -z relro -o cmTC_b6fe7 /usr/lib/gcc/x86_64-linux-gnu/11/../../../x86_64-linux-gnu/Scrt1.o /usr/lib/gcc/x86_64-linux-gnu/11/../../../x86_64-linux-gnu/crti.o /usr/lib/gcc/x86_64-linux-gnu/11/crtbeginS.o -L/usr/lib/gcc/x86_64-linux-gnu/11 -L/usr/lib/gcc/x86_64-linux-gnu/11/../../../x86_64-linux-gnu -L/usr/lib/gcc/x86_64-linux-gnu/11/../../../../lib -L/lib/x86_64-linux-gnu -L/lib/../lib -L/usr/lib/x86_64-linux-gnu -L/usr/lib/../lib -L/usr/lib/gcc/x86_64-linux-gnu/11/../../.. CMakeFiles/cmTC_b6fe7.dir/CMakeCXXCompilerABI.cpp.o -lstdc++ -lm -lgcc_s -lgcc -lc -lgcc_s -lgcc /usr/lib/gcc/x86_64-linux-gnu/11/crtendS.o /usr/lib/gcc/x86_64-linux-gnu/11/../../../x86_64-linux-gnu/crtn.o]
    arg [/usr/lib/gcc/x86_64-linux-gnu/11/collect2] ==> ignore
    arg [-plugin] ==> ignore
    arg [/usr/lib/gcc/x86_64-linux-gnu/11/liblto_plugin.so] ==> ignore
    arg [-plugin-opt=/usr/lib/gcc/x86_64-linux-gnu/11/lto-wrapper] ==> ignore
    arg [-plugin-opt=-fresolution=/tmp/ccVRb1xA.res] ==> ignore
    arg [-plugin-opt=-pass-through=-lgcc_s] ==> ignore
    arg [-plugin-opt=-pass-through=-lgcc] ==> ignore
    arg [-plugin-opt=-pass-through=-lc] ==> ignore
    arg [-plugin-opt=-pass-through=-lgcc_s] ==> ignore
    arg [-plugin-opt=-pass-through=-lgcc] ==> ignore
    arg [--build-id] ==> ignore
    arg [--eh-frame-hdr] ==> ignore
    arg [-m] ==> ignore
    arg [elf_x86_64] ==> ignore
    arg [--hash-style=gnu] ==> ignore
    arg [--as-needed] ==> ignore
    arg [-dynamic-linker] ==> ignore
    arg [/lib64/ld-linux-x86-64.so.2] ==> ignore
    arg [-pie] ==> ignore
    arg [-znow] ==> ignore
    arg [-zrelro] ==> ignore
    arg [-o] ==> ignore
    arg [cmTC_b6fe7] ==> ignore
    arg [/usr/lib/gcc/x86_64-linux-gnu/11/../../../x86_64-linux-gnu/Scrt1.o] ==> obj [/usr/lib/gcc/x86_64-linux-gnu/11/../../../x86_64-linux-gnu/Scrt1.o]
    arg [/usr/lib/gcc/x86_64-linux-gnu/11/../../../x86_64-linux-gnu/crti.o] ==> obj [/usr/lib/gcc/x86_64-linux-gnu/11/../../../x86_64-linux-gnu/crti.o]
    arg [/usr/lib/gcc/x86_64-linux-gnu/11/crtbeginS.o] ==> obj [/usr/lib/gcc/x86_64-linux-gnu/11/crtbeginS.o]
    arg [-L/usr/lib/gcc/x86_64-linux-gnu/11] ==> dir [/usr/lib/gcc/x86_64-linux-gnu/11]
    arg [-L/usr/lib/gcc/x86_64-linux-gnu/11/../../../x86_64-linux-gnu] ==> dir [/usr/lib/gcc/x86_64-linux-gnu/11/../../../x86_64-linux-gnu]
    arg [-L/usr/lib/gcc/x86_64-linux-gnu/11/../../../../lib] ==> dir [/usr/lib/gcc/x86_64-linux-gnu/11/../../../../lib]
    arg [-L/lib/x86_64-linux-gnu] ==> dir [/lib/x86_64-linux-gnu]
    arg [-L/lib/../lib] ==> dir [/lib/../lib]
    arg [-L/usr/lib/x86_64-linux-gnu] ==> dir [/usr/lib/x86_64-linux-gnu]
    arg [-L/usr/lib/../lib] ==> dir [/usr/lib/../lib]
    arg [-L/usr/lib/gcc/x86_64-linux-gnu/11/../../..] ==> dir [/usr/lib/gcc/x86_64-linux-gnu/11/../../..]
    arg [CMakeFiles/cmTC_b6fe7.dir/CMakeCXXCompilerABI.cpp.o] ==> ignore
    arg [-lstdc++] ==> lib [stdc++]
    arg [-lm] ==> lib [m]
    arg [-lgcc_s] ==> lib [gcc_s]
    arg [-lgcc] ==> lib [gcc]
    arg [-lc] ==> lib [c]
    arg [-lgcc_s] ==> lib [gcc_s]
    arg [-lgcc] ==> lib [gcc]
    arg [/usr/lib/gcc/x86_64-linux-gnu/11/crtendS.o] ==> obj [/usr/lib/gcc/x86_64-linux-gnu/11/crtendS.o]
    arg [/usr/lib/gcc/x86_64-linux-gnu/11/../../../x86_64-linux-gnu/crtn.o] ==> obj [/usr/lib/gcc/x86_64-linux-gnu/11/../../../x86_64-linux-gnu/crtn.o]
  collapse obj [/usr/lib/gcc/x86_64-linux-gnu/11/../../../x86_64-linux-gnu/Scrt1.o] ==> [/usr/lib/x86_64-linux-gnu/Scrt1.o]
  collapse obj [/usr/lib/gcc/x86_64-linux-gnu/11/../../../x86_64-linux-gnu/crti.o] ==> [/usr/lib/x86_64-linux-gnu/crti.o]
  collapse obj [/usr/lib/gcc/x86_64-linux-gnu/11/../../../x86_64-linux-gnu/crtn.o] ==> [/usr/lib/x86_64-linux-gnu/crtn.o]
  collapse library dir [/usr/lib/gcc/x86_64-linux-gnu/11] ==> [/usr/lib/gcc/x86_64-linux-gnu/11]
  collapse library dir [/usr/lib/gcc/x86_64-linux-gnu/11/../../../x86_64-linux-gnu] ==> [/usr/lib/x86_64-linux-gnu]
  collapse library dir [/usr/lib/gcc/x86_64-linux-gnu/11/../../../../lib] ==> [/usr/lib]
  collapse library dir [/lib/x86_64-linux-gnu] ==> [/lib/x86_64-linux-gnu]
  collapse library dir [/lib/../lib] ==> [/lib]
  collapse library dir [/usr/lib/x86_64-linux-gnu] ==> [/usr/lib/x86_64-linux-gnu]
  collapse library dir [/usr/lib/../lib] ==> [/usr/lib]
  collapse library dir [/usr/lib/gcc/x86_64-linux-gnu/11/../../..] ==> [/usr/lib]
  implicit libs: [stdc++;m;gcc_s;gcc;c;gcc_s;gcc]
  implicit objs: [/usr/lib/x86_64-linux-gnu/Scrt1.o;/usr/lib/x86_64-linux-gnu/crti.o;/usr/lib/gcc/x86_64-linux-gnu/11/crtbeginS.o;/usr/lib/gcc/x86_64-linux-gnu/11/crtendS.o;/usr/lib/x86_64-linux-gnu/crtn.o]
  implicit dirs: [/usr/lib/gcc/x86_64-linux-gnu/11;/usr/lib/x86_64-linux-gnu;/usr/lib;/lib/x86_64-linux-gnu;/lib]
  implicit fwks: []


Determining if the CL_VERSION_3_0 exist passed with the following output:
Change Dir: /home/yzwu/Desktop/soc_test/vadd_host/build/x86sim/CMakeFiles/CMakeTmp

Run Build Command(s):/usr/bin/gmake -f Makefile cmTC_36e0a/fast && /usr/bin/gmake  -f CMakeFiles/cmTC_36e0a.dir/build.make CMakeFiles/cmTC_36e0a.dir/build
gmake[1]: Entering directory '/home/yzwu/Desktop/soc_test/vadd_host/build/x86sim/CMakeFiles/CMakeTmp'
Building C object CMakeFiles/cmTC_36e0a.dir/CheckSymbolExists.c.o
/usr/bin/gcc    -o CMakeFiles/cmTC_36e0a.dir/CheckSymbolExists.c.o -c /home/yzwu/Desktop/soc_test/vadd_host/build/x86sim/CMakeFiles/CMakeTmp/CheckSymbolExists.c
In file included from /usr/include/CL/cl.h:20,
                 from /home/yzwu/Desktop/soc_test/vadd_host/build/x86sim/CMakeFiles/CMakeTmp/CheckSymbolExists.c:2:
/usr/include/CL/cl_version.h:22:9: note: ‘#pragma message: cl_version.h: CL_TARGET_OPENCL_VERSION is not defined. Defaulting to 300 (OpenCL 3.0)’
   22 | #pragma message("cl_version.h: CL_TARGET_OPENCL_VERSION is not defined. Defaulting to 300 (OpenCL 3.0)")
      |         ^~~~~~~
Linking C executable cmTC_36e0a
/tools/Xilinx/Vitis/2023.2/tps/lnx64/cmake-3.24.2/bin/cmake -E cmake_link_script CMakeFiles/cmTC_36e0a.dir/link.txt --verbose=1
/usr/bin/gcc CMakeFiles/cmTC_36e0a.dir/CheckSymbolExists.c.o -o cmTC_36e0a 
gmake[1]: Leaving directory '/home/yzwu/Desktop/soc_test/vadd_host/build/x86sim/CMakeFiles/CMakeTmp'


File /home/yzwu/Desktop/soc_test/vadd_host/build/x86sim/CMakeFiles/CMakeTmp/CheckSymbolExists.c:
/* */
#include </usr/include/CL/cl.h>

int main(int argc, char** argv)
{
  (void)argv;
#ifndef CL_VERSION_3_0
  return ((int*)(&CL_VERSION_3_0))[argc];
#else
  (void)argc;
  return 0;
#endif
}
The system is: Linux - 6.5.0-15-generic - x86_64
Compiling the C compiler identification source file "CMakeCCompilerId.c" succeeded.
Compiler: /usr/bin/gcc 
Build flags: 
Id flags:  

The output was:
0


Compilation of the C compiler identification source "CMakeCCompilerId.c" produced "a.out"

The C compiler identification is GNU, found in "/home/yzwu/Desktop/soc_test/vadd_host/build/x86sim/CMakeFiles/3.24.2/CompilerIdC/a.out"

Compiling the CXX compiler identification source file "CMakeCXXCompilerId.cpp" succeeded.
Compiler: /usr/bin/g++ 
Build flags: 
Id flags:  

The output was:
0


Compilation of the CXX compiler identification source "CMakeCXXCompilerId.cpp" produced "a.out"

The CXX compiler identification is GNU, found in "/home/yzwu/Desktop/soc_test/vadd_host/build/x86sim/CMakeFiles/3.24.2/CompilerIdCXX/a.out"

Detecting C compiler ABI info compiled with the following output:
Change Dir: /home/yzwu/Desktop/soc_test/vadd_host/build/x86sim/CMakeFiles/CMakeTmp

Run Build Command(s):/usr/bin/gmake -f Makefile cmTC_6fb9b/fast && /usr/bin/gmake  -f CMakeFiles/cmTC_6fb9b.dir/build.make CMakeFiles/cmTC_6fb9b.dir/build
gmake[1]: Entering directory '/home/yzwu/Desktop/soc_test/vadd_host/build/x86sim/CMakeFiles/CMakeTmp'
Building C object CMakeFiles/cmTC_6fb9b.dir/CMakeCCompilerABI.c.o
/usr/bin/gcc   -v -o CMakeFiles/cmTC_6fb9b.dir/CMakeCCompilerABI.c.o -c /tools/Xilinx/Vitis/2023.2/tps/lnx64/cmake-3.24.2/share/cmake-3.24/Modules/CMakeCCompilerABI.c
Using built-in specs.
COLLECT_GCC=/usr/bin/gcc
OFFLOAD_TARGET_NAMES=nvptx-none:amdgcn-amdhsa
OFFLOAD_TARGET_DEFAULT=1
Target: x86_64-linux-gnu
Configured with: ../src/configure -v --with-pkgversion='Ubuntu 11.4.0-1ubuntu1~22.04' --with-bugurl=file:///usr/share/doc/gcc-11/README.Bugs --enable-languages=c,ada,c++,go,brig,d,fortran,objc,obj-c++,m2 --prefix=/usr --with-gcc-major-version-only --program-suffix=-11 --program-prefix=x86_64-linux-gnu- --enable-shared --enable-linker-build-id --libexecdir=/usr/lib --without-included-gettext --enable-threads=posix --libdir=/usr/lib --enable-nls --enable-bootstrap --enable-clocale=gnu --enable-libstdcxx-debug --enable-libstdcxx-time=yes --with-default-libstdcxx-abi=new --enable-gnu-unique-object --disable-vtable-verify --enable-plugin --enable-default-pie --with-system-zlib --enable-libphobos-checking=release --with-target-system-zlib=auto --enable-objc-gc=auto --enable-multiarch --disable-werror --enable-cet --with-arch-32=i686 --with-abi=m64 --with-multilib-list=m32,m64,mx32 --enable-multilib --with-tune=generic --enable-offload-targets=nvptx-none=/build/gcc-11-XeT9lY/gcc-11-11.4.0/debian/tmp-nvptx/usr,amdgcn-amdhsa=/build/gcc-11-XeT9lY/gcc-11-11.4.0/debian/tmp-gcn/usr --without-cuda-driver --enable-checking=release --build=x86_64-linux-gnu --host=x86_64-linux-gnu --target=x86_64-linux-gnu --with-build-config=bootstrap-lto-lean --enable-link-serialization=2
Thread model: posix
Supported LTO compression algorithms: zlib zstd
gcc version 11.4.0 (Ubuntu 11.4.0-1ubuntu1~22.04) 
COLLECT_GCC_OPTIONS='-v' '-o' 'CMakeFiles/cmTC_6fb9b.dir/CMakeCCompilerABI.c.o' '-c' '-mtune=generic' '-march=x86-64' '-dumpdir' 'CMakeFiles/cmTC_6fb9b.dir/'
 /usr/lib/gcc/x86_64-linux-gnu/11/cc1 -quiet -v -imultiarch x86_64-linux-gnu /tools/Xilinx/Vitis/2023.2/tps/lnx64/cmake-3.24.2/share/cmake-3.24/Modules/CMakeCCompilerABI.c -quiet -dumpdir CMakeFiles/cmTC_6fb9b.dir/ -dumpbase CMakeCCompilerABI.c.c -dumpbase-ext .c -mtune=generic -march=x86-64 -version -fasynchronous-unwind-tables -fstack-protector-strong -Wformat -Wformat-security -fstack-clash-protection -fcf-protection -o /tmp/ccgS3kPU.s
GNU C17 (Ubuntu 11.4.0-1ubuntu1~22.04) version 11.4.0 (x86_64-linux-gnu)
	compiled by GNU C version 11.4.0, GMP version 6.2.1, MPFR version 4.1.0, MPC version 1.2.1, isl version isl-0.24-GMP

GGC heuristics: --param ggc-min-expand=100 --param ggc-min-heapsize=131072
ignoring nonexistent directory "/usr/local/include/x86_64-linux-gnu"
ignoring nonexistent directory "/usr/lib/gcc/x86_64-linux-gnu/11/include-fixed"
ignoring nonexistent directory "/usr/lib/gcc/x86_64-linux-gnu/11/../../../../x86_64-linux-gnu/include"
#include "..." search starts here:
#include <...> search starts here:
 /usr/lib/gcc/x86_64-linux-gnu/11/include
 /usr/local/include
 /usr/include/x86_64-linux-gnu
 /usr/include
End of search list.
GNU C17 (Ubuntu 11.4.0-1ubuntu1~22.04) version 11.4.0 (x86_64-linux-gnu)
	compiled by GNU C version 11.4.0, GMP version 6.2.1, MPFR version 4.1.0, MPC version 1.2.1, isl version isl-0.24-GMP

GGC heuristics: --param ggc-min-expand=100 --param ggc-min-heapsize=131072
Compiler executable checksum: 50eaa2331df977b8016186198deb2d18
COLLECT_GCC_OPTIONS='-v' '-o' 'CMakeFiles/cmTC_6fb9b.dir/CMakeCCompilerABI.c.o' '-c' '-mtune=generic' '-march=x86-64' '-dumpdir' 'CMakeFiles/cmTC_6fb9b.dir/'
 as -v --64 -o CMakeFiles/cmTC_6fb9b.dir/CMakeCCompilerABI.c.o /tmp/ccgS3kPU.s
GNU assembler version 2.38 (x86_64-linux-gnu) using BFD version (GNU Binutils for Ubuntu) 2.38
COMPILER_PATH=/usr/lib/gcc/x86_64-linux-gnu/11/:/usr/lib/gcc/x86_64-linux-gnu/11/:/usr/lib/gcc/x86_64-linux-gnu/:/usr/lib/gcc/x86_64-linux-gnu/11/:/usr/lib/gcc/x86_64-linux-gnu/
LIBRARY_PATH=/usr/lib/gcc/x86_64-linux-gnu/11/:/usr/lib/gcc/x86_64-linux-gnu/11/../../../x86_64-linux-gnu/:/usr/lib/gcc/x86_64-linux-gnu/11/../../../../lib/:/lib/x86_64-linux-gnu/:/lib/../lib/:/usr/lib/x86_64-linux-gnu/:/usr/lib/../lib/:/usr/lib/gcc/x86_64-linux-gnu/11/../../../:/lib/:/usr/lib/
COLLECT_GCC_OPTIONS='-v' '-o' 'CMakeFiles/cmTC_6fb9b.dir/CMakeCCompilerABI.c.o' '-c' '-mtune=generic' '-march=x86-64' '-dumpdir' 'CMakeFiles/cmTC_6fb9b.dir/CMakeCCompilerABI.c.'
Linking C executable cmTC_6fb9b
/tools/Xilinx/Vitis/2023.2/tps/lnx64/cmake-3.24.2/bin/cmake -E cmake_link_script CMakeFiles/cmTC_6fb9b.dir/link.txt --verbose=1
/usr/bin/gcc  -v CMakeFiles/cmTC_6fb9b.dir/CMakeCCompilerABI.c.o -o cmTC_6fb9b 
Using built-in specs.
COLLECT_GCC=/usr/bin/gcc
COLLECT_LTO_WRAPPER=/usr/lib/gcc/x86_64-linux-gnu/11/lto-wrapper
OFFLOAD_TARGET_NAMES=nvptx-none:amdgcn-amdhsa
OFFLOAD_TARGET_DEFAULT=1
Target: x86_64-linux-gnu
Configured with: ../src/configure -v --with-pkgversion='Ubuntu 11.4.0-1ubuntu1~22.04' --with-bugurl=file:///usr/share/doc/gcc-11/README.Bugs --enable-languages=c,ada,c++,go,brig,d,fortran,objc,obj-c++,m2 --prefix=/usr --with-gcc-major-version-only --program-suffix=-11 --program-prefix=x86_64-linux-gnu- --enable-shared --enable-linker-build-id --libexecdir=/usr/lib --without-included-gettext --enable-threads=posix --libdir=/usr/lib --enable-nls --enable-bootstrap --enable-clocale=gnu --enable-libstdcxx-debug --enable-libstdcxx-time=yes --with-default-libstdcxx-abi=new --enable-gnu-unique-object --disable-vtable-verify --enable-plugin --enable-default-pie --with-system-zlib --enable-libphobos-checking=release --with-target-system-zlib=auto --enable-objc-gc=auto --enable-multiarch --disable-werror --enable-cet --with-arch-32=i686 --with-abi=m64 --with-multilib-list=m32,m64,mx32 --enable-multilib --with-tune=generic --enable-offload-targets=nvptx-none=/build/gcc-11-XeT9lY/gcc-11-11.4.0/debian/tmp-nvptx/usr,amdgcn-amdhsa=/build/gcc-11-XeT9lY/gcc-11-11.4.0/debian/tmp-gcn/usr --without-cuda-driver --enable-checking=release --build=x86_64-linux-gnu --host=x86_64-linux-gnu --target=x86_64-linux-gnu --with-build-config=bootstrap-lto-lean --enable-link-serialization=2
Thread model: posix
Supported LTO compression algorithms: zlib zstd
gcc version 11.4.0 (Ubuntu 11.4.0-1ubuntu1~22.04) 
COMPILER_PATH=/usr/lib/gcc/x86_64-linux-gnu/11/:/usr/lib/gcc/x86_64-linux-gnu/11/:/usr/lib/gcc/x86_64-linux-gnu/:/usr/lib/gcc/x86_64-linux-gnu/11/:/usr/lib/gcc/x86_64-linux-gnu/
LIBRARY_PATH=/usr/lib/gcc/x86_64-linux-gnu/11/:/usr/lib/gcc/x86_64-linux-gnu/11/../../../x86_64-linux-gnu/:/usr/lib/gcc/x86_64-linux-gnu/11/../../../../lib/:/lib/x86_64-linux-gnu/:/lib/../lib/:/usr/lib/x86_64-linux-gnu/:/usr/lib/../lib/:/usr/lib/gcc/x86_64-linux-gnu/11/../../../:/lib/:/usr/lib/
COLLECT_GCC_OPTIONS='-v' '-o' 'cmTC_6fb9b' '-mtune=generic' '-march=x86-64' '-dumpdir' 'cmTC_6fb9b.'
 /usr/lib/gcc/x86_64-linux-gnu/11/collect2 -plugin /usr/lib/gcc/x86_64-linux-gnu/11/liblto_plugin.so -plugin-opt=/usr/lib/gcc/x86_64-linux-gnu/11/lto-wrapper -plugin-opt=-fresolution=/tmp/ccXe0DOH.res -plugin-opt=-pass-through=-lgcc -plugin-opt=-pass-through=-lgcc_s -plugin-opt=-pass-through=-lc -plugin-opt=-pass-through=-lgcc -plugin-opt=-pass-through=-lgcc_s --build-id --eh-frame-hdr -m elf_x86_64 --hash-style=gnu --as-needed -dynamic-linker /lib64/ld-linux-x86-64.so.2 -pie -z now -z relro -o cmTC_6fb9b /usr/lib/gcc/x86_64-linux-gnu/11/../../../x86_64-linux-gnu/Scrt1.o /usr/lib/gcc/x86_64-linux-gnu/11/../../../x86_64-linux-gnu/crti.o /usr/lib/gcc/x86_64-linux-gnu/11/crtbeginS.o -L/usr/lib/gcc/x86_64-linux-gnu/11 -L/usr/lib/gcc/x86_64-linux-gnu/11/../../../x86_64-linux-gnu -L/usr/lib/gcc/x86_64-linux-gnu/11/../../../../lib -L/lib/x86_64-linux-gnu -L/lib/../lib -L/usr/lib/x86_64-linux-gnu -L/usr/lib/../lib -L/usr/lib/gcc/x86_64-linux-gnu/11/../../.. CMakeFiles/cmTC_6fb9b.dir/CMakeCCompilerABI.c.o -lgcc --push-state --as-needed -lgcc_s --pop-state -lc -lgcc --push-state --as-needed -lgcc_s --pop-state /usr/lib/gcc/x86_64-linux-gnu/11/crtendS.o /usr/lib/gcc/x86_64-linux-gnu/11/../../../x86_64-linux-gnu/crtn.o
COLLECT_GCC_OPTIONS='-v' '-o' 'cmTC_6fb9b' '-mtune=generic' '-march=x86-64' '-dumpdir' 'cmTC_6fb9b.'
gmake[1]: Leaving directory '/home/yzwu/Desktop/soc_test/vadd_host/build/x86sim/CMakeFiles/CMakeTmp'



Parsed C implicit include dir info from above output: rv=done
  found start of include info
  found start of implicit include info
    add: [/usr/lib/gcc/x86_64-linux-gnu/11/include]
    add: [/usr/local/include]
    add: [/usr/include/x86_64-linux-gnu]
    add: [/usr/include]
  end of search list found
  collapse include dir [/usr/lib/gcc/x86_64-linux-gnu/11/include] ==> [/usr/lib/gcc/x86_64-linux-gnu/11/include]
  collapse include dir [/usr/local/include] ==> [/usr/local/include]
  collapse include dir [/usr/include/x86_64-linux-gnu] ==> [/usr/include/x86_64-linux-gnu]
  collapse include dir [/usr/include] ==> [/usr/include]
  implicit include dirs: [/usr/lib/gcc/x86_64-linux-gnu/11/include;/usr/local/include;/usr/include/x86_64-linux-gnu;/usr/include]


Parsed C implicit link information from above output:
  link line regex: [^( *|.*[/\])(ld|CMAKE_LINK_STARTFILE-NOTFOUND|([^/\]+-)?ld|collect2)[^/\]*( |$)]
  ignore line: [Change Dir: /home/yzwu/Desktop/soc_test/vadd_host/build/x86sim/CMakeFiles/CMakeTmp]
  ignore line: []
  ignore line: [Run Build Command(s):/usr/bin/gmake -f Makefile cmTC_6fb9b/fast && /usr/bin/gmake  -f CMakeFiles/cmTC_6fb9b.dir/build.make CMakeFiles/cmTC_6fb9b.dir/build]
  ignore line: [gmake[1]: Entering directory '/home/yzwu/Desktop/soc_test/vadd_host/build/x86sim/CMakeFiles/CMakeTmp']
  ignore line: [Building C object CMakeFiles/cmTC_6fb9b.dir/CMakeCCompilerABI.c.o]
  ignore line: [/usr/bin/gcc   -v -o CMakeFiles/cmTC_6fb9b.dir/CMakeCCompilerABI.c.o -c /tools/Xilinx/Vitis/2023.2/tps/lnx64/cmake-3.24.2/share/cmake-3.24/Modules/CMakeCCompilerABI.c]
  ignore line: [Using built-in specs.]
  ignore line: [COLLECT_GCC=/usr/bin/gcc]
  ignore line: [OFFLOAD_TARGET_NAMES=nvptx-none:amdgcn-amdhsa]
  ignore line: [OFFLOAD_TARGET_DEFAULT=1]
  ignore line: [Target: x86_64-linux-gnu]
  ignore line: [Configured with: ../src/configure -v --with-pkgversion='Ubuntu 11.4.0-1ubuntu1~22.04' --with-bugurl=file:///usr/share/doc/gcc-11/README.Bugs --enable-languages=c ada c++ go brig d fortran objc obj-c++ m2 --prefix=/usr --with-gcc-major-version-only --program-suffix=-11 --program-prefix=x86_64-linux-gnu- --enable-shared --enable-linker-build-id --libexecdir=/usr/lib --without-included-gettext --enable-threads=posix --libdir=/usr/lib --enable-nls --enable-bootstrap --enable-clocale=gnu --enable-libstdcxx-debug --enable-libstdcxx-time=yes --with-default-libstdcxx-abi=new --enable-gnu-unique-object --disable-vtable-verify --enable-plugin --enable-default-pie --with-system-zlib --enable-libphobos-checking=release --with-target-system-zlib=auto --enable-objc-gc=auto --enable-multiarch --disable-werror --enable-cet --with-arch-32=i686 --with-abi=m64 --with-multilib-list=m32 m64 mx32 --enable-multilib --with-tune=generic --enable-offload-targets=nvptx-none=/build/gcc-11-XeT9lY/gcc-11-11.4.0/debian/tmp-nvptx/usr amdgcn-amdhsa=/build/gcc-11-XeT9lY/gcc-11-11.4.0/debian/tmp-gcn/usr --without-cuda-driver --enable-checking=release --build=x86_64-linux-gnu --host=x86_64-linux-gnu --target=x86_64-linux-gnu --with-build-config=bootstrap-lto-lean --enable-link-serialization=2]
  ignore line: [Thread model: posix]
  ignore line: [Supported LTO compression algorithms: zlib zstd]
  ignore line: [gcc version 11.4.0 (Ubuntu 11.4.0-1ubuntu1~22.04) ]
  ignore line: [COLLECT_GCC_OPTIONS='-v' '-o' 'CMakeFiles/cmTC_6fb9b.dir/CMakeCCompilerABI.c.o' '-c' '-mtune=generic' '-march=x86-64' '-dumpdir' 'CMakeFiles/cmTC_6fb9b.dir/']
  ignore line: [ /usr/lib/gcc/x86_64-linux-gnu/11/cc1 -quiet -v -imultiarch x86_64-linux-gnu /tools/Xilinx/Vitis/2023.2/tps/lnx64/cmake-3.24.2/share/cmake-3.24/Modules/CMakeCCompilerABI.c -quiet -dumpdir CMakeFiles/cmTC_6fb9b.dir/ -dumpbase CMakeCCompilerABI.c.c -dumpbase-ext .c -mtune=generic -march=x86-64 -version -fasynchronous-unwind-tables -fstack-protector-strong -Wformat -Wformat-security -fstack-clash-protection -fcf-protection -o /tmp/ccgS3kPU.s]
  ignore line: [GNU C17 (Ubuntu 11.4.0-1ubuntu1~22.04) version 11.4.0 (x86_64-linux-gnu)]
  ignore line: [	compiled by GNU C version 11.4.0  GMP version 6.2.1  MPFR version 4.1.0  MPC version 1.2.1  isl version isl-0.24-GMP]
  ignore line: []
  ignore line: [GGC heuristics: --param ggc-min-expand=100 --param ggc-min-heapsize=131072]
  ignore line: [ignoring nonexistent directory "/usr/local/include/x86_64-linux-gnu"]
  ignore line: [ignoring nonexistent directory "/usr/lib/gcc/x86_64-linux-gnu/11/include-fixed"]
  ignore line: [ignoring nonexistent directory "/usr/lib/gcc/x86_64-linux-gnu/11/../../../../x86_64-linux-gnu/include"]
  ignore line: [#include "..." search starts here:]
  ignore line: [#include <...> search starts here:]
  ignore line: [ /usr/lib/gcc/x86_64-linux-gnu/11/include]
  ignore line: [ /usr/local/include]
  ignore line: [ /usr/include/x86_64-linux-gnu]
  ignore line: [ /usr/include]
  ignore line: [End of search list.]
  ignore line: [GNU C17 (Ubuntu 11.4.0-1ubuntu1~22.04) version 11.4.0 (x86_64-linux-gnu)]
  ignore line: [	compiled by GNU C version 11.4.0  GMP version 6.2.1  MPFR version 4.1.0  MPC version 1.2.1  isl version isl-0.24-GMP]
  ignore line: []
  ignore line: [GGC heuristics: --param ggc-min-expand=100 --param ggc-min-heapsize=131072]
  ignore line: [Compiler executable checksum: 50eaa2331df977b8016186198deb2d18]
  ignore line: [COLLECT_GCC_OPTIONS='-v' '-o' 'CMakeFiles/cmTC_6fb9b.dir/CMakeCCompilerABI.c.o' '-c' '-mtune=generic' '-march=x86-64' '-dumpdir' 'CMakeFiles/cmTC_6fb9b.dir/']
  ignore line: [ as -v --64 -o CMakeFiles/cmTC_6fb9b.dir/CMakeCCompilerABI.c.o /tmp/ccgS3kPU.s]
  ignore line: [GNU assembler version 2.38 (x86_64-linux-gnu) using BFD version (GNU Binutils for Ubuntu) 2.38]
  ignore line: [COMPILER_PATH=/usr/lib/gcc/x86_64-linux-gnu/11/:/usr/lib/gcc/x86_64-linux-gnu/11/:/usr/lib/gcc/x86_64-linux-gnu/:/usr/lib/gcc/x86_64-linux-gnu/11/:/usr/lib/gcc/x86_64-linux-gnu/]
  ignore line: [LIBRARY_PATH=/usr/lib/gcc/x86_64-linux-gnu/11/:/usr/lib/gcc/x86_64-linux-gnu/11/../../../x86_64-linux-gnu/:/usr/lib/gcc/x86_64-linux-gnu/11/../../../../lib/:/lib/x86_64-linux-gnu/:/lib/../lib/:/usr/lib/x86_64-linux-gnu/:/usr/lib/../lib/:/usr/lib/gcc/x86_64-linux-gnu/11/../../../:/lib/:/usr/lib/]
  ignore line: [COLLECT_GCC_OPTIONS='-v' '-o' 'CMakeFiles/cmTC_6fb9b.dir/CMakeCCompilerABI.c.o' '-c' '-mtune=generic' '-march=x86-64' '-dumpdir' 'CMakeFiles/cmTC_6fb9b.dir/CMakeCCompilerABI.c.']
  ignore line: [Linking C executable cmTC_6fb9b]
  ignore line: [/tools/Xilinx/Vitis/2023.2/tps/lnx64/cmake-3.24.2/bin/cmake -E cmake_link_script CMakeFiles/cmTC_6fb9b.dir/link.txt --verbose=1]
  ignore line: [/usr/bin/gcc  -v CMakeFiles/cmTC_6fb9b.dir/CMakeCCompilerABI.c.o -o cmTC_6fb9b ]
  ignore line: [Using built-in specs.]
  ignore line: [COLLECT_GCC=/usr/bin/gcc]
  ignore line: [COLLECT_LTO_WRAPPER=/usr/lib/gcc/x86_64-linux-gnu/11/lto-wrapper]
  ignore line: [OFFLOAD_TARGET_NAMES=nvptx-none:amdgcn-amdhsa]
  ignore line: [OFFLOAD_TARGET_DEFAULT=1]
  ignore line: [Target: x86_64-linux-gnu]
  ignore line: [Configured with: ../src/configure -v --with-pkgversion='Ubuntu 11.4.0-1ubuntu1~22.04' --with-bugurl=file:///usr/share/doc/gcc-11/README.Bugs --enable-languages=c ada c++ go brig d fortran objc obj-c++ m2 --prefix=/usr --with-gcc-major-version-only --program-suffix=-11 --program-prefix=x86_64-linux-gnu- --enable-shared --enable-linker-build-id --libexecdir=/usr/lib --without-included-gettext --enable-threads=posix --libdir=/usr/lib --enable-nls --enable-bootstrap --enable-clocale=gnu --enable-libstdcxx-debug --enable-libstdcxx-time=yes --with-default-libstdcxx-abi=new --enable-gnu-unique-object --disable-vtable-verify --enable-plugin --enable-default-pie --with-system-zlib --enable-libphobos-checking=release --with-target-system-zlib=auto --enable-objc-gc=auto --enable-multiarch --disable-werror --enable-cet --with-arch-32=i686 --with-abi=m64 --with-multilib-list=m32 m64 mx32 --enable-multilib --with-tune=generic --enable-offload-targets=nvptx-none=/build/gcc-11-XeT9lY/gcc-11-11.4.0/debian/tmp-nvptx/usr amdgcn-amdhsa=/build/gcc-11-XeT9lY/gcc-11-11.4.0/debian/tmp-gcn/usr --without-cuda-driver --enable-checking=release --build=x86_64-linux-gnu --host=x86_64-linux-gnu --target=x86_64-linux-gnu --with-build-config=bootstrap-lto-lean --enable-link-serialization=2]
  ignore line: [Thread model: posix]
  ignore line: [Supported LTO compression algorithms: zlib zstd]
  ignore line: [gcc version 11.4.0 (Ubuntu 11.4.0-1ubuntu1~22.04) ]
  ignore line: [COMPILER_PATH=/usr/lib/gcc/x86_64-linux-gnu/11/:/usr/lib/gcc/x86_64-linux-gnu/11/:/usr/lib/gcc/x86_64-linux-gnu/:/usr/lib/gcc/x86_64-linux-gnu/11/:/usr/lib/gcc/x86_64-linux-gnu/]
  ignore line: [LIBRARY_PATH=/usr/lib/gcc/x86_64-linux-gnu/11/:/usr/lib/gcc/x86_64-linux-gnu/11/../../../x86_64-linux-gnu/:/usr/lib/gcc/x86_64-linux-gnu/11/../../../../lib/:/lib/x86_64-linux-gnu/:/lib/../lib/:/usr/lib/x86_64-linux-gnu/:/usr/lib/../lib/:/usr/lib/gcc/x86_64-linux-gnu/11/../../../:/lib/:/usr/lib/]
  ignore line: [COLLECT_GCC_OPTIONS='-v' '-o' 'cmTC_6fb9b' '-mtune=generic' '-march=x86-64' '-dumpdir' 'cmTC_6fb9b.']
  link line: [ /usr/lib/gcc/x86_64-linux-gnu/11/collect2 -plugin /usr/lib/gcc/x86_64-linux-gnu/11/liblto_plugin.so -plugin-opt=/usr/lib/gcc/x86_64-linux-gnu/11/lto-wrapper -plugin-opt=-fresolution=/tmp/ccXe0DOH.res -plugin-opt=-pass-through=-lgcc -plugin-opt=-pass-through=-lgcc_s -plugin-opt=-pass-through=-lc -plugin-opt=-pass-through=-lgcc -plugin-opt=-pass-through=-lgcc_s --build-id --eh-frame-hdr -m elf_x86_64 --hash-style=gnu --as-needed -dynamic-linker /lib64/ld-linux-x86-64.so.2 -pie -z now -z relro -o cmTC_6fb9b /usr/lib/gcc/x86_64-linux-gnu/11/../../../x86_64-linux-gnu/Scrt1.o /usr/lib/gcc/x86_64-linux-gnu/11/../../../x86_64-linux-gnu/crti.o /usr/lib/gcc/x86_64-linux-gnu/11/crtbeginS.o -L/usr/lib/gcc/x86_64-linux-gnu/11 -L/usr/lib/gcc/x86_64-linux-gnu/11/../../../x86_64-linux-gnu -L/usr/lib/gcc/x86_64-linux-gnu/11/../../../../lib -L/lib/x86_64-linux-gnu -L/lib/../lib -L/usr/lib/x86_64-linux-gnu -L/usr/lib/../lib -L/usr/lib/gcc/x86_64-linux-gnu/11/../../.. CMakeFiles/cmTC_6fb9b.dir/CMakeCCompilerABI.c.o -lgcc --push-state --as-needed -lgcc_s --pop-state -lc -lgcc --push-state --as-needed -lgcc_s --pop-state /usr/lib/gcc/x86_64-linux-gnu/11/crtendS.o /usr/lib/gcc/x86_64-linux-gnu/11/../../../x86_64-linux-gnu/crtn.o]
    arg [/usr/lib/gcc/x86_64-linux-gnu/11/collect2] ==> ignore
    arg [-plugin] ==> ignore
    arg [/usr/lib/gcc/x86_64-linux-gnu/11/liblto_plugin.so] ==> ignore
    arg [-plugin-opt=/usr/lib/gcc/x86_64-linux-gnu/11/lto-wrapper] ==> ignore
    arg [-plugin-opt=-fresolution=/tmp/ccXe0DOH.res] ==> ignore
    arg [-plugin-opt=-pass-through=-lgcc] ==> ignore
    arg [-plugin-opt=-pass-through=-lgcc_s] ==> ignore
    arg [-plugin-opt=-pass-through=-lc] ==> ignore
    arg [-plugin-opt=-pass-through=-lgcc] ==> ignore
    arg [-plugin-opt=-pass-through=-lgcc_s] ==> ignore
    arg [--build-id] ==> ignore
    arg [--eh-frame-hdr] ==> ignore
    arg [-m] ==> ignore
    arg [elf_x86_64] ==> ignore
    arg [--hash-style=gnu] ==> ignore
    arg [--as-needed] ==> ignore
    arg [-dynamic-linker] ==> ignore
    arg [/lib64/ld-linux-x86-64.so.2] ==> ignore
    arg [-pie] ==> ignore
    arg [-znow] ==> ignore
    arg [-zrelro] ==> ignore
    arg [-o] ==> ignore
    arg [cmTC_6fb9b] ==> ignore
    arg [/usr/lib/gcc/x86_64-linux-gnu/11/../../../x86_64-linux-gnu/Scrt1.o] ==> obj [/usr/lib/gcc/x86_64-linux-gnu/11/../../../x86_64-linux-gnu/Scrt1.o]
    arg [/usr/lib/gcc/x86_64-linux-gnu/11/../../../x86_64-linux-gnu/crti.o] ==> obj [/usr/lib/gcc/x86_64-linux-gnu/11/../../../x86_64-linux-gnu/crti.o]
    arg [/usr/lib/gcc/x86_64-linux-gnu/11/crtbeginS.o] ==> obj [/usr/lib/gcc/x86_64-linux-gnu/11/crtbeginS.o]
    arg [-L/usr/lib/gcc/x86_64-linux-gnu/11] ==> dir [/usr/lib/gcc/x86_64-linux-gnu/11]
    arg [-L/usr/lib/gcc/x86_64-linux-gnu/11/../../../x86_64-linux-gnu] ==> dir [/usr/lib/gcc/x86_64-linux-gnu/11/../../../x86_64-linux-gnu]
    arg [-L/usr/lib/gcc/x86_64-linux-gnu/11/../../../../lib] ==> dir [/usr/lib/gcc/x86_64-linux-gnu/11/../../../../lib]
    arg [-L/lib/x86_64-linux-gnu] ==> dir [/lib/x86_64-linux-gnu]
    arg [-L/lib/../lib] ==> dir [/lib/../lib]
    arg [-L/usr/lib/x86_64-linux-gnu] ==> dir [/usr/lib/x86_64-linux-gnu]
    arg [-L/usr/lib/../lib] ==> dir [/usr/lib/../lib]
    arg [-L/usr/lib/gcc/x86_64-linux-gnu/11/../../..] ==> dir [/usr/lib/gcc/x86_64-linux-gnu/11/../../..]
    arg [CMakeFiles/cmTC_6fb9b.dir/CMakeCCompilerABI.c.o] ==> ignore
    arg [-lgcc] ==> lib [gcc]
    arg [--push-state] ==> ignore
    arg [--as-needed] ==> ignore
    arg [-lgcc_s] ==> lib [gcc_s]
    arg [--pop-state] ==> ignore
    arg [-lc] ==> lib [c]
    arg [-lgcc] ==> lib [gcc]
    arg [--push-state] ==> ignore
    arg [--as-needed] ==> ignore
    arg [-lgcc_s] ==> lib [gcc_s]
    arg [--pop-state] ==> ignore
    arg [/usr/lib/gcc/x86_64-linux-gnu/11/crtendS.o] ==> obj [/usr/lib/gcc/x86_64-linux-gnu/11/crtendS.o]
    arg [/usr/lib/gcc/x86_64-linux-gnu/11/../../../x86_64-linux-gnu/crtn.o] ==> obj [/usr/lib/gcc/x86_64-linux-gnu/11/../../../x86_64-linux-gnu/crtn.o]
  collapse obj [/usr/lib/gcc/x86_64-linux-gnu/11/../../../x86_64-linux-gnu/Scrt1.o] ==> [/usr/lib/x86_64-linux-gnu/Scrt1.o]
  collapse obj [/usr/lib/gcc/x86_64-linux-gnu/11/../../../x86_64-linux-gnu/crti.o] ==> [/usr/lib/x86_64-linux-gnu/crti.o]
  collapse obj [/usr/lib/gcc/x86_64-linux-gnu/11/../../../x86_64-linux-gnu/crtn.o] ==> [/usr/lib/x86_64-linux-gnu/crtn.o]
  collapse library dir [/usr/lib/gcc/x86_64-linux-gnu/11] ==> [/usr/lib/gcc/x86_64-linux-gnu/11]
  collapse library dir [/usr/lib/gcc/x86_64-linux-gnu/11/../../../x86_64-linux-gnu] ==> [/usr/lib/x86_64-linux-gnu]
  collapse library dir [/usr/lib/gcc/x86_64-linux-gnu/11/../../../../lib] ==> [/usr/lib]
  collapse library dir [/lib/x86_64-linux-gnu] ==> [/lib/x86_64-linux-gnu]
  collapse library dir [/lib/../lib] ==> [/lib]
  collapse library dir [/usr/lib/x86_64-linux-gnu] ==> [/usr/lib/x86_64-linux-gnu]
  collapse library dir [/usr/lib/../lib] ==> [/usr/lib]
  collapse library dir [/usr/lib/gcc/x86_64-linux-gnu/11/../../..] ==> [/usr/lib]
  implicit libs: [gcc;gcc_s;c;gcc;gcc_s]
  implicit objs: [/usr/lib/x86_64-linux-gnu/Scrt1.o;/usr/lib/x86_64-linux-gnu/crti.o;/usr/lib/gcc/x86_64-linux-gnu/11/crtbeginS.o;/usr/lib/gcc/x86_64-linux-gnu/11/crtendS.o;/usr/lib/x86_64-linux-gnu/crtn.o]
  implicit dirs: [/usr/lib/gcc/x86_64-linux-gnu/11;/usr/lib/x86_64-linux-gnu;/usr/lib;/lib/x86_64-linux-gnu;/lib]
  implicit fwks: []


Detecting CXX compiler ABI info compiled with the following output:
Change Dir: /home/yzwu/Desktop/soc_test/vadd_host/build/x86sim/CMakeFiles/CMakeTmp

Run Build Command(s):/usr/bin/gmake -f Makefile cmTC_364fa/fast && /usr/bin/gmake  -f CMakeFiles/cmTC_364fa.dir/build.make CMakeFiles/cmTC_364fa.dir/build
gmake[1]: Entering directory '/home/yzwu/Desktop/soc_test/vadd_host/build/x86sim/CMakeFiles/CMakeTmp'
Building CXX object CMakeFiles/cmTC_364fa.dir/CMakeCXXCompilerABI.cpp.o
/usr/bin/g++   -v -o CMakeFiles/cmTC_364fa.dir/CMakeCXXCompilerABI.cpp.o -c /tools/Xilinx/Vitis/2023.2/tps/lnx64/cmake-3.24.2/share/cmake-3.24/Modules/CMakeCXXCompilerABI.cpp
Using built-in specs.
COLLECT_GCC=/usr/bin/g++
OFFLOAD_TARGET_NAMES=nvptx-none:amdgcn-amdhsa
OFFLOAD_TARGET_DEFAULT=1
Target: x86_64-linux-gnu
Configured with: ../src/configure -v --with-pkgversion='Ubuntu 11.4.0-1ubuntu1~22.04' --with-bugurl=file:///usr/share/doc/gcc-11/README.Bugs --enable-languages=c,ada,c++,go,brig,d,fortran,objc,obj-c++,m2 --prefix=/usr --with-gcc-major-version-only --program-suffix=-11 --program-prefix=x86_64-linux-gnu- --enable-shared --enable-linker-build-id --libexecdir=/usr/lib --without-included-gettext --enable-threads=posix --libdir=/usr/lib --enable-nls --enable-bootstrap --enable-clocale=gnu --enable-libstdcxx-debug --enable-libstdcxx-time=yes --with-default-libstdcxx-abi=new --enable-gnu-unique-object --disable-vtable-verify --enable-plugin --enable-default-pie --with-system-zlib --enable-libphobos-checking=release --with-target-system-zlib=auto --enable-objc-gc=auto --enable-multiarch --disable-werror --enable-cet --with-arch-32=i686 --with-abi=m64 --with-multilib-list=m32,m64,mx32 --enable-multilib --with-tune=generic --enable-offload-targets=nvptx-none=/build/gcc-11-XeT9lY/gcc-11-11.4.0/debian/tmp-nvptx/usr,amdgcn-amdhsa=/build/gcc-11-XeT9lY/gcc-11-11.4.0/debian/tmp-gcn/usr --without-cuda-driver --enable-checking=release --build=x86_64-linux-gnu --host=x86_64-linux-gnu --target=x86_64-linux-gnu --with-build-config=bootstrap-lto-lean --enable-link-serialization=2
Thread model: posix
Supported LTO compression algorithms: zlib zstd
gcc version 11.4.0 (Ubuntu 11.4.0-1ubuntu1~22.04) 
COLLECT_GCC_OPTIONS='-v' '-o' 'CMakeFiles/cmTC_364fa.dir/CMakeCXXCompilerABI.cpp.o' '-c' '-shared-libgcc' '-mtune=generic' '-march=x86-64' '-dumpdir' 'CMakeFiles/cmTC_364fa.dir/'
 /usr/lib/gcc/x86_64-linux-gnu/11/cc1plus -quiet -v -imultiarch x86_64-linux-gnu -D_GNU_SOURCE /tools/Xilinx/Vitis/2023.2/tps/lnx64/cmake-3.24.2/share/cmake-3.24/Modules/CMakeCXXCompilerABI.cpp -quiet -dumpdir CMakeFiles/cmTC_364fa.dir/ -dumpbase CMakeCXXCompilerABI.cpp.cpp -dumpbase-ext .cpp -mtune=generic -march=x86-64 -version -fasynchronous-unwind-tables -fstack-protector-strong -Wformat -Wformat-security -fstack-clash-protection -fcf-protection -o /tmp/cciKf2jo.s
GNU C++17 (Ubuntu 11.4.0-1ubuntu1~22.04) version 11.4.0 (x86_64-linux-gnu)
	compiled by GNU C version 11.4.0, GMP version 6.2.1, MPFR version 4.1.0, MPC version 1.2.1, isl version isl-0.24-GMP

GGC heuristics: --param ggc-min-expand=100 --param ggc-min-heapsize=131072
ignoring duplicate directory "/usr/include/x86_64-linux-gnu/c++/11"
ignoring nonexistent directory "/usr/local/include/x86_64-linux-gnu"
ignoring nonexistent directory "/usr/lib/gcc/x86_64-linux-gnu/11/include-fixed"
ignoring nonexistent directory "/usr/lib/gcc/x86_64-linux-gnu/11/../../../../x86_64-linux-gnu/include"
#include "..." search starts here:
#include <...> search starts here:
 /usr/include/c++/11
 /usr/include/x86_64-linux-gnu/c++/11
 /usr/include/c++/11/backward
 /usr/lib/gcc/x86_64-linux-gnu/11/include
 /usr/local/include
 /usr/include/x86_64-linux-gnu
 /usr/include
End of search list.
GNU C++17 (Ubuntu 11.4.0-1ubuntu1~22.04) version 11.4.0 (x86_64-linux-gnu)
	compiled by GNU C version 11.4.0, GMP version 6.2.1, MPFR version 4.1.0, MPC version 1.2.1, isl version isl-0.24-GMP

GGC heuristics: --param ggc-min-expand=100 --param ggc-min-heapsize=131072
Compiler executable checksum: d591828bb4d392ae8b7b160e5bb0b95f
COLLECT_GCC_OPTIONS='-v' '-o' 'CMakeFiles/cmTC_364fa.dir/CMakeCXXCompilerABI.cpp.o' '-c' '-shared-libgcc' '-mtune=generic' '-march=x86-64' '-dumpdir' 'CMakeFiles/cmTC_364fa.dir/'
 as -v --64 -o CMakeFiles/cmTC_364fa.dir/CMakeCXXCompilerABI.cpp.o /tmp/cciKf2jo.s
GNU assembler version 2.38 (x86_64-linux-gnu) using BFD version (GNU Binutils for Ubuntu) 2.38
COMPILER_PATH=/usr/lib/gcc/x86_64-linux-gnu/11/:/usr/lib/gcc/x86_64-linux-gnu/11/:/usr/lib/gcc/x86_64-linux-gnu/:/usr/lib/gcc/x86_64-linux-gnu/11/:/usr/lib/gcc/x86_64-linux-gnu/
LIBRARY_PATH=/usr/lib/gcc/x86_64-linux-gnu/11/:/usr/lib/gcc/x86_64-linux-gnu/11/../../../x86_64-linux-gnu/:/usr/lib/gcc/x86_64-linux-gnu/11/../../../../lib/:/lib/x86_64-linux-gnu/:/lib/../lib/:/usr/lib/x86_64-linux-gnu/:/usr/lib/../lib/:/usr/lib/gcc/x86_64-linux-gnu/11/../../../:/lib/:/usr/lib/
COLLECT_GCC_OPTIONS='-v' '-o' 'CMakeFiles/cmTC_364fa.dir/CMakeCXXCompilerABI.cpp.o' '-c' '-shared-libgcc' '-mtune=generic' '-march=x86-64' '-dumpdir' 'CMakeFiles/cmTC_364fa.dir/CMakeCXXCompilerABI.cpp.'
Linking CXX executable cmTC_364fa
/tools/Xilinx/Vitis/2023.2/tps/lnx64/cmake-3.24.2/bin/cmake -E cmake_link_script CMakeFiles/cmTC_364fa.dir/link.txt --verbose=1
/usr/bin/g++  -v CMakeFiles/cmTC_364fa.dir/CMakeCXXCompilerABI.cpp.o -o cmTC_364fa 
Using built-in specs.
COLLECT_GCC=/usr/bin/g++
COLLECT_LTO_WRAPPER=/usr/lib/gcc/x86_64-linux-gnu/11/lto-wrapper
OFFLOAD_TARGET_NAMES=nvptx-none:amdgcn-amdhsa
OFFLOAD_TARGET_DEFAULT=1
Target: x86_64-linux-gnu
Configured with: ../src/configure -v --with-pkgversion='Ubuntu 11.4.0-1ubuntu1~22.04' --with-bugurl=file:///usr/share/doc/gcc-11/README.Bugs --enable-languages=c,ada,c++,go,brig,d,fortran,objc,obj-c++,m2 --prefix=/usr --with-gcc-major-version-only --program-suffix=-11 --program-prefix=x86_64-linux-gnu- --enable-shared --enable-linker-build-id --libexecdir=/usr/lib --without-included-gettext --enable-threads=posix --libdir=/usr/lib --enable-nls --enable-bootstrap --enable-clocale=gnu --enable-libstdcxx-debug --enable-libstdcxx-time=yes --with-default-libstdcxx-abi=new --enable-gnu-unique-object --disable-vtable-verify --enable-plugin --enable-default-pie --with-system-zlib --enable-libphobos-checking=release --with-target-system-zlib=auto --enable-objc-gc=auto --enable-multiarch --disable-werror --enable-cet --with-arch-32=i686 --with-abi=m64 --with-multilib-list=m32,m64,mx32 --enable-multilib --with-tune=generic --enable-offload-targets=nvptx-none=/build/gcc-11-XeT9lY/gcc-11-11.4.0/debian/tmp-nvptx/usr,amdgcn-amdhsa=/build/gcc-11-XeT9lY/gcc-11-11.4.0/debian/tmp-gcn/usr --without-cuda-driver --enable-checking=release --build=x86_64-linux-gnu --host=x86_64-linux-gnu --target=x86_64-linux-gnu --with-build-config=bootstrap-lto-lean --enable-link-serialization=2
Thread model: posix
Supported LTO compression algorithms: zlib zstd
gcc version 11.4.0 (Ubuntu 11.4.0-1ubuntu1~22.04) 
COMPILER_PATH=/usr/lib/gcc/x86_64-linux-gnu/11/:/usr/lib/gcc/x86_64-linux-gnu/11/:/usr/lib/gcc/x86_64-linux-gnu/:/usr/lib/gcc/x86_64-linux-gnu/11/:/usr/lib/gcc/x86_64-linux-gnu/
LIBRARY_PATH=/usr/lib/gcc/x86_64-linux-gnu/11/:/usr/lib/gcc/x86_64-linux-gnu/11/../../../x86_64-linux-gnu/:/usr/lib/gcc/x86_64-linux-gnu/11/../../../../lib/:/lib/x86_64-linux-gnu/:/lib/../lib/:/usr/lib/x86_64-linux-gnu/:/usr/lib/../lib/:/usr/lib/gcc/x86_64-linux-gnu/11/../../../:/lib/:/usr/lib/
COLLECT_GCC_OPTIONS='-v' '-o' 'cmTC_364fa' '-shared-libgcc' '-mtune=generic' '-march=x86-64' '-dumpdir' 'cmTC_364fa.'
 /usr/lib/gcc/x86_64-linux-gnu/11/collect2 -plugin /usr/lib/gcc/x86_64-linux-gnu/11/liblto_plugin.so -plugin-opt=/usr/lib/gcc/x86_64-linux-gnu/11/lto-wrapper -plugin-opt=-fresolution=/tmp/ccyXQmSD.res -plugin-opt=-pass-through=-lgcc_s -plugin-opt=-pass-through=-lgcc -plugin-opt=-pass-through=-lc -plugin-opt=-pass-through=-lgcc_s -plugin-opt=-pass-through=-lgcc --build-id --eh-frame-hdr -m elf_x86_64 --hash-style=gnu --as-needed -dynamic-linker /lib64/ld-linux-x86-64.so.2 -pie -z now -z relro -o cmTC_364fa /usr/lib/gcc/x86_64-linux-gnu/11/../../../x86_64-linux-gnu/Scrt1.o /usr/lib/gcc/x86_64-linux-gnu/11/../../../x86_64-linux-gnu/crti.o /usr/lib/gcc/x86_64-linux-gnu/11/crtbeginS.o -L/usr/lib/gcc/x86_64-linux-gnu/11 -L/usr/lib/gcc/x86_64-linux-gnu/11/../../../x86_64-linux-gnu -L/usr/lib/gcc/x86_64-linux-gnu/11/../../../../lib -L/lib/x86_64-linux-gnu -L/lib/../lib -L/usr/lib/x86_64-linux-gnu -L/usr/lib/../lib -L/usr/lib/gcc/x86_64-linux-gnu/11/../../.. CMakeFiles/cmTC_364fa.dir/CMakeCXXCompilerABI.cpp.o -lstdc++ -lm -lgcc_s -lgcc -lc -lgcc_s -lgcc /usr/lib/gcc/x86_64-linux-gnu/11/crtendS.o /usr/lib/gcc/x86_64-linux-gnu/11/../../../x86_64-linux-gnu/crtn.o
COLLECT_GCC_OPTIONS='-v' '-o' 'cmTC_364fa' '-shared-libgcc' '-mtune=generic' '-march=x86-64' '-dumpdir' 'cmTC_364fa.'
gmake[1]: Leaving directory '/home/yzwu/Desktop/soc_test/vadd_host/build/x86sim/CMakeFiles/CMakeTmp'



Parsed CXX implicit include dir info from above output: rv=done
  found start of include info
  found start of implicit include info
    add: [/usr/include/c++/11]
    add: [/usr/include/x86_64-linux-gnu/c++/11]
    add: [/usr/include/c++/11/backward]
    add: [/usr/lib/gcc/x86_64-linux-gnu/11/include]
    add: [/usr/local/include]
    add: [/usr/include/x86_64-linux-gnu]
    add: [/usr/include]
  end of search list found
  collapse include dir [/usr/include/c++/11] ==> [/usr/include/c++/11]
  collapse include dir [/usr/include/x86_64-linux-gnu/c++/11] ==> [/usr/include/x86_64-linux-gnu/c++/11]
  collapse include dir [/usr/include/c++/11/backward] ==> [/usr/include/c++/11/backward]
  collapse include dir [/usr/lib/gcc/x86_64-linux-gnu/11/include] ==> [/usr/lib/gcc/x86_64-linux-gnu/11/include]
  collapse include dir [/usr/local/include] ==> [/usr/local/include]
  collapse include dir [/usr/include/x86_64-linux-gnu] ==> [/usr/include/x86_64-linux-gnu]
  collapse include dir [/usr/include] ==> [/usr/include]
  implicit include dirs: [/usr/include/c++/11;/usr/include/x86_64-linux-gnu/c++/11;/usr/include/c++/11/backward;/usr/lib/gcc/x86_64-linux-gnu/11/include;/usr/local/include;/usr/include/x86_64-linux-gnu;/usr/include]


Parsed CXX implicit link information from above output:
  link line regex: [^( *|.*[/\])(ld|CMAKE_LINK_STARTFILE-NOTFOUND|([^/\]+-)?ld|collect2)[^/\]*( |$)]
  ignore line: [Change Dir: /home/yzwu/Desktop/soc_test/vadd_host/build/x86sim/CMakeFiles/CMakeTmp]
  ignore line: []
  ignore line: [Run Build Command(s):/usr/bin/gmake -f Makefile cmTC_364fa/fast && /usr/bin/gmake  -f CMakeFiles/cmTC_364fa.dir/build.make CMakeFiles/cmTC_364fa.dir/build]
  ignore line: [gmake[1]: Entering directory '/home/yzwu/Desktop/soc_test/vadd_host/build/x86sim/CMakeFiles/CMakeTmp']
  ignore line: [Building CXX object CMakeFiles/cmTC_364fa.dir/CMakeCXXCompilerABI.cpp.o]
  ignore line: [/usr/bin/g++   -v -o CMakeFiles/cmTC_364fa.dir/CMakeCXXCompilerABI.cpp.o -c /tools/Xilinx/Vitis/2023.2/tps/lnx64/cmake-3.24.2/share/cmake-3.24/Modules/CMakeCXXCompilerABI.cpp]
  ignore line: [Using built-in specs.]
  ignore line: [COLLECT_GCC=/usr/bin/g++]
  ignore line: [OFFLOAD_TARGET_NAMES=nvptx-none:amdgcn-amdhsa]
  ignore line: [OFFLOAD_TARGET_DEFAULT=1]
  ignore line: [Target: x86_64-linux-gnu]
  ignore line: [Configured with: ../src/configure -v --with-pkgversion='Ubuntu 11.4.0-1ubuntu1~22.04' --with-bugurl=file:///usr/share/doc/gcc-11/README.Bugs --enable-languages=c ada c++ go brig d fortran objc obj-c++ m2 --prefix=/usr --with-gcc-major-version-only --program-suffix=-11 --program-prefix=x86_64-linux-gnu- --enable-shared --enable-linker-build-id --libexecdir=/usr/lib --without-included-gettext --enable-threads=posix --libdir=/usr/lib --enable-nls --enable-bootstrap --enable-clocale=gnu --enable-libstdcxx-debug --enable-libstdcxx-time=yes --with-default-libstdcxx-abi=new --enable-gnu-unique-object --disable-vtable-verify --enable-plugin --enable-default-pie --with-system-zlib --enable-libphobos-checking=release --with-target-system-zlib=auto --enable-objc-gc=auto --enable-multiarch --disable-werror --enable-cet --with-arch-32=i686 --with-abi=m64 --with-multilib-list=m32 m64 mx32 --enable-multilib --with-tune=generic --enable-offload-targets=nvptx-none=/build/gcc-11-XeT9lY/gcc-11-11.4.0/debian/tmp-nvptx/usr amdgcn-amdhsa=/build/gcc-11-XeT9lY/gcc-11-11.4.0/debian/tmp-gcn/usr --without-cuda-driver --enable-checking=release --build=x86_64-linux-gnu --host=x86_64-linux-gnu --target=x86_64-linux-gnu --with-build-config=bootstrap-lto-lean --enable-link-serialization=2]
  ignore line: [Thread model: posix]
  ignore line: [Supported LTO compression algorithms: zlib zstd]
  ignore line: [gcc version 11.4.0 (Ubuntu 11.4.0-1ubuntu1~22.04) ]
  ignore line: [COLLECT_GCC_OPTIONS='-v' '-o' 'CMakeFiles/cmTC_364fa.dir/CMakeCXXCompilerABI.cpp.o' '-c' '-shared-libgcc' '-mtune=generic' '-march=x86-64' '-dumpdir' 'CMakeFiles/cmTC_364fa.dir/']
  ignore line: [ /usr/lib/gcc/x86_64-linux-gnu/11/cc1plus -quiet -v -imultiarch x86_64-linux-gnu -D_GNU_SOURCE /tools/Xilinx/Vitis/2023.2/tps/lnx64/cmake-3.24.2/share/cmake-3.24/Modules/CMakeCXXCompilerABI.cpp -quiet -dumpdir CMakeFiles/cmTC_364fa.dir/ -dumpbase CMakeCXXCompilerABI.cpp.cpp -dumpbase-ext .cpp -mtune=generic -march=x86-64 -version -fasynchronous-unwind-tables -fstack-protector-strong -Wformat -Wformat-security -fstack-clash-protection -fcf-protection -o /tmp/cciKf2jo.s]
  ignore line: [GNU C++17 (Ubuntu 11.4.0-1ubuntu1~22.04) version 11.4.0 (x86_64-linux-gnu)]
  ignore line: [	compiled by GNU C version 11.4.0  GMP version 6.2.1  MPFR version 4.1.0  MPC version 1.2.1  isl version isl-0.24-GMP]
  ignore line: []
  ignore line: [GGC heuristics: --param ggc-min-expand=100 --param ggc-min-heapsize=131072]
  ignore line: [ignoring duplicate directory "/usr/include/x86_64-linux-gnu/c++/11"]
  ignore line: [ignoring nonexistent directory "/usr/local/include/x86_64-linux-gnu"]
  ignore line: [ignoring nonexistent directory "/usr/lib/gcc/x86_64-linux-gnu/11/include-fixed"]
  ignore line: [ignoring nonexistent directory "/usr/lib/gcc/x86_64-linux-gnu/11/../../../../x86_64-linux-gnu/include"]
  ignore line: [#include "..." search starts here:]
  ignore line: [#include <...> search starts here:]
  ignore line: [ /usr/include/c++/11]
  ignore line: [ /usr/include/x86_64-linux-gnu/c++/11]
  ignore line: [ /usr/include/c++/11/backward]
  ignore line: [ /usr/lib/gcc/x86_64-linux-gnu/11/include]
  ignore line: [ /usr/local/include]
  ignore line: [ /usr/include/x86_64-linux-gnu]
  ignore line: [ /usr/include]
  ignore line: [End of search list.]
  ignore line: [GNU C++17 (Ubuntu 11.4.0-1ubuntu1~22.04) version 11.4.0 (x86_64-linux-gnu)]
  ignore line: [	compiled by GNU C version 11.4.0  GMP version 6.2.1  MPFR version 4.1.0  MPC version 1.2.1  isl version isl-0.24-GMP]
  ignore line: []
  ignore line: [GGC heuristics: --param ggc-min-expand=100 --param ggc-min-heapsize=131072]
  ignore line: [Compiler executable checksum: d591828bb4d392ae8b7b160e5bb0b95f]
  ignore line: [COLLECT_GCC_OPTIONS='-v' '-o' 'CMakeFiles/cmTC_364fa.dir/CMakeCXXCompilerABI.cpp.o' '-c' '-shared-libgcc' '-mtune=generic' '-march=x86-64' '-dumpdir' 'CMakeFiles/cmTC_364fa.dir/']
  ignore line: [ as -v --64 -o CMakeFiles/cmTC_364fa.dir/CMakeCXXCompilerABI.cpp.o /tmp/cciKf2jo.s]
  ignore line: [GNU assembler version 2.38 (x86_64-linux-gnu) using BFD version (GNU Binutils for Ubuntu) 2.38]
  ignore line: [COMPILER_PATH=/usr/lib/gcc/x86_64-linux-gnu/11/:/usr/lib/gcc/x86_64-linux-gnu/11/:/usr/lib/gcc/x86_64-linux-gnu/:/usr/lib/gcc/x86_64-linux-gnu/11/:/usr/lib/gcc/x86_64-linux-gnu/]
  ignore line: [LIBRARY_PATH=/usr/lib/gcc/x86_64-linux-gnu/11/:/usr/lib/gcc/x86_64-linux-gnu/11/../../../x86_64-linux-gnu/:/usr/lib/gcc/x86_64-linux-gnu/11/../../../../lib/:/lib/x86_64-linux-gnu/:/lib/../lib/:/usr/lib/x86_64-linux-gnu/:/usr/lib/../lib/:/usr/lib/gcc/x86_64-linux-gnu/11/../../../:/lib/:/usr/lib/]
  ignore line: [COLLECT_GCC_OPTIONS='-v' '-o' 'CMakeFiles/cmTC_364fa.dir/CMakeCXXCompilerABI.cpp.o' '-c' '-shared-libgcc' '-mtune=generic' '-march=x86-64' '-dumpdir' 'CMakeFiles/cmTC_364fa.dir/CMakeCXXCompilerABI.cpp.']
  ignore line: [Linking CXX executable cmTC_364fa]
  ignore line: [/tools/Xilinx/Vitis/2023.2/tps/lnx64/cmake-3.24.2/bin/cmake -E cmake_link_script CMakeFiles/cmTC_364fa.dir/link.txt --verbose=1]
  ignore line: [/usr/bin/g++  -v CMakeFiles/cmTC_364fa.dir/CMakeCXXCompilerABI.cpp.o -o cmTC_364fa ]
  ignore line: [Using built-in specs.]
  ignore line: [COLLECT_GCC=/usr/bin/g++]
  ignore line: [COLLECT_LTO_WRAPPER=/usr/lib/gcc/x86_64-linux-gnu/11/lto-wrapper]
  ignore line: [OFFLOAD_TARGET_NAMES=nvptx-none:amdgcn-amdhsa]
  ignore line: [OFFLOAD_TARGET_DEFAULT=1]
  ignore line: [Target: x86_64-linux-gnu]
  ignore line: [Configured with: ../src/configure -v --with-pkgversion='Ubuntu 11.4.0-1ubuntu1~22.04' --with-bugurl=file:///usr/share/doc/gcc-11/README.Bugs --enable-languages=c ada c++ go brig d fortran objc obj-c++ m2 --prefix=/usr --with-gcc-major-version-only --program-suffix=-11 --program-prefix=x86_64-linux-gnu- --enable-shared --enable-linker-build-id --libexecdir=/usr/lib --without-included-gettext --enable-threads=posix --libdir=/usr/lib --enable-nls --enable-bootstrap --enable-clocale=gnu --enable-libstdcxx-debug --enable-libstdcxx-time=yes --with-default-libstdcxx-abi=new --enable-gnu-unique-object --disable-vtable-verify --enable-plugin --enable-default-pie --with-system-zlib --enable-libphobos-checking=release --with-target-system-zlib=auto --enable-objc-gc=auto --enable-multiarch --disable-werror --enable-cet --with-arch-32=i686 --with-abi=m64 --with-multilib-list=m32 m64 mx32 --enable-multilib --with-tune=generic --enable-offload-targets=nvptx-none=/build/gcc-11-XeT9lY/gcc-11-11.4.0/debian/tmp-nvptx/usr amdgcn-amdhsa=/build/gcc-11-XeT9lY/gcc-11-11.4.0/debian/tmp-gcn/usr --without-cuda-driver --enable-checking=release --build=x86_64-linux-gnu --host=x86_64-linux-gnu --target=x86_64-linux-gnu --with-build-config=bootstrap-lto-lean --enable-link-serialization=2]
  ignore line: [Thread model: posix]
  ignore line: [Supported LTO compression algorithms: zlib zstd]
  ignore line: [gcc version 11.4.0 (Ubuntu 11.4.0-1ubuntu1~22.04) ]
  ignore line: [COMPILER_PATH=/usr/lib/gcc/x86_64-linux-gnu/11/:/usr/lib/gcc/x86_64-linux-gnu/11/:/usr/lib/gcc/x86_64-linux-gnu/:/usr/lib/gcc/x86_64-linux-gnu/11/:/usr/lib/gcc/x86_64-linux-gnu/]
  ignore line: [LIBRARY_PATH=/usr/lib/gcc/x86_64-linux-gnu/11/:/usr/lib/gcc/x86_64-linux-gnu/11/../../../x86_64-linux-gnu/:/usr/lib/gcc/x86_64-linux-gnu/11/../../../../lib/:/lib/x86_64-linux-gnu/:/lib/../lib/:/usr/lib/x86_64-linux-gnu/:/usr/lib/../lib/:/usr/lib/gcc/x86_64-linux-gnu/11/../../../:/lib/:/usr/lib/]
  ignore line: [COLLECT_GCC_OPTIONS='-v' '-o' 'cmTC_364fa' '-shared-libgcc' '-mtune=generic' '-march=x86-64' '-dumpdir' 'cmTC_364fa.']
  link line: [ /usr/lib/gcc/x86_64-linux-gnu/11/collect2 -plugin /usr/lib/gcc/x86_64-linux-gnu/11/liblto_plugin.so -plugin-opt=/usr/lib/gcc/x86_64-linux-gnu/11/lto-wrapper -plugin-opt=-fresolution=/tmp/ccyXQmSD.res -plugin-opt=-pass-through=-lgcc_s -plugin-opt=-pass-through=-lgcc -plugin-opt=-pass-through=-lc -plugin-opt=-pass-through=-lgcc_s -plugin-opt=-pass-through=-lgcc --build-id --eh-frame-hdr -m elf_x86_64 --hash-style=gnu --as-needed -dynamic-linker /lib64/ld-linux-x86-64.so.2 -pie -z now -z relro -o cmTC_364fa /usr/lib/gcc/x86_64-linux-gnu/11/../../../x86_64-linux-gnu/Scrt1.o /usr/lib/gcc/x86_64-linux-gnu/11/../../../x86_64-linux-gnu/crti.o /usr/lib/gcc/x86_64-linux-gnu/11/crtbeginS.o -L/usr/lib/gcc/x86_64-linux-gnu/11 -L/usr/lib/gcc/x86_64-linux-gnu/11/../../../x86_64-linux-gnu -L/usr/lib/gcc/x86_64-linux-gnu/11/../../../../lib -L/lib/x86_64-linux-gnu -L/lib/../lib -L/usr/lib/x86_64-linux-gnu -L/usr/lib/../lib -L/usr/lib/gcc/x86_64-linux-gnu/11/../../.. CMakeFiles/cmTC_364fa.dir/CMakeCXXCompilerABI.cpp.o -lstdc++ -lm -lgcc_s -lgcc -lc -lgcc_s -lgcc /usr/lib/gcc/x86_64-linux-gnu/11/crtendS.o /usr/lib/gcc/x86_64-linux-gnu/11/../../../x86_64-linux-gnu/crtn.o]
    arg [/usr/lib/gcc/x86_64-linux-gnu/11/collect2] ==> ignore
    arg [-plugin] ==> ignore
    arg [/usr/lib/gcc/x86_64-linux-gnu/11/liblto_plugin.so] ==> ignore
    arg [-plugin-opt=/usr/lib/gcc/x86_64-linux-gnu/11/lto-wrapper] ==> ignore
    arg [-plugin-opt=-fresolution=/tmp/ccyXQmSD.res] ==> ignore
    arg [-plugin-opt=-pass-through=-lgcc_s] ==> ignore
    arg [-plugin-opt=-pass-through=-lgcc] ==> ignore
    arg [-plugin-opt=-pass-through=-lc] ==> ignore
    arg [-plugin-opt=-pass-through=-lgcc_s] ==> ignore
    arg [-plugin-opt=-pass-through=-lgcc] ==> ignore
    arg [--build-id] ==> ignore
    arg [--eh-frame-hdr] ==> ignore
    arg [-m] ==> ignore
    arg [elf_x86_64] ==> ignore
    arg [--hash-style=gnu] ==> ignore
    arg [--as-needed] ==> ignore
    arg [-dynamic-linker] ==> ignore
    arg [/lib64/ld-linux-x86-64.so.2] ==> ignore
    arg [-pie] ==> ignore
    arg [-znow] ==> ignore
    arg [-zrelro] ==> ignore
    arg [-o] ==> ignore
    arg [cmTC_364fa] ==> ignore
    arg [/usr/lib/gcc/x86_64-linux-gnu/11/../../../x86_64-linux-gnu/Scrt1.o] ==> obj [/usr/lib/gcc/x86_64-linux-gnu/11/../../../x86_64-linux-gnu/Scrt1.o]
    arg [/usr/lib/gcc/x86_64-linux-gnu/11/../../../x86_64-linux-gnu/crti.o] ==> obj [/usr/lib/gcc/x86_64-linux-gnu/11/../../../x86_64-linux-gnu/crti.o]
    arg [/usr/lib/gcc/x86_64-linux-gnu/11/crtbeginS.o] ==> obj [/usr/lib/gcc/x86_64-linux-gnu/11/crtbeginS.o]
    arg [-L/usr/lib/gcc/x86_64-linux-gnu/11] ==> dir [/usr/lib/gcc/x86_64-linux-gnu/11]
    arg [-L/usr/lib/gcc/x86_64-linux-gnu/11/../../../x86_64-linux-gnu] ==> dir [/usr/lib/gcc/x86_64-linux-gnu/11/../../../x86_64-linux-gnu]
    arg [-L/usr/lib/gcc/x86_64-linux-gnu/11/../../../../lib] ==> dir [/usr/lib/gcc/x86_64-linux-gnu/11/../../../../lib]
    arg [-L/lib/x86_64-linux-gnu] ==> dir [/lib/x86_64-linux-gnu]
    arg [-L/lib/../lib] ==> dir [/lib/../lib]
    arg [-L/usr/lib/x86_64-linux-gnu] ==> dir [/usr/lib/x86_64-linux-gnu]
    arg [-L/usr/lib/../lib] ==> dir [/usr/lib/../lib]
    arg [-L/usr/lib/gcc/x86_64-linux-gnu/11/../../..] ==> dir [/usr/lib/gcc/x86_64-linux-gnu/11/../../..]
    arg [CMakeFiles/cmTC_364fa.dir/CMakeCXXCompilerABI.cpp.o] ==> ignore
    arg [-lstdc++] ==> lib [stdc++]
    arg [-lm] ==> lib [m]
    arg [-lgcc_s] ==> lib [gcc_s]
    arg [-lgcc] ==> lib [gcc]
    arg [-lc] ==> lib [c]
    arg [-lgcc_s] ==> lib [gcc_s]
    arg [-lgcc] ==> lib [gcc]
    arg [/usr/lib/gcc/x86_64-linux-gnu/11/crtendS.o] ==> obj [/usr/lib/gcc/x86_64-linux-gnu/11/crtendS.o]
    arg [/usr/lib/gcc/x86_64-linux-gnu/11/../../../x86_64-linux-gnu/crtn.o] ==> obj [/usr/lib/gcc/x86_64-linux-gnu/11/../../../x86_64-linux-gnu/crtn.o]
  collapse obj [/usr/lib/gcc/x86_64-linux-gnu/11/../../../x86_64-linux-gnu/Scrt1.o] ==> [/usr/lib/x86_64-linux-gnu/Scrt1.o]
  collapse obj [/usr/lib/gcc/x86_64-linux-gnu/11/../../../x86_64-linux-gnu/crti.o] ==> [/usr/lib/x86_64-linux-gnu/crti.o]
  collapse obj [/usr/lib/gcc/x86_64-linux-gnu/11/../../../x86_64-linux-gnu/crtn.o] ==> [/usr/lib/x86_64-linux-gnu/crtn.o]
  collapse library dir [/usr/lib/gcc/x86_64-linux-gnu/11] ==> [/usr/lib/gcc/x86_64-linux-gnu/11]
  collapse library dir [/usr/lib/gcc/x86_64-linux-gnu/11/../../../x86_64-linux-gnu] ==> [/usr/lib/x86_64-linux-gnu]
  collapse library dir [/usr/lib/gcc/x86_64-linux-gnu/11/../../../../lib] ==> [/usr/lib]
  collapse library dir [/lib/x86_64-linux-gnu] ==> [/lib/x86_64-linux-gnu]
  collapse library dir [/lib/../lib] ==> [/lib]
  collapse library dir [/usr/lib/x86_64-linux-gnu] ==> [/usr/lib/x86_64-linux-gnu]
  collapse library dir [/usr/lib/../lib] ==> [/usr/lib]
  collapse library dir [/usr/lib/gcc/x86_64-linux-gnu/11/../../..] ==> [/usr/lib]
  implicit libs: [stdc++;m;gcc_s;gcc;c;gcc_s;gcc]
  implicit objs: [/usr/lib/x86_64-linux-gnu/Scrt1.o;/usr/lib/x86_64-linux-gnu/crti.o;/usr/lib/gcc/x86_64-linux-gnu/11/crtbeginS.o;/usr/lib/gcc/x86_64-linux-gnu/11/crtendS.o;/usr/lib/x86_64-linux-gnu/crtn.o]
  implicit dirs: [/usr/lib/gcc/x86_64-linux-gnu/11;/usr/lib/x86_64-linux-gnu;/usr/lib;/lib/x86_64-linux-gnu;/lib]
  implicit fwks: []


Determining if the CL_VERSION_3_0 exist passed with the following output:
Change Dir: /home/yzwu/Desktop/soc_test/vadd_host/build/x86sim/CMakeFiles/CMakeTmp

Run Build Command(s):/usr/bin/gmake -f Makefile cmTC_8bcc2/fast && /usr/bin/gmake  -f CMakeFiles/cmTC_8bcc2.dir/build.make CMakeFiles/cmTC_8bcc2.dir/build
gmake[1]: Entering directory '/home/yzwu/Desktop/soc_test/vadd_host/build/x86sim/CMakeFiles/CMakeTmp'
Building C object CMakeFiles/cmTC_8bcc2.dir/CheckSymbolExists.c.o
/usr/bin/gcc    -o CMakeFiles/cmTC_8bcc2.dir/CheckSymbolExists.c.o -c /home/yzwu/Desktop/soc_test/vadd_host/build/x86sim/CMakeFiles/CMakeTmp/CheckSymbolExists.c
In file included from /usr/include/CL/cl.h:20,
                 from /home/yzwu/Desktop/soc_test/vadd_host/build/x86sim/CMakeFiles/CMakeTmp/CheckSymbolExists.c:2:
/usr/include/CL/cl_version.h:22:9: note: ‘#pragma message: cl_version.h: CL_TARGET_OPENCL_VERSION is not defined. Defaulting to 300 (OpenCL 3.0)’
   22 | #pragma message("cl_version.h: CL_TARGET_OPENCL_VERSION is not defined. Defaulting to 300 (OpenCL 3.0)")
      |         ^~~~~~~
Linking C executable cmTC_8bcc2
/tools/Xilinx/Vitis/2023.2/tps/lnx64/cmake-3.24.2/bin/cmake -E cmake_link_script CMakeFiles/cmTC_8bcc2.dir/link.txt --verbose=1
/usr/bin/gcc CMakeFiles/cmTC_8bcc2.dir/CheckSymbolExists.c.o -o cmTC_8bcc2 
gmake[1]: Leaving directory '/home/yzwu/Desktop/soc_test/vadd_host/build/x86sim/CMakeFiles/CMakeTmp'


File /home/yzwu/Desktop/soc_test/vadd_host/build/x86sim/CMakeFiles/CMakeTmp/CheckSymbolExists.c:
/* */
#include </usr/include/CL/cl.h>

int main(int argc, char** argv)
{
  (void)argv;
#ifndef CL_VERSION_3_0
  return ((int*)(&CL_VERSION_3_0))[argc];
#else
  (void)argc;
  return 0;
#endif
}
The system is: Linux - 6.5.0-15-generic - x86_64
Compiling the C compiler identification source file "CMakeCCompilerId.c" succeeded.
Compiler: /usr/bin/gcc 
Build flags: 
Id flags:  

The output was:
0


Compilation of the C compiler identification source "CMakeCCompilerId.c" produced "a.out"

The C compiler identification is GNU, found in "/home/yzwu/Desktop/soc_test/vadd_host/build/x86sim/CMakeFiles/3.24.2/CompilerIdC/a.out"

Compiling the CXX compiler identification source file "CMakeCXXCompilerId.cpp" succeeded.
Compiler: /usr/bin/g++ 
Build flags: 
Id flags:  

The output was:
0


Compilation of the CXX compiler identification source "CMakeCXXCompilerId.cpp" produced "a.out"

The CXX compiler identification is GNU, found in "/home/yzwu/Desktop/soc_test/vadd_host/build/x86sim/CMakeFiles/3.24.2/CompilerIdCXX/a.out"

Detecting C compiler ABI info compiled with the following output:
Change Dir: /home/yzwu/Desktop/soc_test/vadd_host/build/x86sim/CMakeFiles/CMakeTmp

Run Build Command(s):/usr/bin/gmake -f Makefile cmTC_8c1f0/fast && /usr/bin/gmake  -f CMakeFiles/cmTC_8c1f0.dir/build.make CMakeFiles/cmTC_8c1f0.dir/build
gmake[1]: Entering directory '/home/yzwu/Desktop/soc_test/vadd_host/build/x86sim/CMakeFiles/CMakeTmp'
Building C object CMakeFiles/cmTC_8c1f0.dir/CMakeCCompilerABI.c.o
/usr/bin/gcc   -v -o CMakeFiles/cmTC_8c1f0.dir/CMakeCCompilerABI.c.o -c /tools/Xilinx/Vitis/2023.2/tps/lnx64/cmake-3.24.2/share/cmake-3.24/Modules/CMakeCCompilerABI.c
Using built-in specs.
COLLECT_GCC=/usr/bin/gcc
OFFLOAD_TARGET_NAMES=nvptx-none:amdgcn-amdhsa
OFFLOAD_TARGET_DEFAULT=1
Target: x86_64-linux-gnu
Configured with: ../src/configure -v --with-pkgversion='Ubuntu 11.4.0-1ubuntu1~22.04' --with-bugurl=file:///usr/share/doc/gcc-11/README.Bugs --enable-languages=c,ada,c++,go,brig,d,fortran,objc,obj-c++,m2 --prefix=/usr --with-gcc-major-version-only --program-suffix=-11 --program-prefix=x86_64-linux-gnu- --enable-shared --enable-linker-build-id --libexecdir=/usr/lib --without-included-gettext --enable-threads=posix --libdir=/usr/lib --enable-nls --enable-bootstrap --enable-clocale=gnu --enable-libstdcxx-debug --enable-libstdcxx-time=yes --with-default-libstdcxx-abi=new --enable-gnu-unique-object --disable-vtable-verify --enable-plugin --enable-default-pie --with-system-zlib --enable-libphobos-checking=release --with-target-system-zlib=auto --enable-objc-gc=auto --enable-multiarch --disable-werror --enable-cet --with-arch-32=i686 --with-abi=m64 --with-multilib-list=m32,m64,mx32 --enable-multilib --with-tune=generic --enable-offload-targets=nvptx-none=/build/gcc-11-XeT9lY/gcc-11-11.4.0/debian/tmp-nvptx/usr,amdgcn-amdhsa=/build/gcc-11-XeT9lY/gcc-11-11.4.0/debian/tmp-gcn/usr --without-cuda-driver --enable-checking=release --build=x86_64-linux-gnu --host=x86_64-linux-gnu --target=x86_64-linux-gnu --with-build-config=bootstrap-lto-lean --enable-link-serialization=2
Thread model: posix
Supported LTO compression algorithms: zlib zstd
gcc version 11.4.0 (Ubuntu 11.4.0-1ubuntu1~22.04) 
COLLECT_GCC_OPTIONS='-v' '-o' 'CMakeFiles/cmTC_8c1f0.dir/CMakeCCompilerABI.c.o' '-c' '-mtune=generic' '-march=x86-64' '-dumpdir' 'CMakeFiles/cmTC_8c1f0.dir/'
 /usr/lib/gcc/x86_64-linux-gnu/11/cc1 -quiet -v -imultiarch x86_64-linux-gnu /tools/Xilinx/Vitis/2023.2/tps/lnx64/cmake-3.24.2/share/cmake-3.24/Modules/CMakeCCompilerABI.c -quiet -dumpdir CMakeFiles/cmTC_8c1f0.dir/ -dumpbase CMakeCCompilerABI.c.c -dumpbase-ext .c -mtune=generic -march=x86-64 -version -fasynchronous-unwind-tables -fstack-protector-strong -Wformat -Wformat-security -fstack-clash-protection -fcf-protection -o /tmp/ccWsFyPo.s
GNU C17 (Ubuntu 11.4.0-1ubuntu1~22.04) version 11.4.0 (x86_64-linux-gnu)
	compiled by GNU C version 11.4.0, GMP version 6.2.1, MPFR version 4.1.0, MPC version 1.2.1, isl version isl-0.24-GMP

GGC heuristics: --param ggc-min-expand=100 --param ggc-min-heapsize=131072
ignoring nonexistent directory "/usr/local/include/x86_64-linux-gnu"
ignoring nonexistent directory "/usr/lib/gcc/x86_64-linux-gnu/11/include-fixed"
ignoring nonexistent directory "/usr/lib/gcc/x86_64-linux-gnu/11/../../../../x86_64-linux-gnu/include"
#include "..." search starts here:
#include <...> search starts here:
 /usr/lib/gcc/x86_64-linux-gnu/11/include
 /usr/local/include
 /usr/include/x86_64-linux-gnu
 /usr/include
End of search list.
GNU C17 (Ubuntu 11.4.0-1ubuntu1~22.04) version 11.4.0 (x86_64-linux-gnu)
	compiled by GNU C version 11.4.0, GMP version 6.2.1, MPFR version 4.1.0, MPC version 1.2.1, isl version isl-0.24-GMP

GGC heuristics: --param ggc-min-expand=100 --param ggc-min-heapsize=131072
Compiler executable checksum: 50eaa2331df977b8016186198deb2d18
COLLECT_GCC_OPTIONS='-v' '-o' 'CMakeFiles/cmTC_8c1f0.dir/CMakeCCompilerABI.c.o' '-c' '-mtune=generic' '-march=x86-64' '-dumpdir' 'CMakeFiles/cmTC_8c1f0.dir/'
 as -v --64 -o CMakeFiles/cmTC_8c1f0.dir/CMakeCCompilerABI.c.o /tmp/ccWsFyPo.s
GNU assembler version 2.38 (x86_64-linux-gnu) using BFD version (GNU Binutils for Ubuntu) 2.38
COMPILER_PATH=/usr/lib/gcc/x86_64-linux-gnu/11/:/usr/lib/gcc/x86_64-linux-gnu/11/:/usr/lib/gcc/x86_64-linux-gnu/:/usr/lib/gcc/x86_64-linux-gnu/11/:/usr/lib/gcc/x86_64-linux-gnu/
LIBRARY_PATH=/usr/lib/gcc/x86_64-linux-gnu/11/:/usr/lib/gcc/x86_64-linux-gnu/11/../../../x86_64-linux-gnu/:/usr/lib/gcc/x86_64-linux-gnu/11/../../../../lib/:/lib/x86_64-linux-gnu/:/lib/../lib/:/usr/lib/x86_64-linux-gnu/:/usr/lib/../lib/:/usr/lib/gcc/x86_64-linux-gnu/11/../../../:/lib/:/usr/lib/
COLLECT_GCC_OPTIONS='-v' '-o' 'CMakeFiles/cmTC_8c1f0.dir/CMakeCCompilerABI.c.o' '-c' '-mtune=generic' '-march=x86-64' '-dumpdir' 'CMakeFiles/cmTC_8c1f0.dir/CMakeCCompilerABI.c.'
Linking C executable cmTC_8c1f0
/tools/Xilinx/Vitis/2023.2/tps/lnx64/cmake-3.24.2/bin/cmake -E cmake_link_script CMakeFiles/cmTC_8c1f0.dir/link.txt --verbose=1
/usr/bin/gcc  -v CMakeFiles/cmTC_8c1f0.dir/CMakeCCompilerABI.c.o -o cmTC_8c1f0 
Using built-in specs.
COLLECT_GCC=/usr/bin/gcc
COLLECT_LTO_WRAPPER=/usr/lib/gcc/x86_64-linux-gnu/11/lto-wrapper
OFFLOAD_TARGET_NAMES=nvptx-none:amdgcn-amdhsa
OFFLOAD_TARGET_DEFAULT=1
Target: x86_64-linux-gnu
Configured with: ../src/configure -v --with-pkgversion='Ubuntu 11.4.0-1ubuntu1~22.04' --with-bugurl=file:///usr/share/doc/gcc-11/README.Bugs --enable-languages=c,ada,c++,go,brig,d,fortran,objc,obj-c++,m2 --prefix=/usr --with-gcc-major-version-only --program-suffix=-11 --program-prefix=x86_64-linux-gnu- --enable-shared --enable-linker-build-id --libexecdir=/usr/lib --without-included-gettext --enable-threads=posix --libdir=/usr/lib --enable-nls --enable-bootstrap --enable-clocale=gnu --enable-libstdcxx-debug --enable-libstdcxx-time=yes --with-default-libstdcxx-abi=new --enable-gnu-unique-object --disable-vtable-verify --enable-plugin --enable-default-pie --with-system-zlib --enable-libphobos-checking=release --with-target-system-zlib=auto --enable-objc-gc=auto --enable-multiarch --disable-werror --enable-cet --with-arch-32=i686 --with-abi=m64 --with-multilib-list=m32,m64,mx32 --enable-multilib --with-tune=generic --enable-offload-targets=nvptx-none=/build/gcc-11-XeT9lY/gcc-11-11.4.0/debian/tmp-nvptx/usr,amdgcn-amdhsa=/build/gcc-11-XeT9lY/gcc-11-11.4.0/debian/tmp-gcn/usr --without-cuda-driver --enable-checking=release --build=x86_64-linux-gnu --host=x86_64-linux-gnu --target=x86_64-linux-gnu --with-build-config=bootstrap-lto-lean --enable-link-serialization=2
Thread model: posix
Supported LTO compression algorithms: zlib zstd
gcc version 11.4.0 (Ubuntu 11.4.0-1ubuntu1~22.04) 
COMPILER_PATH=/usr/lib/gcc/x86_64-linux-gnu/11/:/usr/lib/gcc/x86_64-linux-gnu/11/:/usr/lib/gcc/x86_64-linux-gnu/:/usr/lib/gcc/x86_64-linux-gnu/11/:/usr/lib/gcc/x86_64-linux-gnu/
LIBRARY_PATH=/usr/lib/gcc/x86_64-linux-gnu/11/:/usr/lib/gcc/x86_64-linux-gnu/11/../../../x86_64-linux-gnu/:/usr/lib/gcc/x86_64-linux-gnu/11/../../../../lib/:/lib/x86_64-linux-gnu/:/lib/../lib/:/usr/lib/x86_64-linux-gnu/:/usr/lib/../lib/:/usr/lib/gcc/x86_64-linux-gnu/11/../../../:/lib/:/usr/lib/
COLLECT_GCC_OPTIONS='-v' '-o' 'cmTC_8c1f0' '-mtune=generic' '-march=x86-64' '-dumpdir' 'cmTC_8c1f0.'
 /usr/lib/gcc/x86_64-linux-gnu/11/collect2 -plugin /usr/lib/gcc/x86_64-linux-gnu/11/liblto_plugin.so -plugin-opt=/usr/lib/gcc/x86_64-linux-gnu/11/lto-wrapper -plugin-opt=-fresolution=/tmp/cchYgLX4.res -plugin-opt=-pass-through=-lgcc -plugin-opt=-pass-through=-lgcc_s -plugin-opt=-pass-through=-lc -plugin-opt=-pass-through=-lgcc -plugin-opt=-pass-through=-lgcc_s --build-id --eh-frame-hdr -m elf_x86_64 --hash-style=gnu --as-needed -dynamic-linker /lib64/ld-linux-x86-64.so.2 -pie -z now -z relro -o cmTC_8c1f0 /usr/lib/gcc/x86_64-linux-gnu/11/../../../x86_64-linux-gnu/Scrt1.o /usr/lib/gcc/x86_64-linux-gnu/11/../../../x86_64-linux-gnu/crti.o /usr/lib/gcc/x86_64-linux-gnu/11/crtbeginS.o -L/usr/lib/gcc/x86_64-linux-gnu/11 -L/usr/lib/gcc/x86_64-linux-gnu/11/../../../x86_64-linux-gnu -L/usr/lib/gcc/x86_64-linux-gnu/11/../../../../lib -L/lib/x86_64-linux-gnu -L/lib/../lib -L/usr/lib/x86_64-linux-gnu -L/usr/lib/../lib -L/usr/lib/gcc/x86_64-linux-gnu/11/../../.. CMakeFiles/cmTC_8c1f0.dir/CMakeCCompilerABI.c.o -lgcc --push-state --as-needed -lgcc_s --pop-state -lc -lgcc --push-state --as-needed -lgcc_s --pop-state /usr/lib/gcc/x86_64-linux-gnu/11/crtendS.o /usr/lib/gcc/x86_64-linux-gnu/11/../../../x86_64-linux-gnu/crtn.o
COLLECT_GCC_OPTIONS='-v' '-o' 'cmTC_8c1f0' '-mtune=generic' '-march=x86-64' '-dumpdir' 'cmTC_8c1f0.'
gmake[1]: Leaving directory '/home/yzwu/Desktop/soc_test/vadd_host/build/x86sim/CMakeFiles/CMakeTmp'



Parsed C implicit include dir info from above output: rv=done
  found start of include info
  found start of implicit include info
    add: [/usr/lib/gcc/x86_64-linux-gnu/11/include]
    add: [/usr/local/include]
    add: [/usr/include/x86_64-linux-gnu]
    add: [/usr/include]
  end of search list found
  collapse include dir [/usr/lib/gcc/x86_64-linux-gnu/11/include] ==> [/usr/lib/gcc/x86_64-linux-gnu/11/include]
  collapse include dir [/usr/local/include] ==> [/usr/local/include]
  collapse include dir [/usr/include/x86_64-linux-gnu] ==> [/usr/include/x86_64-linux-gnu]
  collapse include dir [/usr/include] ==> [/usr/include]
  implicit include dirs: [/usr/lib/gcc/x86_64-linux-gnu/11/include;/usr/local/include;/usr/include/x86_64-linux-gnu;/usr/include]


Parsed C implicit link information from above output:
  link line regex: [^( *|.*[/\])(ld|CMAKE_LINK_STARTFILE-NOTFOUND|([^/\]+-)?ld|collect2)[^/\]*( |$)]
  ignore line: [Change Dir: /home/yzwu/Desktop/soc_test/vadd_host/build/x86sim/CMakeFiles/CMakeTmp]
  ignore line: []
  ignore line: [Run Build Command(s):/usr/bin/gmake -f Makefile cmTC_8c1f0/fast && /usr/bin/gmake  -f CMakeFiles/cmTC_8c1f0.dir/build.make CMakeFiles/cmTC_8c1f0.dir/build]
  ignore line: [gmake[1]: Entering directory '/home/yzwu/Desktop/soc_test/vadd_host/build/x86sim/CMakeFiles/CMakeTmp']
  ignore line: [Building C object CMakeFiles/cmTC_8c1f0.dir/CMakeCCompilerABI.c.o]
  ignore line: [/usr/bin/gcc   -v -o CMakeFiles/cmTC_8c1f0.dir/CMakeCCompilerABI.c.o -c /tools/Xilinx/Vitis/2023.2/tps/lnx64/cmake-3.24.2/share/cmake-3.24/Modules/CMakeCCompilerABI.c]
  ignore line: [Using built-in specs.]
  ignore line: [COLLECT_GCC=/usr/bin/gcc]
  ignore line: [OFFLOAD_TARGET_NAMES=nvptx-none:amdgcn-amdhsa]
  ignore line: [OFFLOAD_TARGET_DEFAULT=1]
  ignore line: [Target: x86_64-linux-gnu]
  ignore line: [Configured with: ../src/configure -v --with-pkgversion='Ubuntu 11.4.0-1ubuntu1~22.04' --with-bugurl=file:///usr/share/doc/gcc-11/README.Bugs --enable-languages=c ada c++ go brig d fortran objc obj-c++ m2 --prefix=/usr --with-gcc-major-version-only --program-suffix=-11 --program-prefix=x86_64-linux-gnu- --enable-shared --enable-linker-build-id --libexecdir=/usr/lib --without-included-gettext --enable-threads=posix --libdir=/usr/lib --enable-nls --enable-bootstrap --enable-clocale=gnu --enable-libstdcxx-debug --enable-libstdcxx-time=yes --with-default-libstdcxx-abi=new --enable-gnu-unique-object --disable-vtable-verify --enable-plugin --enable-default-pie --with-system-zlib --enable-libphobos-checking=release --with-target-system-zlib=auto --enable-objc-gc=auto --enable-multiarch --disable-werror --enable-cet --with-arch-32=i686 --with-abi=m64 --with-multilib-list=m32 m64 mx32 --enable-multilib --with-tune=generic --enable-offload-targets=nvptx-none=/build/gcc-11-XeT9lY/gcc-11-11.4.0/debian/tmp-nvptx/usr amdgcn-amdhsa=/build/gcc-11-XeT9lY/gcc-11-11.4.0/debian/tmp-gcn/usr --without-cuda-driver --enable-checking=release --build=x86_64-linux-gnu --host=x86_64-linux-gnu --target=x86_64-linux-gnu --with-build-config=bootstrap-lto-lean --enable-link-serialization=2]
  ignore line: [Thread model: posix]
  ignore line: [Supported LTO compression algorithms: zlib zstd]
  ignore line: [gcc version 11.4.0 (Ubuntu 11.4.0-1ubuntu1~22.04) ]
  ignore line: [COLLECT_GCC_OPTIONS='-v' '-o' 'CMakeFiles/cmTC_8c1f0.dir/CMakeCCompilerABI.c.o' '-c' '-mtune=generic' '-march=x86-64' '-dumpdir' 'CMakeFiles/cmTC_8c1f0.dir/']
  ignore line: [ /usr/lib/gcc/x86_64-linux-gnu/11/cc1 -quiet -v -imultiarch x86_64-linux-gnu /tools/Xilinx/Vitis/2023.2/tps/lnx64/cmake-3.24.2/share/cmake-3.24/Modules/CMakeCCompilerABI.c -quiet -dumpdir CMakeFiles/cmTC_8c1f0.dir/ -dumpbase CMakeCCompilerABI.c.c -dumpbase-ext .c -mtune=generic -march=x86-64 -version -fasynchronous-unwind-tables -fstack-protector-strong -Wformat -Wformat-security -fstack-clash-protection -fcf-protection -o /tmp/ccWsFyPo.s]
  ignore line: [GNU C17 (Ubuntu 11.4.0-1ubuntu1~22.04) version 11.4.0 (x86_64-linux-gnu)]
  ignore line: [	compiled by GNU C version 11.4.0  GMP version 6.2.1  MPFR version 4.1.0  MPC version 1.2.1  isl version isl-0.24-GMP]
  ignore line: []
  ignore line: [GGC heuristics: --param ggc-min-expand=100 --param ggc-min-heapsize=131072]
  ignore line: [ignoring nonexistent directory "/usr/local/include/x86_64-linux-gnu"]
  ignore line: [ignoring nonexistent directory "/usr/lib/gcc/x86_64-linux-gnu/11/include-fixed"]
  ignore line: [ignoring nonexistent directory "/usr/lib/gcc/x86_64-linux-gnu/11/../../../../x86_64-linux-gnu/include"]
  ignore line: [#include "..." search starts here:]
  ignore line: [#include <...> search starts here:]
  ignore line: [ /usr/lib/gcc/x86_64-linux-gnu/11/include]
  ignore line: [ /usr/local/include]
  ignore line: [ /usr/include/x86_64-linux-gnu]
  ignore line: [ /usr/include]
  ignore line: [End of search list.]
  ignore line: [GNU C17 (Ubuntu 11.4.0-1ubuntu1~22.04) version 11.4.0 (x86_64-linux-gnu)]
  ignore line: [	compiled by GNU C version 11.4.0  GMP version 6.2.1  MPFR version 4.1.0  MPC version 1.2.1  isl version isl-0.24-GMP]
  ignore line: []
  ignore line: [GGC heuristics: --param ggc-min-expand=100 --param ggc-min-heapsize=131072]
  ignore line: [Compiler executable checksum: 50eaa2331df977b8016186198deb2d18]
  ignore line: [COLLECT_GCC_OPTIONS='-v' '-o' 'CMakeFiles/cmTC_8c1f0.dir/CMakeCCompilerABI.c.o' '-c' '-mtune=generic' '-march=x86-64' '-dumpdir' 'CMakeFiles/cmTC_8c1f0.dir/']
  ignore line: [ as -v --64 -o CMakeFiles/cmTC_8c1f0.dir/CMakeCCompilerABI.c.o /tmp/ccWsFyPo.s]
  ignore line: [GNU assembler version 2.38 (x86_64-linux-gnu) using BFD version (GNU Binutils for Ubuntu) 2.38]
  ignore line: [COMPILER_PATH=/usr/lib/gcc/x86_64-linux-gnu/11/:/usr/lib/gcc/x86_64-linux-gnu/11/:/usr/lib/gcc/x86_64-linux-gnu/:/usr/lib/gcc/x86_64-linux-gnu/11/:/usr/lib/gcc/x86_64-linux-gnu/]
  ignore line: [LIBRARY_PATH=/usr/lib/gcc/x86_64-linux-gnu/11/:/usr/lib/gcc/x86_64-linux-gnu/11/../../../x86_64-linux-gnu/:/usr/lib/gcc/x86_64-linux-gnu/11/../../../../lib/:/lib/x86_64-linux-gnu/:/lib/../lib/:/usr/lib/x86_64-linux-gnu/:/usr/lib/../lib/:/usr/lib/gcc/x86_64-linux-gnu/11/../../../:/lib/:/usr/lib/]
  ignore line: [COLLECT_GCC_OPTIONS='-v' '-o' 'CMakeFiles/cmTC_8c1f0.dir/CMakeCCompilerABI.c.o' '-c' '-mtune=generic' '-march=x86-64' '-dumpdir' 'CMakeFiles/cmTC_8c1f0.dir/CMakeCCompilerABI.c.']
  ignore line: [Linking C executable cmTC_8c1f0]
  ignore line: [/tools/Xilinx/Vitis/2023.2/tps/lnx64/cmake-3.24.2/bin/cmake -E cmake_link_script CMakeFiles/cmTC_8c1f0.dir/link.txt --verbose=1]
  ignore line: [/usr/bin/gcc  -v CMakeFiles/cmTC_8c1f0.dir/CMakeCCompilerABI.c.o -o cmTC_8c1f0 ]
  ignore line: [Using built-in specs.]
  ignore line: [COLLECT_GCC=/usr/bin/gcc]
  ignore line: [COLLECT_LTO_WRAPPER=/usr/lib/gcc/x86_64-linux-gnu/11/lto-wrapper]
  ignore line: [OFFLOAD_TARGET_NAMES=nvptx-none:amdgcn-amdhsa]
  ignore line: [OFFLOAD_TARGET_DEFAULT=1]
  ignore line: [Target: x86_64-linux-gnu]
  ignore line: [Configured with: ../src/configure -v --with-pkgversion='Ubuntu 11.4.0-1ubuntu1~22.04' --with-bugurl=file:///usr/share/doc/gcc-11/README.Bugs --enable-languages=c ada c++ go brig d fortran objc obj-c++ m2 --prefix=/usr --with-gcc-major-version-only --program-suffix=-11 --program-prefix=x86_64-linux-gnu- --enable-shared --enable-linker-build-id --libexecdir=/usr/lib --without-included-gettext --enable-threads=posix --libdir=/usr/lib --enable-nls --enable-bootstrap --enable-clocale=gnu --enable-libstdcxx-debug --enable-libstdcxx-time=yes --with-default-libstdcxx-abi=new --enable-gnu-unique-object --disable-vtable-verify --enable-plugin --enable-default-pie --with-system-zlib --enable-libphobos-checking=release --with-target-system-zlib=auto --enable-objc-gc=auto --enable-multiarch --disable-werror --enable-cet --with-arch-32=i686 --with-abi=m64 --with-multilib-list=m32 m64 mx32 --enable-multilib --with-tune=generic --enable-offload-targets=nvptx-none=/build/gcc-11-XeT9lY/gcc-11-11.4.0/debian/tmp-nvptx/usr amdgcn-amdhsa=/build/gcc-11-XeT9lY/gcc-11-11.4.0/debian/tmp-gcn/usr --without-cuda-driver --enable-checking=release --build=x86_64-linux-gnu --host=x86_64-linux-gnu --target=x86_64-linux-gnu --with-build-config=bootstrap-lto-lean --enable-link-serialization=2]
  ignore line: [Thread model: posix]
  ignore line: [Supported LTO compression algorithms: zlib zstd]
  ignore line: [gcc version 11.4.0 (Ubuntu 11.4.0-1ubuntu1~22.04) ]
  ignore line: [COMPILER_PATH=/usr/lib/gcc/x86_64-linux-gnu/11/:/usr/lib/gcc/x86_64-linux-gnu/11/:/usr/lib/gcc/x86_64-linux-gnu/:/usr/lib/gcc/x86_64-linux-gnu/11/:/usr/lib/gcc/x86_64-linux-gnu/]
  ignore line: [LIBRARY_PATH=/usr/lib/gcc/x86_64-linux-gnu/11/:/usr/lib/gcc/x86_64-linux-gnu/11/../../../x86_64-linux-gnu/:/usr/lib/gcc/x86_64-linux-gnu/11/../../../../lib/:/lib/x86_64-linux-gnu/:/lib/../lib/:/usr/lib/x86_64-linux-gnu/:/usr/lib/../lib/:/usr/lib/gcc/x86_64-linux-gnu/11/../../../:/lib/:/usr/lib/]
  ignore line: [COLLECT_GCC_OPTIONS='-v' '-o' 'cmTC_8c1f0' '-mtune=generic' '-march=x86-64' '-dumpdir' 'cmTC_8c1f0.']
  link line: [ /usr/lib/gcc/x86_64-linux-gnu/11/collect2 -plugin /usr/lib/gcc/x86_64-linux-gnu/11/liblto_plugin.so -plugin-opt=/usr/lib/gcc/x86_64-linux-gnu/11/lto-wrapper -plugin-opt=-fresolution=/tmp/cchYgLX4.res -plugin-opt=-pass-through=-lgcc -plugin-opt=-pass-through=-lgcc_s -plugin-opt=-pass-through=-lc -plugin-opt=-pass-through=-lgcc -plugin-opt=-pass-through=-lgcc_s --build-id --eh-frame-hdr -m elf_x86_64 --hash-style=gnu --as-needed -dynamic-linker /lib64/ld-linux-x86-64.so.2 -pie -z now -z relro -o cmTC_8c1f0 /usr/lib/gcc/x86_64-linux-gnu/11/../../../x86_64-linux-gnu/Scrt1.o /usr/lib/gcc/x86_64-linux-gnu/11/../../../x86_64-linux-gnu/crti.o /usr/lib/gcc/x86_64-linux-gnu/11/crtbeginS.o -L/usr/lib/gcc/x86_64-linux-gnu/11 -L/usr/lib/gcc/x86_64-linux-gnu/11/../../../x86_64-linux-gnu -L/usr/lib/gcc/x86_64-linux-gnu/11/../../../../lib -L/lib/x86_64-linux-gnu -L/lib/../lib -L/usr/lib/x86_64-linux-gnu -L/usr/lib/../lib -L/usr/lib/gcc/x86_64-linux-gnu/11/../../.. CMakeFiles/cmTC_8c1f0.dir/CMakeCCompilerABI.c.o -lgcc --push-state --as-needed -lgcc_s --pop-state -lc -lgcc --push-state --as-needed -lgcc_s --pop-state /usr/lib/gcc/x86_64-linux-gnu/11/crtendS.o /usr/lib/gcc/x86_64-linux-gnu/11/../../../x86_64-linux-gnu/crtn.o]
    arg [/usr/lib/gcc/x86_64-linux-gnu/11/collect2] ==> ignore
    arg [-plugin] ==> ignore
    arg [/usr/lib/gcc/x86_64-linux-gnu/11/liblto_plugin.so] ==> ignore
    arg [-plugin-opt=/usr/lib/gcc/x86_64-linux-gnu/11/lto-wrapper] ==> ignore
    arg [-plugin-opt=-fresolution=/tmp/cchYgLX4.res] ==> ignore
    arg [-plugin-opt=-pass-through=-lgcc] ==> ignore
    arg [-plugin-opt=-pass-through=-lgcc_s] ==> ignore
    arg [-plugin-opt=-pass-through=-lc] ==> ignore
    arg [-plugin-opt=-pass-through=-lgcc] ==> ignore
    arg [-plugin-opt=-pass-through=-lgcc_s] ==> ignore
    arg [--build-id] ==> ignore
    arg [--eh-frame-hdr] ==> ignore
    arg [-m] ==> ignore
    arg [elf_x86_64] ==> ignore
    arg [--hash-style=gnu] ==> ignore
    arg [--as-needed] ==> ignore
    arg [-dynamic-linker] ==> ignore
    arg [/lib64/ld-linux-x86-64.so.2] ==> ignore
    arg [-pie] ==> ignore
    arg [-znow] ==> ignore
    arg [-zrelro] ==> ignore
    arg [-o] ==> ignore
    arg [cmTC_8c1f0] ==> ignore
    arg [/usr/lib/gcc/x86_64-linux-gnu/11/../../../x86_64-linux-gnu/Scrt1.o] ==> obj [/usr/lib/gcc/x86_64-linux-gnu/11/../../../x86_64-linux-gnu/Scrt1.o]
    arg [/usr/lib/gcc/x86_64-linux-gnu/11/../../../x86_64-linux-gnu/crti.o] ==> obj [/usr/lib/gcc/x86_64-linux-gnu/11/../../../x86_64-linux-gnu/crti.o]
    arg [/usr/lib/gcc/x86_64-linux-gnu/11/crtbeginS.o] ==> obj [/usr/lib/gcc/x86_64-linux-gnu/11/crtbeginS.o]
    arg [-L/usr/lib/gcc/x86_64-linux-gnu/11] ==> dir [/usr/lib/gcc/x86_64-linux-gnu/11]
    arg [-L/usr/lib/gcc/x86_64-linux-gnu/11/../../../x86_64-linux-gnu] ==> dir [/usr/lib/gcc/x86_64-linux-gnu/11/../../../x86_64-linux-gnu]
    arg [-L/usr/lib/gcc/x86_64-linux-gnu/11/../../../../lib] ==> dir [/usr/lib/gcc/x86_64-linux-gnu/11/../../../../lib]
    arg [-L/lib/x86_64-linux-gnu] ==> dir [/lib/x86_64-linux-gnu]
    arg [-L/lib/../lib] ==> dir [/lib/../lib]
    arg [-L/usr/lib/x86_64-linux-gnu] ==> dir [/usr/lib/x86_64-linux-gnu]
    arg [-L/usr/lib/../lib] ==> dir [/usr/lib/../lib]
    arg [-L/usr/lib/gcc/x86_64-linux-gnu/11/../../..] ==> dir [/usr/lib/gcc/x86_64-linux-gnu/11/../../..]
    arg [CMakeFiles/cmTC_8c1f0.dir/CMakeCCompilerABI.c.o] ==> ignore
    arg [-lgcc] ==> lib [gcc]
    arg [--push-state] ==> ignore
    arg [--as-needed] ==> ignore
    arg [-lgcc_s] ==> lib [gcc_s]
    arg [--pop-state] ==> ignore
    arg [-lc] ==> lib [c]
    arg [-lgcc] ==> lib [gcc]
    arg [--push-state] ==> ignore
    arg [--as-needed] ==> ignore
    arg [-lgcc_s] ==> lib [gcc_s]
    arg [--pop-state] ==> ignore
    arg [/usr/lib/gcc/x86_64-linux-gnu/11/crtendS.o] ==> obj [/usr/lib/gcc/x86_64-linux-gnu/11/crtendS.o]
    arg [/usr/lib/gcc/x86_64-linux-gnu/11/../../../x86_64-linux-gnu/crtn.o] ==> obj [/usr/lib/gcc/x86_64-linux-gnu/11/../../../x86_64-linux-gnu/crtn.o]
  collapse obj [/usr/lib/gcc/x86_64-linux-gnu/11/../../../x86_64-linux-gnu/Scrt1.o] ==> [/usr/lib/x86_64-linux-gnu/Scrt1.o]
  collapse obj [/usr/lib/gcc/x86_64-linux-gnu/11/../../../x86_64-linux-gnu/crti.o] ==> [/usr/lib/x86_64-linux-gnu/crti.o]
  collapse obj [/usr/lib/gcc/x86_64-linux-gnu/11/../../../x86_64-linux-gnu/crtn.o] ==> [/usr/lib/x86_64-linux-gnu/crtn.o]
  collapse library dir [/usr/lib/gcc/x86_64-linux-gnu/11] ==> [/usr/lib/gcc/x86_64-linux-gnu/11]
  collapse library dir [/usr/lib/gcc/x86_64-linux-gnu/11/../../../x86_64-linux-gnu] ==> [/usr/lib/x86_64-linux-gnu]
  collapse library dir [/usr/lib/gcc/x86_64-linux-gnu/11/../../../../lib] ==> [/usr/lib]
  collapse library dir [/lib/x86_64-linux-gnu] ==> [/lib/x86_64-linux-gnu]
  collapse library dir [/lib/../lib] ==> [/lib]
  collapse library dir [/usr/lib/x86_64-linux-gnu] ==> [/usr/lib/x86_64-linux-gnu]
  collapse library dir [/usr/lib/../lib] ==> [/usr/lib]
  collapse library dir [/usr/lib/gcc/x86_64-linux-gnu/11/../../..] ==> [/usr/lib]
  implicit libs: [gcc;gcc_s;c;gcc;gcc_s]
  implicit objs: [/usr/lib/x86_64-linux-gnu/Scrt1.o;/usr/lib/x86_64-linux-gnu/crti.o;/usr/lib/gcc/x86_64-linux-gnu/11/crtbeginS.o;/usr/lib/gcc/x86_64-linux-gnu/11/crtendS.o;/usr/lib/x86_64-linux-gnu/crtn.o]
  implicit dirs: [/usr/lib/gcc/x86_64-linux-gnu/11;/usr/lib/x86_64-linux-gnu;/usr/lib;/lib/x86_64-linux-gnu;/lib]
  implicit fwks: []


Detecting CXX compiler ABI info compiled with the following output:
Change Dir: /home/yzwu/Desktop/soc_test/vadd_host/build/x86sim/CMakeFiles/CMakeTmp

Run Build Command(s):/usr/bin/gmake -f Makefile cmTC_ac83a/fast && /usr/bin/gmake  -f CMakeFiles/cmTC_ac83a.dir/build.make CMakeFiles/cmTC_ac83a.dir/build
gmake[1]: Entering directory '/home/yzwu/Desktop/soc_test/vadd_host/build/x86sim/CMakeFiles/CMakeTmp'
Building CXX object CMakeFiles/cmTC_ac83a.dir/CMakeCXXCompilerABI.cpp.o
/usr/bin/g++   -v -o CMakeFiles/cmTC_ac83a.dir/CMakeCXXCompilerABI.cpp.o -c /tools/Xilinx/Vitis/2023.2/tps/lnx64/cmake-3.24.2/share/cmake-3.24/Modules/CMakeCXXCompilerABI.cpp
Using built-in specs.
COLLECT_GCC=/usr/bin/g++
OFFLOAD_TARGET_NAMES=nvptx-none:amdgcn-amdhsa
OFFLOAD_TARGET_DEFAULT=1
Target: x86_64-linux-gnu
Configured with: ../src/configure -v --with-pkgversion='Ubuntu 11.4.0-1ubuntu1~22.04' --with-bugurl=file:///usr/share/doc/gcc-11/README.Bugs --enable-languages=c,ada,c++,go,brig,d,fortran,objc,obj-c++,m2 --prefix=/usr --with-gcc-major-version-only --program-suffix=-11 --program-prefix=x86_64-linux-gnu- --enable-shared --enable-linker-build-id --libexecdir=/usr/lib --without-included-gettext --enable-threads=posix --libdir=/usr/lib --enable-nls --enable-bootstrap --enable-clocale=gnu --enable-libstdcxx-debug --enable-libstdcxx-time=yes --with-default-libstdcxx-abi=new --enable-gnu-unique-object --disable-vtable-verify --enable-plugin --enable-default-pie --with-system-zlib --enable-libphobos-checking=release --with-target-system-zlib=auto --enable-objc-gc=auto --enable-multiarch --disable-werror --enable-cet --with-arch-32=i686 --with-abi=m64 --with-multilib-list=m32,m64,mx32 --enable-multilib --with-tune=generic --enable-offload-targets=nvptx-none=/build/gcc-11-XeT9lY/gcc-11-11.4.0/debian/tmp-nvptx/usr,amdgcn-amdhsa=/build/gcc-11-XeT9lY/gcc-11-11.4.0/debian/tmp-gcn/usr --without-cuda-driver --enable-checking=release --build=x86_64-linux-gnu --host=x86_64-linux-gnu --target=x86_64-linux-gnu --with-build-config=bootstrap-lto-lean --enable-link-serialization=2
Thread model: posix
Supported LTO compression algorithms: zlib zstd
gcc version 11.4.0 (Ubuntu 11.4.0-1ubuntu1~22.04) 
COLLECT_GCC_OPTIONS='-v' '-o' 'CMakeFiles/cmTC_ac83a.dir/CMakeCXXCompilerABI.cpp.o' '-c' '-shared-libgcc' '-mtune=generic' '-march=x86-64' '-dumpdir' 'CMakeFiles/cmTC_ac83a.dir/'
 /usr/lib/gcc/x86_64-linux-gnu/11/cc1plus -quiet -v -imultiarch x86_64-linux-gnu -D_GNU_SOURCE /tools/Xilinx/Vitis/2023.2/tps/lnx64/cmake-3.24.2/share/cmake-3.24/Modules/CMakeCXXCompilerABI.cpp -quiet -dumpdir CMakeFiles/cmTC_ac83a.dir/ -dumpbase CMakeCXXCompilerABI.cpp.cpp -dumpbase-ext .cpp -mtune=generic -march=x86-64 -version -fasynchronous-unwind-tables -fstack-protector-strong -Wformat -Wformat-security -fstack-clash-protection -fcf-protection -o /tmp/ccQnijwQ.s
GNU C++17 (Ubuntu 11.4.0-1ubuntu1~22.04) version 11.4.0 (x86_64-linux-gnu)
	compiled by GNU C version 11.4.0, GMP version 6.2.1, MPFR version 4.1.0, MPC version 1.2.1, isl version isl-0.24-GMP

GGC heuristics: --param ggc-min-expand=100 --param ggc-min-heapsize=131072
ignoring duplicate directory "/usr/include/x86_64-linux-gnu/c++/11"
ignoring nonexistent directory "/usr/local/include/x86_64-linux-gnu"
ignoring nonexistent directory "/usr/lib/gcc/x86_64-linux-gnu/11/include-fixed"
ignoring nonexistent directory "/usr/lib/gcc/x86_64-linux-gnu/11/../../../../x86_64-linux-gnu/include"
#include "..." search starts here:
#include <...> search starts here:
 /usr/include/c++/11
 /usr/include/x86_64-linux-gnu/c++/11
 /usr/include/c++/11/backward
 /usr/lib/gcc/x86_64-linux-gnu/11/include
 /usr/local/include
 /usr/include/x86_64-linux-gnu
 /usr/include
End of search list.
GNU C++17 (Ubuntu 11.4.0-1ubuntu1~22.04) version 11.4.0 (x86_64-linux-gnu)
	compiled by GNU C version 11.4.0, GMP version 6.2.1, MPFR version 4.1.0, MPC version 1.2.1, isl version isl-0.24-GMP

GGC heuristics: --param ggc-min-expand=100 --param ggc-min-heapsize=131072
Compiler executable checksum: d591828bb4d392ae8b7b160e5bb0b95f
COLLECT_GCC_OPTIONS='-v' '-o' 'CMakeFiles/cmTC_ac83a.dir/CMakeCXXCompilerABI.cpp.o' '-c' '-shared-libgcc' '-mtune=generic' '-march=x86-64' '-dumpdir' 'CMakeFiles/cmTC_ac83a.dir/'
 as -v --64 -o CMakeFiles/cmTC_ac83a.dir/CMakeCXXCompilerABI.cpp.o /tmp/ccQnijwQ.s
GNU assembler version 2.38 (x86_64-linux-gnu) using BFD version (GNU Binutils for Ubuntu) 2.38
COMPILER_PATH=/usr/lib/gcc/x86_64-linux-gnu/11/:/usr/lib/gcc/x86_64-linux-gnu/11/:/usr/lib/gcc/x86_64-linux-gnu/:/usr/lib/gcc/x86_64-linux-gnu/11/:/usr/lib/gcc/x86_64-linux-gnu/
LIBRARY_PATH=/usr/lib/gcc/x86_64-linux-gnu/11/:/usr/lib/gcc/x86_64-linux-gnu/11/../../../x86_64-linux-gnu/:/usr/lib/gcc/x86_64-linux-gnu/11/../../../../lib/:/lib/x86_64-linux-gnu/:/lib/../lib/:/usr/lib/x86_64-linux-gnu/:/usr/lib/../lib/:/usr/lib/gcc/x86_64-linux-gnu/11/../../../:/lib/:/usr/lib/
COLLECT_GCC_OPTIONS='-v' '-o' 'CMakeFiles/cmTC_ac83a.dir/CMakeCXXCompilerABI.cpp.o' '-c' '-shared-libgcc' '-mtune=generic' '-march=x86-64' '-dumpdir' 'CMakeFiles/cmTC_ac83a.dir/CMakeCXXCompilerABI.cpp.'
Linking CXX executable cmTC_ac83a
/tools/Xilinx/Vitis/2023.2/tps/lnx64/cmake-3.24.2/bin/cmake -E cmake_link_script CMakeFiles/cmTC_ac83a.dir/link.txt --verbose=1
/usr/bin/g++  -v CMakeFiles/cmTC_ac83a.dir/CMakeCXXCompilerABI.cpp.o -o cmTC_ac83a 
Using built-in specs.
COLLECT_GCC=/usr/bin/g++
COLLECT_LTO_WRAPPER=/usr/lib/gcc/x86_64-linux-gnu/11/lto-wrapper
OFFLOAD_TARGET_NAMES=nvptx-none:amdgcn-amdhsa
OFFLOAD_TARGET_DEFAULT=1
Target: x86_64-linux-gnu
Configured with: ../src/configure -v --with-pkgversion='Ubuntu 11.4.0-1ubuntu1~22.04' --with-bugurl=file:///usr/share/doc/gcc-11/README.Bugs --enable-languages=c,ada,c++,go,brig,d,fortran,objc,obj-c++,m2 --prefix=/usr --with-gcc-major-version-only --program-suffix=-11 --program-prefix=x86_64-linux-gnu- --enable-shared --enable-linker-build-id --libexecdir=/usr/lib --without-included-gettext --enable-threads=posix --libdir=/usr/lib --enable-nls --enable-bootstrap --enable-clocale=gnu --enable-libstdcxx-debug --enable-libstdcxx-time=yes --with-default-libstdcxx-abi=new --enable-gnu-unique-object --disable-vtable-verify --enable-plugin --enable-default-pie --with-system-zlib --enable-libphobos-checking=release --with-target-system-zlib=auto --enable-objc-gc=auto --enable-multiarch --disable-werror --enable-cet --with-arch-32=i686 --with-abi=m64 --with-multilib-list=m32,m64,mx32 --enable-multilib --with-tune=generic --enable-offload-targets=nvptx-none=/build/gcc-11-XeT9lY/gcc-11-11.4.0/debian/tmp-nvptx/usr,amdgcn-amdhsa=/build/gcc-11-XeT9lY/gcc-11-11.4.0/debian/tmp-gcn/usr --without-cuda-driver --enable-checking=release --build=x86_64-linux-gnu --host=x86_64-linux-gnu --target=x86_64-linux-gnu --with-build-config=bootstrap-lto-lean --enable-link-serialization=2
Thread model: posix
Supported LTO compression algorithms: zlib zstd
gcc version 11.4.0 (Ubuntu 11.4.0-1ubuntu1~22.04) 
COMPILER_PATH=/usr/lib/gcc/x86_64-linux-gnu/11/:/usr/lib/gcc/x86_64-linux-gnu/11/:/usr/lib/gcc/x86_64-linux-gnu/:/usr/lib/gcc/x86_64-linux-gnu/11/:/usr/lib/gcc/x86_64-linux-gnu/
LIBRARY_PATH=/usr/lib/gcc/x86_64-linux-gnu/11/:/usr/lib/gcc/x86_64-linux-gnu/11/../../../x86_64-linux-gnu/:/usr/lib/gcc/x86_64-linux-gnu/11/../../../../lib/:/lib/x86_64-linux-gnu/:/lib/../lib/:/usr/lib/x86_64-linux-gnu/:/usr/lib/../lib/:/usr/lib/gcc/x86_64-linux-gnu/11/../../../:/lib/:/usr/lib/
COLLECT_GCC_OPTIONS='-v' '-o' 'cmTC_ac83a' '-shared-libgcc' '-mtune=generic' '-march=x86-64' '-dumpdir' 'cmTC_ac83a.'
 /usr/lib/gcc/x86_64-linux-gnu/11/collect2 -plugin /usr/lib/gcc/x86_64-linux-gnu/11/liblto_plugin.so -plugin-opt=/usr/lib/gcc/x86_64-linux-gnu/11/lto-wrapper -plugin-opt=-fresolution=/tmp/cc4usHuD.res -plugin-opt=-pass-through=-lgcc_s -plugin-opt=-pass-through=-lgcc -plugin-opt=-pass-through=-lc -plugin-opt=-pass-through=-lgcc_s -plugin-opt=-pass-through=-lgcc --build-id --eh-frame-hdr -m elf_x86_64 --hash-style=gnu --as-needed -dynamic-linker /lib64/ld-linux-x86-64.so.2 -pie -z now -z relro -o cmTC_ac83a /usr/lib/gcc/x86_64-linux-gnu/11/../../../x86_64-linux-gnu/Scrt1.o /usr/lib/gcc/x86_64-linux-gnu/11/../../../x86_64-linux-gnu/crti.o /usr/lib/gcc/x86_64-linux-gnu/11/crtbeginS.o -L/usr/lib/gcc/x86_64-linux-gnu/11 -L/usr/lib/gcc/x86_64-linux-gnu/11/../../../x86_64-linux-gnu -L/usr/lib/gcc/x86_64-linux-gnu/11/../../../../lib -L/lib/x86_64-linux-gnu -L/lib/../lib -L/usr/lib/x86_64-linux-gnu -L/usr/lib/../lib -L/usr/lib/gcc/x86_64-linux-gnu/11/../../.. CMakeFiles/cmTC_ac83a.dir/CMakeCXXCompilerABI.cpp.o -lstdc++ -lm -lgcc_s -lgcc -lc -lgcc_s -lgcc /usr/lib/gcc/x86_64-linux-gnu/11/crtendS.o /usr/lib/gcc/x86_64-linux-gnu/11/../../../x86_64-linux-gnu/crtn.o
COLLECT_GCC_OPTIONS='-v' '-o' 'cmTC_ac83a' '-shared-libgcc' '-mtune=generic' '-march=x86-64' '-dumpdir' 'cmTC_ac83a.'
gmake[1]: Leaving directory '/home/yzwu/Desktop/soc_test/vadd_host/build/x86sim/CMakeFiles/CMakeTmp'



Parsed CXX implicit include dir info from above output: rv=done
  found start of include info
  found start of implicit include info
    add: [/usr/include/c++/11]
    add: [/usr/include/x86_64-linux-gnu/c++/11]
    add: [/usr/include/c++/11/backward]
    add: [/usr/lib/gcc/x86_64-linux-gnu/11/include]
    add: [/usr/local/include]
    add: [/usr/include/x86_64-linux-gnu]
    add: [/usr/include]
  end of search list found
  collapse include dir [/usr/include/c++/11] ==> [/usr/include/c++/11]
  collapse include dir [/usr/include/x86_64-linux-gnu/c++/11] ==> [/usr/include/x86_64-linux-gnu/c++/11]
  collapse include dir [/usr/include/c++/11/backward] ==> [/usr/include/c++/11/backward]
  collapse include dir [/usr/lib/gcc/x86_64-linux-gnu/11/include] ==> [/usr/lib/gcc/x86_64-linux-gnu/11/include]
  collapse include dir [/usr/local/include] ==> [/usr/local/include]
  collapse include dir [/usr/include/x86_64-linux-gnu] ==> [/usr/include/x86_64-linux-gnu]
  collapse include dir [/usr/include] ==> [/usr/include]
  implicit include dirs: [/usr/include/c++/11;/usr/include/x86_64-linux-gnu/c++/11;/usr/include/c++/11/backward;/usr/lib/gcc/x86_64-linux-gnu/11/include;/usr/local/include;/usr/include/x86_64-linux-gnu;/usr/include]


Parsed CXX implicit link information from above output:
  link line regex: [^( *|.*[/\])(ld|CMAKE_LINK_STARTFILE-NOTFOUND|([^/\]+-)?ld|collect2)[^/\]*( |$)]
  ignore line: [Change Dir: /home/yzwu/Desktop/soc_test/vadd_host/build/x86sim/CMakeFiles/CMakeTmp]
  ignore line: []
  ignore line: [Run Build Command(s):/usr/bin/gmake -f Makefile cmTC_ac83a/fast && /usr/bin/gmake  -f CMakeFiles/cmTC_ac83a.dir/build.make CMakeFiles/cmTC_ac83a.dir/build]
  ignore line: [gmake[1]: Entering directory '/home/yzwu/Desktop/soc_test/vadd_host/build/x86sim/CMakeFiles/CMakeTmp']
  ignore line: [Building CXX object CMakeFiles/cmTC_ac83a.dir/CMakeCXXCompilerABI.cpp.o]
  ignore line: [/usr/bin/g++   -v -o CMakeFiles/cmTC_ac83a.dir/CMakeCXXCompilerABI.cpp.o -c /tools/Xilinx/Vitis/2023.2/tps/lnx64/cmake-3.24.2/share/cmake-3.24/Modules/CMakeCXXCompilerABI.cpp]
  ignore line: [Using built-in specs.]
  ignore line: [COLLECT_GCC=/usr/bin/g++]
  ignore line: [OFFLOAD_TARGET_NAMES=nvptx-none:amdgcn-amdhsa]
  ignore line: [OFFLOAD_TARGET_DEFAULT=1]
  ignore line: [Target: x86_64-linux-gnu]
  ignore line: [Configured with: ../src/configure -v --with-pkgversion='Ubuntu 11.4.0-1ubuntu1~22.04' --with-bugurl=file:///usr/share/doc/gcc-11/README.Bugs --enable-languages=c ada c++ go brig d fortran objc obj-c++ m2 --prefix=/usr --with-gcc-major-version-only --program-suffix=-11 --program-prefix=x86_64-linux-gnu- --enable-shared --enable-linker-build-id --libexecdir=/usr/lib --without-included-gettext --enable-threads=posix --libdir=/usr/lib --enable-nls --enable-bootstrap --enable-clocale=gnu --enable-libstdcxx-debug --enable-libstdcxx-time=yes --with-default-libstdcxx-abi=new --enable-gnu-unique-object --disable-vtable-verify --enable-plugin --enable-default-pie --with-system-zlib --enable-libphobos-checking=release --with-target-system-zlib=auto --enable-objc-gc=auto --enable-multiarch --disable-werror --enable-cet --with-arch-32=i686 --with-abi=m64 --with-multilib-list=m32 m64 mx32 --enable-multilib --with-tune=generic --enable-offload-targets=nvptx-none=/build/gcc-11-XeT9lY/gcc-11-11.4.0/debian/tmp-nvptx/usr amdgcn-amdhsa=/build/gcc-11-XeT9lY/gcc-11-11.4.0/debian/tmp-gcn/usr --without-cuda-driver --enable-checking=release --build=x86_64-linux-gnu --host=x86_64-linux-gnu --target=x86_64-linux-gnu --with-build-config=bootstrap-lto-lean --enable-link-serialization=2]
  ignore line: [Thread model: posix]
  ignore line: [Supported LTO compression algorithms: zlib zstd]
  ignore line: [gcc version 11.4.0 (Ubuntu 11.4.0-1ubuntu1~22.04) ]
  ignore line: [COLLECT_GCC_OPTIONS='-v' '-o' 'CMakeFiles/cmTC_ac83a.dir/CMakeCXXCompilerABI.cpp.o' '-c' '-shared-libgcc' '-mtune=generic' '-march=x86-64' '-dumpdir' 'CMakeFiles/cmTC_ac83a.dir/']
  ignore line: [ /usr/lib/gcc/x86_64-linux-gnu/11/cc1plus -quiet -v -imultiarch x86_64-linux-gnu -D_GNU_SOURCE /tools/Xilinx/Vitis/2023.2/tps/lnx64/cmake-3.24.2/share/cmake-3.24/Modules/CMakeCXXCompilerABI.cpp -quiet -dumpdir CMakeFiles/cmTC_ac83a.dir/ -dumpbase CMakeCXXCompilerABI.cpp.cpp -dumpbase-ext .cpp -mtune=generic -march=x86-64 -version -fasynchronous-unwind-tables -fstack-protector-strong -Wformat -Wformat-security -fstack-clash-protection -fcf-protection -o /tmp/ccQnijwQ.s]
  ignore line: [GNU C++17 (Ubuntu 11.4.0-1ubuntu1~22.04) version 11.4.0 (x86_64-linux-gnu)]
  ignore line: [	compiled by GNU C version 11.4.0  GMP version 6.2.1  MPFR version 4.1.0  MPC version 1.2.1  isl version isl-0.24-GMP]
  ignore line: []
  ignore line: [GGC heuristics: --param ggc-min-expand=100 --param ggc-min-heapsize=131072]
  ignore line: [ignoring duplicate directory "/usr/include/x86_64-linux-gnu/c++/11"]
  ignore line: [ignoring nonexistent directory "/usr/local/include/x86_64-linux-gnu"]
  ignore line: [ignoring nonexistent directory "/usr/lib/gcc/x86_64-linux-gnu/11/include-fixed"]
  ignore line: [ignoring nonexistent directory "/usr/lib/gcc/x86_64-linux-gnu/11/../../../../x86_64-linux-gnu/include"]
  ignore line: [#include "..." search starts here:]
  ignore line: [#include <...> search starts here:]
  ignore line: [ /usr/include/c++/11]
  ignore line: [ /usr/include/x86_64-linux-gnu/c++/11]
  ignore line: [ /usr/include/c++/11/backward]
  ignore line: [ /usr/lib/gcc/x86_64-linux-gnu/11/include]
  ignore line: [ /usr/local/include]
  ignore line: [ /usr/include/x86_64-linux-gnu]
  ignore line: [ /usr/include]
  ignore line: [End of search list.]
  ignore line: [GNU C++17 (Ubuntu 11.4.0-1ubuntu1~22.04) version 11.4.0 (x86_64-linux-gnu)]
  ignore line: [	compiled by GNU C version 11.4.0  GMP version 6.2.1  MPFR version 4.1.0  MPC version 1.2.1  isl version isl-0.24-GMP]
  ignore line: []
  ignore line: [GGC heuristics: --param ggc-min-expand=100 --param ggc-min-heapsize=131072]
  ignore line: [Compiler executable checksum: d591828bb4d392ae8b7b160e5bb0b95f]
  ignore line: [COLLECT_GCC_OPTIONS='-v' '-o' 'CMakeFiles/cmTC_ac83a.dir/CMakeCXXCompilerABI.cpp.o' '-c' '-shared-libgcc' '-mtune=generic' '-march=x86-64' '-dumpdir' 'CMakeFiles/cmTC_ac83a.dir/']
  ignore line: [ as -v --64 -o CMakeFiles/cmTC_ac83a.dir/CMakeCXXCompilerABI.cpp.o /tmp/ccQnijwQ.s]
  ignore line: [GNU assembler version 2.38 (x86_64-linux-gnu) using BFD version (GNU Binutils for Ubuntu) 2.38]
  ignore line: [COMPILER_PATH=/usr/lib/gcc/x86_64-linux-gnu/11/:/usr/lib/gcc/x86_64-linux-gnu/11/:/usr/lib/gcc/x86_64-linux-gnu/:/usr/lib/gcc/x86_64-linux-gnu/11/:/usr/lib/gcc/x86_64-linux-gnu/]
  ignore line: [LIBRARY_PATH=/usr/lib/gcc/x86_64-linux-gnu/11/:/usr/lib/gcc/x86_64-linux-gnu/11/../../../x86_64-linux-gnu/:/usr/lib/gcc/x86_64-linux-gnu/11/../../../../lib/:/lib/x86_64-linux-gnu/:/lib/../lib/:/usr/lib/x86_64-linux-gnu/:/usr/lib/../lib/:/usr/lib/gcc/x86_64-linux-gnu/11/../../../:/lib/:/usr/lib/]
  ignore line: [COLLECT_GCC_OPTIONS='-v' '-o' 'CMakeFiles/cmTC_ac83a.dir/CMakeCXXCompilerABI.cpp.o' '-c' '-shared-libgcc' '-mtune=generic' '-march=x86-64' '-dumpdir' 'CMakeFiles/cmTC_ac83a.dir/CMakeCXXCompilerABI.cpp.']
  ignore line: [Linking CXX executable cmTC_ac83a]
  ignore line: [/tools/Xilinx/Vitis/2023.2/tps/lnx64/cmake-3.24.2/bin/cmake -E cmake_link_script CMakeFiles/cmTC_ac83a.dir/link.txt --verbose=1]
  ignore line: [/usr/bin/g++  -v CMakeFiles/cmTC_ac83a.dir/CMakeCXXCompilerABI.cpp.o -o cmTC_ac83a ]
  ignore line: [Using built-in specs.]
  ignore line: [COLLECT_GCC=/usr/bin/g++]
  ignore line: [COLLECT_LTO_WRAPPER=/usr/lib/gcc/x86_64-linux-gnu/11/lto-wrapper]
  ignore line: [OFFLOAD_TARGET_NAMES=nvptx-none:amdgcn-amdhsa]
  ignore line: [OFFLOAD_TARGET_DEFAULT=1]
  ignore line: [Target: x86_64-linux-gnu]
  ignore line: [Configured with: ../src/configure -v --with-pkgversion='Ubuntu 11.4.0-1ubuntu1~22.04' --with-bugurl=file:///usr/share/doc/gcc-11/README.Bugs --enable-languages=c ada c++ go brig d fortran objc obj-c++ m2 --prefix=/usr --with-gcc-major-version-only --program-suffix=-11 --program-prefix=x86_64-linux-gnu- --enable-shared --enable-linker-build-id --libexecdir=/usr/lib --without-included-gettext --enable-threads=posix --libdir=/usr/lib --enable-nls --enable-bootstrap --enable-clocale=gnu --enable-libstdcxx-debug --enable-libstdcxx-time=yes --with-default-libstdcxx-abi=new --enable-gnu-unique-object --disable-vtable-verify --enable-plugin --enable-default-pie --with-system-zlib --enable-libphobos-checking=release --with-target-system-zlib=auto --enable-objc-gc=auto --enable-multiarch --disable-werror --enable-cet --with-arch-32=i686 --with-abi=m64 --with-multilib-list=m32 m64 mx32 --enable-multilib --with-tune=generic --enable-offload-targets=nvptx-none=/build/gcc-11-XeT9lY/gcc-11-11.4.0/debian/tmp-nvptx/usr amdgcn-amdhsa=/build/gcc-11-XeT9lY/gcc-11-11.4.0/debian/tmp-gcn/usr --without-cuda-driver --enable-checking=release --build=x86_64-linux-gnu --host=x86_64-linux-gnu --target=x86_64-linux-gnu --with-build-config=bootstrap-lto-lean --enable-link-serialization=2]
  ignore line: [Thread model: posix]
  ignore line: [Supported LTO compression algorithms: zlib zstd]
  ignore line: [gcc version 11.4.0 (Ubuntu 11.4.0-1ubuntu1~22.04) ]
  ignore line: [COMPILER_PATH=/usr/lib/gcc/x86_64-linux-gnu/11/:/usr/lib/gcc/x86_64-linux-gnu/11/:/usr/lib/gcc/x86_64-linux-gnu/:/usr/lib/gcc/x86_64-linux-gnu/11/:/usr/lib/gcc/x86_64-linux-gnu/]
  ignore line: [LIBRARY_PATH=/usr/lib/gcc/x86_64-linux-gnu/11/:/usr/lib/gcc/x86_64-linux-gnu/11/../../../x86_64-linux-gnu/:/usr/lib/gcc/x86_64-linux-gnu/11/../../../../lib/:/lib/x86_64-linux-gnu/:/lib/../lib/:/usr/lib/x86_64-linux-gnu/:/usr/lib/../lib/:/usr/lib/gcc/x86_64-linux-gnu/11/../../../:/lib/:/usr/lib/]
  ignore line: [COLLECT_GCC_OPTIONS='-v' '-o' 'cmTC_ac83a' '-shared-libgcc' '-mtune=generic' '-march=x86-64' '-dumpdir' 'cmTC_ac83a.']
  link line: [ /usr/lib/gcc/x86_64-linux-gnu/11/collect2 -plugin /usr/lib/gcc/x86_64-linux-gnu/11/liblto_plugin.so -plugin-opt=/usr/lib/gcc/x86_64-linux-gnu/11/lto-wrapper -plugin-opt=-fresolution=/tmp/cc4usHuD.res -plugin-opt=-pass-through=-lgcc_s -plugin-opt=-pass-through=-lgcc -plugin-opt=-pass-through=-lc -plugin-opt=-pass-through=-lgcc_s -plugin-opt=-pass-through=-lgcc --build-id --eh-frame-hdr -m elf_x86_64 --hash-style=gnu --as-needed -dynamic-linker /lib64/ld-linux-x86-64.so.2 -pie -z now -z relro -o cmTC_ac83a /usr/lib/gcc/x86_64-linux-gnu/11/../../../x86_64-linux-gnu/Scrt1.o /usr/lib/gcc/x86_64-linux-gnu/11/../../../x86_64-linux-gnu/crti.o /usr/lib/gcc/x86_64-linux-gnu/11/crtbeginS.o -L/usr/lib/gcc/x86_64-linux-gnu/11 -L/usr/lib/gcc/x86_64-linux-gnu/11/../../../x86_64-linux-gnu -L/usr/lib/gcc/x86_64-linux-gnu/11/../../../../lib -L/lib/x86_64-linux-gnu -L/lib/../lib -L/usr/lib/x86_64-linux-gnu -L/usr/lib/../lib -L/usr/lib/gcc/x86_64-linux-gnu/11/../../.. CMakeFiles/cmTC_ac83a.dir/CMakeCXXCompilerABI.cpp.o -lstdc++ -lm -lgcc_s -lgcc -lc -lgcc_s -lgcc /usr/lib/gcc/x86_64-linux-gnu/11/crtendS.o /usr/lib/gcc/x86_64-linux-gnu/11/../../../x86_64-linux-gnu/crtn.o]
    arg [/usr/lib/gcc/x86_64-linux-gnu/11/collect2] ==> ignore
    arg [-plugin] ==> ignore
    arg [/usr/lib/gcc/x86_64-linux-gnu/11/liblto_plugin.so] ==> ignore
    arg [-plugin-opt=/usr/lib/gcc/x86_64-linux-gnu/11/lto-wrapper] ==> ignore
    arg [-plugin-opt=-fresolution=/tmp/cc4usHuD.res] ==> ignore
    arg [-plugin-opt=-pass-through=-lgcc_s] ==> ignore
    arg [-plugin-opt=-pass-through=-lgcc] ==> ignore
    arg [-plugin-opt=-pass-through=-lc] ==> ignore
    arg [-plugin-opt=-pass-through=-lgcc_s] ==> ignore
    arg [-plugin-opt=-pass-through=-lgcc] ==> ignore
    arg [--build-id] ==> ignore
    arg [--eh-frame-hdr] ==> ignore
    arg [-m] ==> ignore
    arg [elf_x86_64] ==> ignore
    arg [--hash-style=gnu] ==> ignore
    arg [--as-needed] ==> ignore
    arg [-dynamic-linker] ==> ignore
    arg [/lib64/ld-linux-x86-64.so.2] ==> ignore
    arg [-pie] ==> ignore
    arg [-znow] ==> ignore
    arg [-zrelro] ==> ignore
    arg [-o] ==> ignore
    arg [cmTC_ac83a] ==> ignore
    arg [/usr/lib/gcc/x86_64-linux-gnu/11/../../../x86_64-linux-gnu/Scrt1.o] ==> obj [/usr/lib/gcc/x86_64-linux-gnu/11/../../../x86_64-linux-gnu/Scrt1.o]
    arg [/usr/lib/gcc/x86_64-linux-gnu/11/../../../x86_64-linux-gnu/crti.o] ==> obj [/usr/lib/gcc/x86_64-linux-gnu/11/../../../x86_64-linux-gnu/crti.o]
    arg [/usr/lib/gcc/x86_64-linux-gnu/11/crtbeginS.o] ==> obj [/usr/lib/gcc/x86_64-linux-gnu/11/crtbeginS.o]
    arg [-L/usr/lib/gcc/x86_64-linux-gnu/11] ==> dir [/usr/lib/gcc/x86_64-linux-gnu/11]
    arg [-L/usr/lib/gcc/x86_64-linux-gnu/11/../../../x86_64-linux-gnu] ==> dir [/usr/lib/gcc/x86_64-linux-gnu/11/../../../x86_64-linux-gnu]
    arg [-L/usr/lib/gcc/x86_64-linux-gnu/11/../../../../lib] ==> dir [/usr/lib/gcc/x86_64-linux-gnu/11/../../../../lib]
    arg [-L/lib/x86_64-linux-gnu] ==> dir [/lib/x86_64-linux-gnu]
    arg [-L/lib/../lib] ==> dir [/lib/../lib]
    arg [-L/usr/lib/x86_64-linux-gnu] ==> dir [/usr/lib/x86_64-linux-gnu]
    arg [-L/usr/lib/../lib] ==> dir [/usr/lib/../lib]
    arg [-L/usr/lib/gcc/x86_64-linux-gnu/11/../../..] ==> dir [/usr/lib/gcc/x86_64-linux-gnu/11/../../..]
    arg [CMakeFiles/cmTC_ac83a.dir/CMakeCXXCompilerABI.cpp.o] ==> ignore
    arg [-lstdc++] ==> lib [stdc++]
    arg [-lm] ==> lib [m]
    arg [-lgcc_s] ==> lib [gcc_s]
    arg [-lgcc] ==> lib [gcc]
    arg [-lc] ==> lib [c]
    arg [-lgcc_s] ==> lib [gcc_s]
    arg [-lgcc] ==> lib [gcc]
    arg [/usr/lib/gcc/x86_64-linux-gnu/11/crtendS.o] ==> obj [/usr/lib/gcc/x86_64-linux-gnu/11/crtendS.o]
    arg [/usr/lib/gcc/x86_64-linux-gnu/11/../../../x86_64-linux-gnu/crtn.o] ==> obj [/usr/lib/gcc/x86_64-linux-gnu/11/../../../x86_64-linux-gnu/crtn.o]
  collapse obj [/usr/lib/gcc/x86_64-linux-gnu/11/../../../x86_64-linux-gnu/Scrt1.o] ==> [/usr/lib/x86_64-linux-gnu/Scrt1.o]
  collapse obj [/usr/lib/gcc/x86_64-linux-gnu/11/../../../x86_64-linux-gnu/crti.o] ==> [/usr/lib/x86_64-linux-gnu/crti.o]
  collapse obj [/usr/lib/gcc/x86_64-linux-gnu/11/../../../x86_64-linux-gnu/crtn.o] ==> [/usr/lib/x86_64-linux-gnu/crtn.o]
  collapse library dir [/usr/lib/gcc/x86_64-linux-gnu/11] ==> [/usr/lib/gcc/x86_64-linux-gnu/11]
  collapse library dir [/usr/lib/gcc/x86_64-linux-gnu/11/../../../x86_64-linux-gnu] ==> [/usr/lib/x86_64-linux-gnu]
  collapse library dir [/usr/lib/gcc/x86_64-linux-gnu/11/../../../../lib] ==> [/usr/lib]
  collapse library dir [/lib/x86_64-linux-gnu] ==> [/lib/x86_64-linux-gnu]
  collapse library dir [/lib/../lib] ==> [/lib]
  collapse library dir [/usr/lib/x86_64-linux-gnu] ==> [/usr/lib/x86_64-linux-gnu]
  collapse library dir [/usr/lib/../lib] ==> [/usr/lib]
  collapse library dir [/usr/lib/gcc/x86_64-linux-gnu/11/../../..] ==> [/usr/lib]
  implicit libs: [stdc++;m;gcc_s;gcc;c;gcc_s;gcc]
  implicit objs: [/usr/lib/x86_64-linux-gnu/Scrt1.o;/usr/lib/x86_64-linux-gnu/crti.o;/usr/lib/gcc/x86_64-linux-gnu/11/crtbeginS.o;/usr/lib/gcc/x86_64-linux-gnu/11/crtendS.o;/usr/lib/x86_64-linux-gnu/crtn.o]
  implicit dirs: [/usr/lib/gcc/x86_64-linux-gnu/11;/usr/lib/x86_64-linux-gnu;/usr/lib;/lib/x86_64-linux-gnu;/lib]
  implicit fwks: []


Determining if the CL_VERSION_3_0 exist passed with the following output:
Change Dir: /home/yzwu/Desktop/soc_test/vadd_host/build/x86sim/CMakeFiles/CMakeTmp

Run Build Command(s):/usr/bin/gmake -f Makefile cmTC_7ed29/fast && /usr/bin/gmake  -f CMakeFiles/cmTC_7ed29.dir/build.make CMakeFiles/cmTC_7ed29.dir/build
gmake[1]: Entering directory '/home/yzwu/Desktop/soc_test/vadd_host/build/x86sim/CMakeFiles/CMakeTmp'
Building C object CMakeFiles/cmTC_7ed29.dir/CheckSymbolExists.c.o
/usr/bin/gcc    -o CMakeFiles/cmTC_7ed29.dir/CheckSymbolExists.c.o -c /home/yzwu/Desktop/soc_test/vadd_host/build/x86sim/CMakeFiles/CMakeTmp/CheckSymbolExists.c
In file included from /usr/include/CL/cl.h:20,
                 from /home/yzwu/Desktop/soc_test/vadd_host/build/x86sim/CMakeFiles/CMakeTmp/CheckSymbolExists.c:2:
/usr/include/CL/cl_version.h:22:9: note: ‘#pragma message: cl_version.h: CL_TARGET_OPENCL_VERSION is not defined. Defaulting to 300 (OpenCL 3.0)’
   22 | #pragma message("cl_version.h: CL_TARGET_OPENCL_VERSION is not defined. Defaulting to 300 (OpenCL 3.0)")
      |         ^~~~~~~
Linking C executable cmTC_7ed29
/tools/Xilinx/Vitis/2023.2/tps/lnx64/cmake-3.24.2/bin/cmake -E cmake_link_script CMakeFiles/cmTC_7ed29.dir/link.txt --verbose=1
/usr/bin/gcc CMakeFiles/cmTC_7ed29.dir/CheckSymbolExists.c.o -o cmTC_7ed29 
gmake[1]: Leaving directory '/home/yzwu/Desktop/soc_test/vadd_host/build/x86sim/CMakeFiles/CMakeTmp'


File /home/yzwu/Desktop/soc_test/vadd_host/build/x86sim/CMakeFiles/CMakeTmp/CheckSymbolExists.c:
/* */
#include </usr/include/CL/cl.h>

int main(int argc, char** argv)
{
  (void)argv;
#ifndef CL_VERSION_3_0
  return ((int*)(&CL_VERSION_3_0))[argc];
#else
  (void)argc;
  return 0;
#endif
}
The system is: Linux - 6.5.0-15-generic - x86_64
Compiling the C compiler identification source file "CMakeCCompilerId.c" succeeded.
Compiler: /usr/bin/gcc 
Build flags: 
Id flags:  

The output was:
0


Compilation of the C compiler identification source "CMakeCCompilerId.c" produced "a.out"

The C compiler identification is GNU, found in "/home/yzwu/Desktop/soc_test/vadd_host/build/x86sim/CMakeFiles/3.24.2/CompilerIdC/a.out"

Compiling the CXX compiler identification source file "CMakeCXXCompilerId.cpp" succeeded.
Compiler: /usr/bin/g++ 
Build flags: 
Id flags:  

The output was:
0


Compilation of the CXX compiler identification source "CMakeCXXCompilerId.cpp" produced "a.out"

The CXX compiler identification is GNU, found in "/home/yzwu/Desktop/soc_test/vadd_host/build/x86sim/CMakeFiles/3.24.2/CompilerIdCXX/a.out"

Detecting C compiler ABI info compiled with the following output:
Change Dir: /home/yzwu/Desktop/soc_test/vadd_host/build/x86sim/CMakeFiles/CMakeTmp

Run Build Command(s):/usr/bin/gmake -f Makefile cmTC_b13c2/fast && /usr/bin/gmake  -f CMakeFiles/cmTC_b13c2.dir/build.make CMakeFiles/cmTC_b13c2.dir/build
gmake[1]: Entering directory '/home/yzwu/Desktop/soc_test/vadd_host/build/x86sim/CMakeFiles/CMakeTmp'
Building C object CMakeFiles/cmTC_b13c2.dir/CMakeCCompilerABI.c.o
/usr/bin/gcc   -v -o CMakeFiles/cmTC_b13c2.dir/CMakeCCompilerABI.c.o -c /tools/Xilinx/Vitis/2023.2/tps/lnx64/cmake-3.24.2/share/cmake-3.24/Modules/CMakeCCompilerABI.c
Using built-in specs.
COLLECT_GCC=/usr/bin/gcc
OFFLOAD_TARGET_NAMES=nvptx-none:amdgcn-amdhsa
OFFLOAD_TARGET_DEFAULT=1
Target: x86_64-linux-gnu
Configured with: ../src/configure -v --with-pkgversion='Ubuntu 11.4.0-1ubuntu1~22.04' --with-bugurl=file:///usr/share/doc/gcc-11/README.Bugs --enable-languages=c,ada,c++,go,brig,d,fortran,objc,obj-c++,m2 --prefix=/usr --with-gcc-major-version-only --program-suffix=-11 --program-prefix=x86_64-linux-gnu- --enable-shared --enable-linker-build-id --libexecdir=/usr/lib --without-included-gettext --enable-threads=posix --libdir=/usr/lib --enable-nls --enable-bootstrap --enable-clocale=gnu --enable-libstdcxx-debug --enable-libstdcxx-time=yes --with-default-libstdcxx-abi=new --enable-gnu-unique-object --disable-vtable-verify --enable-plugin --enable-default-pie --with-system-zlib --enable-libphobos-checking=release --with-target-system-zlib=auto --enable-objc-gc=auto --enable-multiarch --disable-werror --enable-cet --with-arch-32=i686 --with-abi=m64 --with-multilib-list=m32,m64,mx32 --enable-multilib --with-tune=generic --enable-offload-targets=nvptx-none=/build/gcc-11-XeT9lY/gcc-11-11.4.0/debian/tmp-nvptx/usr,amdgcn-amdhsa=/build/gcc-11-XeT9lY/gcc-11-11.4.0/debian/tmp-gcn/usr --without-cuda-driver --enable-checking=release --build=x86_64-linux-gnu --host=x86_64-linux-gnu --target=x86_64-linux-gnu --with-build-config=bootstrap-lto-lean --enable-link-serialization=2
Thread model: posix
Supported LTO compression algorithms: zlib zstd
gcc version 11.4.0 (Ubuntu 11.4.0-1ubuntu1~22.04) 
COLLECT_GCC_OPTIONS='-v' '-o' 'CMakeFiles/cmTC_b13c2.dir/CMakeCCompilerABI.c.o' '-c' '-mtune=generic' '-march=x86-64' '-dumpdir' 'CMakeFiles/cmTC_b13c2.dir/'
 /usr/lib/gcc/x86_64-linux-gnu/11/cc1 -quiet -v -imultiarch x86_64-linux-gnu /tools/Xilinx/Vitis/2023.2/tps/lnx64/cmake-3.24.2/share/cmake-3.24/Modules/CMakeCCompilerABI.c -quiet -dumpdir CMakeFiles/cmTC_b13c2.dir/ -dumpbase CMakeCCompilerABI.c.c -dumpbase-ext .c -mtune=generic -march=x86-64 -version -fasynchronous-unwind-tables -fstack-protector-strong -Wformat -Wformat-security -fstack-clash-protection -fcf-protection -o /tmp/ccelqzIm.s
GNU C17 (Ubuntu 11.4.0-1ubuntu1~22.04) version 11.4.0 (x86_64-linux-gnu)
	compiled by GNU C version 11.4.0, GMP version 6.2.1, MPFR version 4.1.0, MPC version 1.2.1, isl version isl-0.24-GMP

GGC heuristics: --param ggc-min-expand=100 --param ggc-min-heapsize=131072
ignoring nonexistent directory "/usr/local/include/x86_64-linux-gnu"
ignoring nonexistent directory "/usr/lib/gcc/x86_64-linux-gnu/11/include-fixed"
ignoring nonexistent directory "/usr/lib/gcc/x86_64-linux-gnu/11/../../../../x86_64-linux-gnu/include"
#include "..." search starts here:
#include <...> search starts here:
 /usr/lib/gcc/x86_64-linux-gnu/11/include
 /usr/local/include
 /usr/include/x86_64-linux-gnu
 /usr/include
End of search list.
GNU C17 (Ubuntu 11.4.0-1ubuntu1~22.04) version 11.4.0 (x86_64-linux-gnu)
	compiled by GNU C version 11.4.0, GMP version 6.2.1, MPFR version 4.1.0, MPC version 1.2.1, isl version isl-0.24-GMP

GGC heuristics: --param ggc-min-expand=100 --param ggc-min-heapsize=131072
Compiler executable checksum: 50eaa2331df977b8016186198deb2d18
COLLECT_GCC_OPTIONS='-v' '-o' 'CMakeFiles/cmTC_b13c2.dir/CMakeCCompilerABI.c.o' '-c' '-mtune=generic' '-march=x86-64' '-dumpdir' 'CMakeFiles/cmTC_b13c2.dir/'
 as -v --64 -o CMakeFiles/cmTC_b13c2.dir/CMakeCCompilerABI.c.o /tmp/ccelqzIm.s
GNU assembler version 2.38 (x86_64-linux-gnu) using BFD version (GNU Binutils for Ubuntu) 2.38
COMPILER_PATH=/usr/lib/gcc/x86_64-linux-gnu/11/:/usr/lib/gcc/x86_64-linux-gnu/11/:/usr/lib/gcc/x86_64-linux-gnu/:/usr/lib/gcc/x86_64-linux-gnu/11/:/usr/lib/gcc/x86_64-linux-gnu/
LIBRARY_PATH=/usr/lib/gcc/x86_64-linux-gnu/11/:/usr/lib/gcc/x86_64-linux-gnu/11/../../../x86_64-linux-gnu/:/usr/lib/gcc/x86_64-linux-gnu/11/../../../../lib/:/lib/x86_64-linux-gnu/:/lib/../lib/:/usr/lib/x86_64-linux-gnu/:/usr/lib/../lib/:/usr/lib/gcc/x86_64-linux-gnu/11/../../../:/lib/:/usr/lib/
COLLECT_GCC_OPTIONS='-v' '-o' 'CMakeFiles/cmTC_b13c2.dir/CMakeCCompilerABI.c.o' '-c' '-mtune=generic' '-march=x86-64' '-dumpdir' 'CMakeFiles/cmTC_b13c2.dir/CMakeCCompilerABI.c.'
Linking C executable cmTC_b13c2
/tools/Xilinx/Vitis/2023.2/tps/lnx64/cmake-3.24.2/bin/cmake -E cmake_link_script CMakeFiles/cmTC_b13c2.dir/link.txt --verbose=1
/usr/bin/gcc  -v CMakeFiles/cmTC_b13c2.dir/CMakeCCompilerABI.c.o -o cmTC_b13c2 
Using built-in specs.
COLLECT_GCC=/usr/bin/gcc
COLLECT_LTO_WRAPPER=/usr/lib/gcc/x86_64-linux-gnu/11/lto-wrapper
OFFLOAD_TARGET_NAMES=nvptx-none:amdgcn-amdhsa
OFFLOAD_TARGET_DEFAULT=1
Target: x86_64-linux-gnu
Configured with: ../src/configure -v --with-pkgversion='Ubuntu 11.4.0-1ubuntu1~22.04' --with-bugurl=file:///usr/share/doc/gcc-11/README.Bugs --enable-languages=c,ada,c++,go,brig,d,fortran,objc,obj-c++,m2 --prefix=/usr --with-gcc-major-version-only --program-suffix=-11 --program-prefix=x86_64-linux-gnu- --enable-shared --enable-linker-build-id --libexecdir=/usr/lib --without-included-gettext --enable-threads=posix --libdir=/usr/lib --enable-nls --enable-bootstrap --enable-clocale=gnu --enable-libstdcxx-debug --enable-libstdcxx-time=yes --with-default-libstdcxx-abi=new --enable-gnu-unique-object --disable-vtable-verify --enable-plugin --enable-default-pie --with-system-zlib --enable-libphobos-checking=release --with-target-system-zlib=auto --enable-objc-gc=auto --enable-multiarch --disable-werror --enable-cet --with-arch-32=i686 --with-abi=m64 --with-multilib-list=m32,m64,mx32 --enable-multilib --with-tune=generic --enable-offload-targets=nvptx-none=/build/gcc-11-XeT9lY/gcc-11-11.4.0/debian/tmp-nvptx/usr,amdgcn-amdhsa=/build/gcc-11-XeT9lY/gcc-11-11.4.0/debian/tmp-gcn/usr --without-cuda-driver --enable-checking=release --build=x86_64-linux-gnu --host=x86_64-linux-gnu --target=x86_64-linux-gnu --with-build-config=bootstrap-lto-lean --enable-link-serialization=2
Thread model: posix
Supported LTO compression algorithms: zlib zstd
gcc version 11.4.0 (Ubuntu 11.4.0-1ubuntu1~22.04) 
COMPILER_PATH=/usr/lib/gcc/x86_64-linux-gnu/11/:/usr/lib/gcc/x86_64-linux-gnu/11/:/usr/lib/gcc/x86_64-linux-gnu/:/usr/lib/gcc/x86_64-linux-gnu/11/:/usr/lib/gcc/x86_64-linux-gnu/
LIBRARY_PATH=/usr/lib/gcc/x86_64-linux-gnu/11/:/usr/lib/gcc/x86_64-linux-gnu/11/../../../x86_64-linux-gnu/:/usr/lib/gcc/x86_64-linux-gnu/11/../../../../lib/:/lib/x86_64-linux-gnu/:/lib/../lib/:/usr/lib/x86_64-linux-gnu/:/usr/lib/../lib/:/usr/lib/gcc/x86_64-linux-gnu/11/../../../:/lib/:/usr/lib/
COLLECT_GCC_OPTIONS='-v' '-o' 'cmTC_b13c2' '-mtune=generic' '-march=x86-64' '-dumpdir' 'cmTC_b13c2.'
 /usr/lib/gcc/x86_64-linux-gnu/11/collect2 -plugin /usr/lib/gcc/x86_64-linux-gnu/11/liblto_plugin.so -plugin-opt=/usr/lib/gcc/x86_64-linux-gnu/11/lto-wrapper -plugin-opt=-fresolution=/tmp/ccZJ0ODf.res -plugin-opt=-pass-through=-lgcc -plugin-opt=-pass-through=-lgcc_s -plugin-opt=-pass-through=-lc -plugin-opt=-pass-through=-lgcc -plugin-opt=-pass-through=-lgcc_s --build-id --eh-frame-hdr -m elf_x86_64 --hash-style=gnu --as-needed -dynamic-linker /lib64/ld-linux-x86-64.so.2 -pie -z now -z relro -o cmTC_b13c2 /usr/lib/gcc/x86_64-linux-gnu/11/../../../x86_64-linux-gnu/Scrt1.o /usr/lib/gcc/x86_64-linux-gnu/11/../../../x86_64-linux-gnu/crti.o /usr/lib/gcc/x86_64-linux-gnu/11/crtbeginS.o -L/usr/lib/gcc/x86_64-linux-gnu/11 -L/usr/lib/gcc/x86_64-linux-gnu/11/../../../x86_64-linux-gnu -L/usr/lib/gcc/x86_64-linux-gnu/11/../../../../lib -L/lib/x86_64-linux-gnu -L/lib/../lib -L/usr/lib/x86_64-linux-gnu -L/usr/lib/../lib -L/usr/lib/gcc/x86_64-linux-gnu/11/../../.. CMakeFiles/cmTC_b13c2.dir/CMakeCCompilerABI.c.o -lgcc --push-state --as-needed -lgcc_s --pop-state -lc -lgcc --push-state --as-needed -lgcc_s --pop-state /usr/lib/gcc/x86_64-linux-gnu/11/crtendS.o /usr/lib/gcc/x86_64-linux-gnu/11/../../../x86_64-linux-gnu/crtn.o
COLLECT_GCC_OPTIONS='-v' '-o' 'cmTC_b13c2' '-mtune=generic' '-march=x86-64' '-dumpdir' 'cmTC_b13c2.'
gmake[1]: Leaving directory '/home/yzwu/Desktop/soc_test/vadd_host/build/x86sim/CMakeFiles/CMakeTmp'



Parsed C implicit include dir info from above output: rv=done
  found start of include info
  found start of implicit include info
    add: [/usr/lib/gcc/x86_64-linux-gnu/11/include]
    add: [/usr/local/include]
    add: [/usr/include/x86_64-linux-gnu]
    add: [/usr/include]
  end of search list found
  collapse include dir [/usr/lib/gcc/x86_64-linux-gnu/11/include] ==> [/usr/lib/gcc/x86_64-linux-gnu/11/include]
  collapse include dir [/usr/local/include] ==> [/usr/local/include]
  collapse include dir [/usr/include/x86_64-linux-gnu] ==> [/usr/include/x86_64-linux-gnu]
  collapse include dir [/usr/include] ==> [/usr/include]
  implicit include dirs: [/usr/lib/gcc/x86_64-linux-gnu/11/include;/usr/local/include;/usr/include/x86_64-linux-gnu;/usr/include]


Parsed C implicit link information from above output:
  link line regex: [^( *|.*[/\])(ld|CMAKE_LINK_STARTFILE-NOTFOUND|([^/\]+-)?ld|collect2)[^/\]*( |$)]
  ignore line: [Change Dir: /home/yzwu/Desktop/soc_test/vadd_host/build/x86sim/CMakeFiles/CMakeTmp]
  ignore line: []
  ignore line: [Run Build Command(s):/usr/bin/gmake -f Makefile cmTC_b13c2/fast && /usr/bin/gmake  -f CMakeFiles/cmTC_b13c2.dir/build.make CMakeFiles/cmTC_b13c2.dir/build]
  ignore line: [gmake[1]: Entering directory '/home/yzwu/Desktop/soc_test/vadd_host/build/x86sim/CMakeFiles/CMakeTmp']
  ignore line: [Building C object CMakeFiles/cmTC_b13c2.dir/CMakeCCompilerABI.c.o]
  ignore line: [/usr/bin/gcc   -v -o CMakeFiles/cmTC_b13c2.dir/CMakeCCompilerABI.c.o -c /tools/Xilinx/Vitis/2023.2/tps/lnx64/cmake-3.24.2/share/cmake-3.24/Modules/CMakeCCompilerABI.c]
  ignore line: [Using built-in specs.]
  ignore line: [COLLECT_GCC=/usr/bin/gcc]
  ignore line: [OFFLOAD_TARGET_NAMES=nvptx-none:amdgcn-amdhsa]
  ignore line: [OFFLOAD_TARGET_DEFAULT=1]
  ignore line: [Target: x86_64-linux-gnu]
  ignore line: [Configured with: ../src/configure -v --with-pkgversion='Ubuntu 11.4.0-1ubuntu1~22.04' --with-bugurl=file:///usr/share/doc/gcc-11/README.Bugs --enable-languages=c ada c++ go brig d fortran objc obj-c++ m2 --prefix=/usr --with-gcc-major-version-only --program-suffix=-11 --program-prefix=x86_64-linux-gnu- --enable-shared --enable-linker-build-id --libexecdir=/usr/lib --without-included-gettext --enable-threads=posix --libdir=/usr/lib --enable-nls --enable-bootstrap --enable-clocale=gnu --enable-libstdcxx-debug --enable-libstdcxx-time=yes --with-default-libstdcxx-abi=new --enable-gnu-unique-object --disable-vtable-verify --enable-plugin --enable-default-pie --with-system-zlib --enable-libphobos-checking=release --with-target-system-zlib=auto --enable-objc-gc=auto --enable-multiarch --disable-werror --enable-cet --with-arch-32=i686 --with-abi=m64 --with-multilib-list=m32 m64 mx32 --enable-multilib --with-tune=generic --enable-offload-targets=nvptx-none=/build/gcc-11-XeT9lY/gcc-11-11.4.0/debian/tmp-nvptx/usr amdgcn-amdhsa=/build/gcc-11-XeT9lY/gcc-11-11.4.0/debian/tmp-gcn/usr --without-cuda-driver --enable-checking=release --build=x86_64-linux-gnu --host=x86_64-linux-gnu --target=x86_64-linux-gnu --with-build-config=bootstrap-lto-lean --enable-link-serialization=2]
  ignore line: [Thread model: posix]
  ignore line: [Supported LTO compression algorithms: zlib zstd]
  ignore line: [gcc version 11.4.0 (Ubuntu 11.4.0-1ubuntu1~22.04) ]
  ignore line: [COLLECT_GCC_OPTIONS='-v' '-o' 'CMakeFiles/cmTC_b13c2.dir/CMakeCCompilerABI.c.o' '-c' '-mtune=generic' '-march=x86-64' '-dumpdir' 'CMakeFiles/cmTC_b13c2.dir/']
  ignore line: [ /usr/lib/gcc/x86_64-linux-gnu/11/cc1 -quiet -v -imultiarch x86_64-linux-gnu /tools/Xilinx/Vitis/2023.2/tps/lnx64/cmake-3.24.2/share/cmake-3.24/Modules/CMakeCCompilerABI.c -quiet -dumpdir CMakeFiles/cmTC_b13c2.dir/ -dumpbase CMakeCCompilerABI.c.c -dumpbase-ext .c -mtune=generic -march=x86-64 -version -fasynchronous-unwind-tables -fstack-protector-strong -Wformat -Wformat-security -fstack-clash-protection -fcf-protection -o /tmp/ccelqzIm.s]
  ignore line: [GNU C17 (Ubuntu 11.4.0-1ubuntu1~22.04) version 11.4.0 (x86_64-linux-gnu)]
  ignore line: [	compiled by GNU C version 11.4.0  GMP version 6.2.1  MPFR version 4.1.0  MPC version 1.2.1  isl version isl-0.24-GMP]
  ignore line: []
  ignore line: [GGC heuristics: --param ggc-min-expand=100 --param ggc-min-heapsize=131072]
  ignore line: [ignoring nonexistent directory "/usr/local/include/x86_64-linux-gnu"]
  ignore line: [ignoring nonexistent directory "/usr/lib/gcc/x86_64-linux-gnu/11/include-fixed"]
  ignore line: [ignoring nonexistent directory "/usr/lib/gcc/x86_64-linux-gnu/11/../../../../x86_64-linux-gnu/include"]
  ignore line: [#include "..." search starts here:]
  ignore line: [#include <...> search starts here:]
  ignore line: [ /usr/lib/gcc/x86_64-linux-gnu/11/include]
  ignore line: [ /usr/local/include]
  ignore line: [ /usr/include/x86_64-linux-gnu]
  ignore line: [ /usr/include]
  ignore line: [End of search list.]
  ignore line: [GNU C17 (Ubuntu 11.4.0-1ubuntu1~22.04) version 11.4.0 (x86_64-linux-gnu)]
  ignore line: [	compiled by GNU C version 11.4.0  GMP version 6.2.1  MPFR version 4.1.0  MPC version 1.2.1  isl version isl-0.24-GMP]
  ignore line: []
  ignore line: [GGC heuristics: --param ggc-min-expand=100 --param ggc-min-heapsize=131072]
  ignore line: [Compiler executable checksum: 50eaa2331df977b8016186198deb2d18]
  ignore line: [COLLECT_GCC_OPTIONS='-v' '-o' 'CMakeFiles/cmTC_b13c2.dir/CMakeCCompilerABI.c.o' '-c' '-mtune=generic' '-march=x86-64' '-dumpdir' 'CMakeFiles/cmTC_b13c2.dir/']
  ignore line: [ as -v --64 -o CMakeFiles/cmTC_b13c2.dir/CMakeCCompilerABI.c.o /tmp/ccelqzIm.s]
  ignore line: [GNU assembler version 2.38 (x86_64-linux-gnu) using BFD version (GNU Binutils for Ubuntu) 2.38]
  ignore line: [COMPILER_PATH=/usr/lib/gcc/x86_64-linux-gnu/11/:/usr/lib/gcc/x86_64-linux-gnu/11/:/usr/lib/gcc/x86_64-linux-gnu/:/usr/lib/gcc/x86_64-linux-gnu/11/:/usr/lib/gcc/x86_64-linux-gnu/]
  ignore line: [LIBRARY_PATH=/usr/lib/gcc/x86_64-linux-gnu/11/:/usr/lib/gcc/x86_64-linux-gnu/11/../../../x86_64-linux-gnu/:/usr/lib/gcc/x86_64-linux-gnu/11/../../../../lib/:/lib/x86_64-linux-gnu/:/lib/../lib/:/usr/lib/x86_64-linux-gnu/:/usr/lib/../lib/:/usr/lib/gcc/x86_64-linux-gnu/11/../../../:/lib/:/usr/lib/]
  ignore line: [COLLECT_GCC_OPTIONS='-v' '-o' 'CMakeFiles/cmTC_b13c2.dir/CMakeCCompilerABI.c.o' '-c' '-mtune=generic' '-march=x86-64' '-dumpdir' 'CMakeFiles/cmTC_b13c2.dir/CMakeCCompilerABI.c.']
  ignore line: [Linking C executable cmTC_b13c2]
  ignore line: [/tools/Xilinx/Vitis/2023.2/tps/lnx64/cmake-3.24.2/bin/cmake -E cmake_link_script CMakeFiles/cmTC_b13c2.dir/link.txt --verbose=1]
  ignore line: [/usr/bin/gcc  -v CMakeFiles/cmTC_b13c2.dir/CMakeCCompilerABI.c.o -o cmTC_b13c2 ]
  ignore line: [Using built-in specs.]
  ignore line: [COLLECT_GCC=/usr/bin/gcc]
  ignore line: [COLLECT_LTO_WRAPPER=/usr/lib/gcc/x86_64-linux-gnu/11/lto-wrapper]
  ignore line: [OFFLOAD_TARGET_NAMES=nvptx-none:amdgcn-amdhsa]
  ignore line: [OFFLOAD_TARGET_DEFAULT=1]
  ignore line: [Target: x86_64-linux-gnu]
  ignore line: [Configured with: ../src/configure -v --with-pkgversion='Ubuntu 11.4.0-1ubuntu1~22.04' --with-bugurl=file:///usr/share/doc/gcc-11/README.Bugs --enable-languages=c ada c++ go brig d fortran objc obj-c++ m2 --prefix=/usr --with-gcc-major-version-only --program-suffix=-11 --program-prefix=x86_64-linux-gnu- --enable-shared --enable-linker-build-id --libexecdir=/usr/lib --without-included-gettext --enable-threads=posix --libdir=/usr/lib --enable-nls --enable-bootstrap --enable-clocale=gnu --enable-libstdcxx-debug --enable-libstdcxx-time=yes --with-default-libstdcxx-abi=new --enable-gnu-unique-object --disable-vtable-verify --enable-plugin --enable-default-pie --with-system-zlib --enable-libphobos-checking=release --with-target-system-zlib=auto --enable-objc-gc=auto --enable-multiarch --disable-werror --enable-cet --with-arch-32=i686 --with-abi=m64 --with-multilib-list=m32 m64 mx32 --enable-multilib --with-tune=generic --enable-offload-targets=nvptx-none=/build/gcc-11-XeT9lY/gcc-11-11.4.0/debian/tmp-nvptx/usr amdgcn-amdhsa=/build/gcc-11-XeT9lY/gcc-11-11.4.0/debian/tmp-gcn/usr --without-cuda-driver --enable-checking=release --build=x86_64-linux-gnu --host=x86_64-linux-gnu --target=x86_64-linux-gnu --with-build-config=bootstrap-lto-lean --enable-link-serialization=2]
  ignore line: [Thread model: posix]
  ignore line: [Supported LTO compression algorithms: zlib zstd]
  ignore line: [gcc version 11.4.0 (Ubuntu 11.4.0-1ubuntu1~22.04) ]
  ignore line: [COMPILER_PATH=/usr/lib/gcc/x86_64-linux-gnu/11/:/usr/lib/gcc/x86_64-linux-gnu/11/:/usr/lib/gcc/x86_64-linux-gnu/:/usr/lib/gcc/x86_64-linux-gnu/11/:/usr/lib/gcc/x86_64-linux-gnu/]
  ignore line: [LIBRARY_PATH=/usr/lib/gcc/x86_64-linux-gnu/11/:/usr/lib/gcc/x86_64-linux-gnu/11/../../../x86_64-linux-gnu/:/usr/lib/gcc/x86_64-linux-gnu/11/../../../../lib/:/lib/x86_64-linux-gnu/:/lib/../lib/:/usr/lib/x86_64-linux-gnu/:/usr/lib/../lib/:/usr/lib/gcc/x86_64-linux-gnu/11/../../../:/lib/:/usr/lib/]
  ignore line: [COLLECT_GCC_OPTIONS='-v' '-o' 'cmTC_b13c2' '-mtune=generic' '-march=x86-64' '-dumpdir' 'cmTC_b13c2.']
  link line: [ /usr/lib/gcc/x86_64-linux-gnu/11/collect2 -plugin /usr/lib/gcc/x86_64-linux-gnu/11/liblto_plugin.so -plugin-opt=/usr/lib/gcc/x86_64-linux-gnu/11/lto-wrapper -plugin-opt=-fresolution=/tmp/ccZJ0ODf.res -plugin-opt=-pass-through=-lgcc -plugin-opt=-pass-through=-lgcc_s -plugin-opt=-pass-through=-lc -plugin-opt=-pass-through=-lgcc -plugin-opt=-pass-through=-lgcc_s --build-id --eh-frame-hdr -m elf_x86_64 --hash-style=gnu --as-needed -dynamic-linker /lib64/ld-linux-x86-64.so.2 -pie -z now -z relro -o cmTC_b13c2 /usr/lib/gcc/x86_64-linux-gnu/11/../../../x86_64-linux-gnu/Scrt1.o /usr/lib/gcc/x86_64-linux-gnu/11/../../../x86_64-linux-gnu/crti.o /usr/lib/gcc/x86_64-linux-gnu/11/crtbeginS.o -L/usr/lib/gcc/x86_64-linux-gnu/11 -L/usr/lib/gcc/x86_64-linux-gnu/11/../../../x86_64-linux-gnu -L/usr/lib/gcc/x86_64-linux-gnu/11/../../../../lib -L/lib/x86_64-linux-gnu -L/lib/../lib -L/usr/lib/x86_64-linux-gnu -L/usr/lib/../lib -L/usr/lib/gcc/x86_64-linux-gnu/11/../../.. CMakeFiles/cmTC_b13c2.dir/CMakeCCompilerABI.c.o -lgcc --push-state --as-needed -lgcc_s --pop-state -lc -lgcc --push-state --as-needed -lgcc_s --pop-state /usr/lib/gcc/x86_64-linux-gnu/11/crtendS.o /usr/lib/gcc/x86_64-linux-gnu/11/../../../x86_64-linux-gnu/crtn.o]
    arg [/usr/lib/gcc/x86_64-linux-gnu/11/collect2] ==> ignore
    arg [-plugin] ==> ignore
    arg [/usr/lib/gcc/x86_64-linux-gnu/11/liblto_plugin.so] ==> ignore
    arg [-plugin-opt=/usr/lib/gcc/x86_64-linux-gnu/11/lto-wrapper] ==> ignore
    arg [-plugin-opt=-fresolution=/tmp/ccZJ0ODf.res] ==> ignore
    arg [-plugin-opt=-pass-through=-lgcc] ==> ignore
    arg [-plugin-opt=-pass-through=-lgcc_s] ==> ignore
    arg [-plugin-opt=-pass-through=-lc] ==> ignore
    arg [-plugin-opt=-pass-through=-lgcc] ==> ignore
    arg [-plugin-opt=-pass-through=-lgcc_s] ==> ignore
    arg [--build-id] ==> ignore
    arg [--eh-frame-hdr] ==> ignore
    arg [-m] ==> ignore
    arg [elf_x86_64] ==> ignore
    arg [--hash-style=gnu] ==> ignore
    arg [--as-needed] ==> ignore
    arg [-dynamic-linker] ==> ignore
    arg [/lib64/ld-linux-x86-64.so.2] ==> ignore
    arg [-pie] ==> ignore
    arg [-znow] ==> ignore
    arg [-zrelro] ==> ignore
    arg [-o] ==> ignore
    arg [cmTC_b13c2] ==> ignore
    arg [/usr/lib/gcc/x86_64-linux-gnu/11/../../../x86_64-linux-gnu/Scrt1.o] ==> obj [/usr/lib/gcc/x86_64-linux-gnu/11/../../../x86_64-linux-gnu/Scrt1.o]
    arg [/usr/lib/gcc/x86_64-linux-gnu/11/../../../x86_64-linux-gnu/crti.o] ==> obj [/usr/lib/gcc/x86_64-linux-gnu/11/../../../x86_64-linux-gnu/crti.o]
    arg [/usr/lib/gcc/x86_64-linux-gnu/11/crtbeginS.o] ==> obj [/usr/lib/gcc/x86_64-linux-gnu/11/crtbeginS.o]
    arg [-L/usr/lib/gcc/x86_64-linux-gnu/11] ==> dir [/usr/lib/gcc/x86_64-linux-gnu/11]
    arg [-L/usr/lib/gcc/x86_64-linux-gnu/11/../../../x86_64-linux-gnu] ==> dir [/usr/lib/gcc/x86_64-linux-gnu/11/../../../x86_64-linux-gnu]
    arg [-L/usr/lib/gcc/x86_64-linux-gnu/11/../../../../lib] ==> dir [/usr/lib/gcc/x86_64-linux-gnu/11/../../../../lib]
    arg [-L/lib/x86_64-linux-gnu] ==> dir [/lib/x86_64-linux-gnu]
    arg [-L/lib/../lib] ==> dir [/lib/../lib]
    arg [-L/usr/lib/x86_64-linux-gnu] ==> dir [/usr/lib/x86_64-linux-gnu]
    arg [-L/usr/lib/../lib] ==> dir [/usr/lib/../lib]
    arg [-L/usr/lib/gcc/x86_64-linux-gnu/11/../../..] ==> dir [/usr/lib/gcc/x86_64-linux-gnu/11/../../..]
    arg [CMakeFiles/cmTC_b13c2.dir/CMakeCCompilerABI.c.o] ==> ignore
    arg [-lgcc] ==> lib [gcc]
    arg [--push-state] ==> ignore
    arg [--as-needed] ==> ignore
    arg [-lgcc_s] ==> lib [gcc_s]
    arg [--pop-state] ==> ignore
    arg [-lc] ==> lib [c]
    arg [-lgcc] ==> lib [gcc]
    arg [--push-state] ==> ignore
    arg [--as-needed] ==> ignore
    arg [-lgcc_s] ==> lib [gcc_s]
    arg [--pop-state] ==> ignore
    arg [/usr/lib/gcc/x86_64-linux-gnu/11/crtendS.o] ==> obj [/usr/lib/gcc/x86_64-linux-gnu/11/crtendS.o]
    arg [/usr/lib/gcc/x86_64-linux-gnu/11/../../../x86_64-linux-gnu/crtn.o] ==> obj [/usr/lib/gcc/x86_64-linux-gnu/11/../../../x86_64-linux-gnu/crtn.o]
  collapse obj [/usr/lib/gcc/x86_64-linux-gnu/11/../../../x86_64-linux-gnu/Scrt1.o] ==> [/usr/lib/x86_64-linux-gnu/Scrt1.o]
  collapse obj [/usr/lib/gcc/x86_64-linux-gnu/11/../../../x86_64-linux-gnu/crti.o] ==> [/usr/lib/x86_64-linux-gnu/crti.o]
  collapse obj [/usr/lib/gcc/x86_64-linux-gnu/11/../../../x86_64-linux-gnu/crtn.o] ==> [/usr/lib/x86_64-linux-gnu/crtn.o]
  collapse library dir [/usr/lib/gcc/x86_64-linux-gnu/11] ==> [/usr/lib/gcc/x86_64-linux-gnu/11]
  collapse library dir [/usr/lib/gcc/x86_64-linux-gnu/11/../../../x86_64-linux-gnu] ==> [/usr/lib/x86_64-linux-gnu]
  collapse library dir [/usr/lib/gcc/x86_64-linux-gnu/11/../../../../lib] ==> [/usr/lib]
  collapse library dir [/lib/x86_64-linux-gnu] ==> [/lib/x86_64-linux-gnu]
  collapse library dir [/lib/../lib] ==> [/lib]
  collapse library dir [/usr/lib/x86_64-linux-gnu] ==> [/usr/lib/x86_64-linux-gnu]
  collapse library dir [/usr/lib/../lib] ==> [/usr/lib]
  collapse library dir [/usr/lib/gcc/x86_64-linux-gnu/11/../../..] ==> [/usr/lib]
  implicit libs: [gcc;gcc_s;c;gcc;gcc_s]
  implicit objs: [/usr/lib/x86_64-linux-gnu/Scrt1.o;/usr/lib/x86_64-linux-gnu/crti.o;/usr/lib/gcc/x86_64-linux-gnu/11/crtbeginS.o;/usr/lib/gcc/x86_64-linux-gnu/11/crtendS.o;/usr/lib/x86_64-linux-gnu/crtn.o]
  implicit dirs: [/usr/lib/gcc/x86_64-linux-gnu/11;/usr/lib/x86_64-linux-gnu;/usr/lib;/lib/x86_64-linux-gnu;/lib]
  implicit fwks: []


Detecting CXX compiler ABI info compiled with the following output:
Change Dir: /home/yzwu/Desktop/soc_test/vadd_host/build/x86sim/CMakeFiles/CMakeTmp

Run Build Command(s):/usr/bin/gmake -f Makefile cmTC_f1a28/fast && /usr/bin/gmake  -f CMakeFiles/cmTC_f1a28.dir/build.make CMakeFiles/cmTC_f1a28.dir/build
gmake[1]: Entering directory '/home/yzwu/Desktop/soc_test/vadd_host/build/x86sim/CMakeFiles/CMakeTmp'
Building CXX object CMakeFiles/cmTC_f1a28.dir/CMakeCXXCompilerABI.cpp.o
/usr/bin/g++   -v -o CMakeFiles/cmTC_f1a28.dir/CMakeCXXCompilerABI.cpp.o -c /tools/Xilinx/Vitis/2023.2/tps/lnx64/cmake-3.24.2/share/cmake-3.24/Modules/CMakeCXXCompilerABI.cpp
Using built-in specs.
COLLECT_GCC=/usr/bin/g++
OFFLOAD_TARGET_NAMES=nvptx-none:amdgcn-amdhsa
OFFLOAD_TARGET_DEFAULT=1
Target: x86_64-linux-gnu
Configured with: ../src/configure -v --with-pkgversion='Ubuntu 11.4.0-1ubuntu1~22.04' --with-bugurl=file:///usr/share/doc/gcc-11/README.Bugs --enable-languages=c,ada,c++,go,brig,d,fortran,objc,obj-c++,m2 --prefix=/usr --with-gcc-major-version-only --program-suffix=-11 --program-prefix=x86_64-linux-gnu- --enable-shared --enable-linker-build-id --libexecdir=/usr/lib --without-included-gettext --enable-threads=posix --libdir=/usr/lib --enable-nls --enable-bootstrap --enable-clocale=gnu --enable-libstdcxx-debug --enable-libstdcxx-time=yes --with-default-libstdcxx-abi=new --enable-gnu-unique-object --disable-vtable-verify --enable-plugin --enable-default-pie --with-system-zlib --enable-libphobos-checking=release --with-target-system-zlib=auto --enable-objc-gc=auto --enable-multiarch --disable-werror --enable-cet --with-arch-32=i686 --with-abi=m64 --with-multilib-list=m32,m64,mx32 --enable-multilib --with-tune=generic --enable-offload-targets=nvptx-none=/build/gcc-11-XeT9lY/gcc-11-11.4.0/debian/tmp-nvptx/usr,amdgcn-amdhsa=/build/gcc-11-XeT9lY/gcc-11-11.4.0/debian/tmp-gcn/usr --without-cuda-driver --enable-checking=release --build=x86_64-linux-gnu --host=x86_64-linux-gnu --target=x86_64-linux-gnu --with-build-config=bootstrap-lto-lean --enable-link-serialization=2
Thread model: posix
Supported LTO compression algorithms: zlib zstd
gcc version 11.4.0 (Ubuntu 11.4.0-1ubuntu1~22.04) 
COLLECT_GCC_OPTIONS='-v' '-o' 'CMakeFiles/cmTC_f1a28.dir/CMakeCXXCompilerABI.cpp.o' '-c' '-shared-libgcc' '-mtune=generic' '-march=x86-64' '-dumpdir' 'CMakeFiles/cmTC_f1a28.dir/'
 /usr/lib/gcc/x86_64-linux-gnu/11/cc1plus -quiet -v -imultiarch x86_64-linux-gnu -D_GNU_SOURCE /tools/Xilinx/Vitis/2023.2/tps/lnx64/cmake-3.24.2/share/cmake-3.24/Modules/CMakeCXXCompilerABI.cpp -quiet -dumpdir CMakeFiles/cmTC_f1a28.dir/ -dumpbase CMakeCXXCompilerABI.cpp.cpp -dumpbase-ext .cpp -mtune=generic -march=x86-64 -version -fasynchronous-unwind-tables -fstack-protector-strong -Wformat -Wformat-security -fstack-clash-protection -fcf-protection -o /tmp/ccifTtKv.s
GNU C++17 (Ubuntu 11.4.0-1ubuntu1~22.04) version 11.4.0 (x86_64-linux-gnu)
	compiled by GNU C version 11.4.0, GMP version 6.2.1, MPFR version 4.1.0, MPC version 1.2.1, isl version isl-0.24-GMP

GGC heuristics: --param ggc-min-expand=100 --param ggc-min-heapsize=131072
ignoring duplicate directory "/usr/include/x86_64-linux-gnu/c++/11"
ignoring nonexistent directory "/usr/local/include/x86_64-linux-gnu"
ignoring nonexistent directory "/usr/lib/gcc/x86_64-linux-gnu/11/include-fixed"
ignoring nonexistent directory "/usr/lib/gcc/x86_64-linux-gnu/11/../../../../x86_64-linux-gnu/include"
#include "..." search starts here:
#include <...> search starts here:
 /usr/include/c++/11
 /usr/include/x86_64-linux-gnu/c++/11
 /usr/include/c++/11/backward
 /usr/lib/gcc/x86_64-linux-gnu/11/include
 /usr/local/include
 /usr/include/x86_64-linux-gnu
 /usr/include
End of search list.
GNU C++17 (Ubuntu 11.4.0-1ubuntu1~22.04) version 11.4.0 (x86_64-linux-gnu)
	compiled by GNU C version 11.4.0, GMP version 6.2.1, MPFR version 4.1.0, MPC version 1.2.1, isl version isl-0.24-GMP

GGC heuristics: --param ggc-min-expand=100 --param ggc-min-heapsize=131072
Compiler executable checksum: d591828bb4d392ae8b7b160e5bb0b95f
COLLECT_GCC_OPTIONS='-v' '-o' 'CMakeFiles/cmTC_f1a28.dir/CMakeCXXCompilerABI.cpp.o' '-c' '-shared-libgcc' '-mtune=generic' '-march=x86-64' '-dumpdir' 'CMakeFiles/cmTC_f1a28.dir/'
 as -v --64 -o CMakeFiles/cmTC_f1a28.dir/CMakeCXXCompilerABI.cpp.o /tmp/ccifTtKv.s
GNU assembler version 2.38 (x86_64-linux-gnu) using BFD version (GNU Binutils for Ubuntu) 2.38
COMPILER_PATH=/usr/lib/gcc/x86_64-linux-gnu/11/:/usr/lib/gcc/x86_64-linux-gnu/11/:/usr/lib/gcc/x86_64-linux-gnu/:/usr/lib/gcc/x86_64-linux-gnu/11/:/usr/lib/gcc/x86_64-linux-gnu/
LIBRARY_PATH=/usr/lib/gcc/x86_64-linux-gnu/11/:/usr/lib/gcc/x86_64-linux-gnu/11/../../../x86_64-linux-gnu/:/usr/lib/gcc/x86_64-linux-gnu/11/../../../../lib/:/lib/x86_64-linux-gnu/:/lib/../lib/:/usr/lib/x86_64-linux-gnu/:/usr/lib/../lib/:/usr/lib/gcc/x86_64-linux-gnu/11/../../../:/lib/:/usr/lib/
COLLECT_GCC_OPTIONS='-v' '-o' 'CMakeFiles/cmTC_f1a28.dir/CMakeCXXCompilerABI.cpp.o' '-c' '-shared-libgcc' '-mtune=generic' '-march=x86-64' '-dumpdir' 'CMakeFiles/cmTC_f1a28.dir/CMakeCXXCompilerABI.cpp.'
Linking CXX executable cmTC_f1a28
/tools/Xilinx/Vitis/2023.2/tps/lnx64/cmake-3.24.2/bin/cmake -E cmake_link_script CMakeFiles/cmTC_f1a28.dir/link.txt --verbose=1
/usr/bin/g++  -v CMakeFiles/cmTC_f1a28.dir/CMakeCXXCompilerABI.cpp.o -o cmTC_f1a28 
Using built-in specs.
COLLECT_GCC=/usr/bin/g++
COLLECT_LTO_WRAPPER=/usr/lib/gcc/x86_64-linux-gnu/11/lto-wrapper
OFFLOAD_TARGET_NAMES=nvptx-none:amdgcn-amdhsa
OFFLOAD_TARGET_DEFAULT=1
Target: x86_64-linux-gnu
Configured with: ../src/configure -v --with-pkgversion='Ubuntu 11.4.0-1ubuntu1~22.04' --with-bugurl=file:///usr/share/doc/gcc-11/README.Bugs --enable-languages=c,ada,c++,go,brig,d,fortran,objc,obj-c++,m2 --prefix=/usr --with-gcc-major-version-only --program-suffix=-11 --program-prefix=x86_64-linux-gnu- --enable-shared --enable-linker-build-id --libexecdir=/usr/lib --without-included-gettext --enable-threads=posix --libdir=/usr/lib --enable-nls --enable-bootstrap --enable-clocale=gnu --enable-libstdcxx-debug --enable-libstdcxx-time=yes --with-default-libstdcxx-abi=new --enable-gnu-unique-object --disable-vtable-verify --enable-plugin --enable-default-pie --with-system-zlib --enable-libphobos-checking=release --with-target-system-zlib=auto --enable-objc-gc=auto --enable-multiarch --disable-werror --enable-cet --with-arch-32=i686 --with-abi=m64 --with-multilib-list=m32,m64,mx32 --enable-multilib --with-tune=generic --enable-offload-targets=nvptx-none=/build/gcc-11-XeT9lY/gcc-11-11.4.0/debian/tmp-nvptx/usr,amdgcn-amdhsa=/build/gcc-11-XeT9lY/gcc-11-11.4.0/debian/tmp-gcn/usr --without-cuda-driver --enable-checking=release --build=x86_64-linux-gnu --host=x86_64-linux-gnu --target=x86_64-linux-gnu --with-build-config=bootstrap-lto-lean --enable-link-serialization=2
Thread model: posix
Supported LTO compression algorithms: zlib zstd
gcc version 11.4.0 (Ubuntu 11.4.0-1ubuntu1~22.04) 
COMPILER_PATH=/usr/lib/gcc/x86_64-linux-gnu/11/:/usr/lib/gcc/x86_64-linux-gnu/11/:/usr/lib/gcc/x86_64-linux-gnu/:/usr/lib/gcc/x86_64-linux-gnu/11/:/usr/lib/gcc/x86_64-linux-gnu/
LIBRARY_PATH=/usr/lib/gcc/x86_64-linux-gnu/11/:/usr/lib/gcc/x86_64-linux-gnu/11/../../../x86_64-linux-gnu/:/usr/lib/gcc/x86_64-linux-gnu/11/../../../../lib/:/lib/x86_64-linux-gnu/:/lib/../lib/:/usr/lib/x86_64-linux-gnu/:/usr/lib/../lib/:/usr/lib/gcc/x86_64-linux-gnu/11/../../../:/lib/:/usr/lib/
COLLECT_GCC_OPTIONS='-v' '-o' 'cmTC_f1a28' '-shared-libgcc' '-mtune=generic' '-march=x86-64' '-dumpdir' 'cmTC_f1a28.'
 /usr/lib/gcc/x86_64-linux-gnu/11/collect2 -plugin /usr/lib/gcc/x86_64-linux-gnu/11/liblto_plugin.so -plugin-opt=/usr/lib/gcc/x86_64-linux-gnu/11/lto-wrapper -plugin-opt=-fresolution=/tmp/ccp7QJmD.res -plugin-opt=-pass-through=-lgcc_s -plugin-opt=-pass-through=-lgcc -plugin-opt=-pass-through=-lc -plugin-opt=-pass-through=-lgcc_s -plugin-opt=-pass-through=-lgcc --build-id --eh-frame-hdr -m elf_x86_64 --hash-style=gnu --as-needed -dynamic-linker /lib64/ld-linux-x86-64.so.2 -pie -z now -z relro -o cmTC_f1a28 /usr/lib/gcc/x86_64-linux-gnu/11/../../../x86_64-linux-gnu/Scrt1.o /usr/lib/gcc/x86_64-linux-gnu/11/../../../x86_64-linux-gnu/crti.o /usr/lib/gcc/x86_64-linux-gnu/11/crtbeginS.o -L/usr/lib/gcc/x86_64-linux-gnu/11 -L/usr/lib/gcc/x86_64-linux-gnu/11/../../../x86_64-linux-gnu -L/usr/lib/gcc/x86_64-linux-gnu/11/../../../../lib -L/lib/x86_64-linux-gnu -L/lib/../lib -L/usr/lib/x86_64-linux-gnu -L/usr/lib/../lib -L/usr/lib/gcc/x86_64-linux-gnu/11/../../.. CMakeFiles/cmTC_f1a28.dir/CMakeCXXCompilerABI.cpp.o -lstdc++ -lm -lgcc_s -lgcc -lc -lgcc_s -lgcc /usr/lib/gcc/x86_64-linux-gnu/11/crtendS.o /usr/lib/gcc/x86_64-linux-gnu/11/../../../x86_64-linux-gnu/crtn.o
COLLECT_GCC_OPTIONS='-v' '-o' 'cmTC_f1a28' '-shared-libgcc' '-mtune=generic' '-march=x86-64' '-dumpdir' 'cmTC_f1a28.'
gmake[1]: Leaving directory '/home/yzwu/Desktop/soc_test/vadd_host/build/x86sim/CMakeFiles/CMakeTmp'



Parsed CXX implicit include dir info from above output: rv=done
  found start of include info
  found start of implicit include info
    add: [/usr/include/c++/11]
    add: [/usr/include/x86_64-linux-gnu/c++/11]
    add: [/usr/include/c++/11/backward]
    add: [/usr/lib/gcc/x86_64-linux-gnu/11/include]
    add: [/usr/local/include]
    add: [/usr/include/x86_64-linux-gnu]
    add: [/usr/include]
  end of search list found
  collapse include dir [/usr/include/c++/11] ==> [/usr/include/c++/11]
  collapse include dir [/usr/include/x86_64-linux-gnu/c++/11] ==> [/usr/include/x86_64-linux-gnu/c++/11]
  collapse include dir [/usr/include/c++/11/backward] ==> [/usr/include/c++/11/backward]
  collapse include dir [/usr/lib/gcc/x86_64-linux-gnu/11/include] ==> [/usr/lib/gcc/x86_64-linux-gnu/11/include]
  collapse include dir [/usr/local/include] ==> [/usr/local/include]
  collapse include dir [/usr/include/x86_64-linux-gnu] ==> [/usr/include/x86_64-linux-gnu]
  collapse include dir [/usr/include] ==> [/usr/include]
  implicit include dirs: [/usr/include/c++/11;/usr/include/x86_64-linux-gnu/c++/11;/usr/include/c++/11/backward;/usr/lib/gcc/x86_64-linux-gnu/11/include;/usr/local/include;/usr/include/x86_64-linux-gnu;/usr/include]


Parsed CXX implicit link information from above output:
  link line regex: [^( *|.*[/\])(ld|CMAKE_LINK_STARTFILE-NOTFOUND|([^/\]+-)?ld|collect2)[^/\]*( |$)]
  ignore line: [Change Dir: /home/yzwu/Desktop/soc_test/vadd_host/build/x86sim/CMakeFiles/CMakeTmp]
  ignore line: []
  ignore line: [Run Build Command(s):/usr/bin/gmake -f Makefile cmTC_f1a28/fast && /usr/bin/gmake  -f CMakeFiles/cmTC_f1a28.dir/build.make CMakeFiles/cmTC_f1a28.dir/build]
  ignore line: [gmake[1]: Entering directory '/home/yzwu/Desktop/soc_test/vadd_host/build/x86sim/CMakeFiles/CMakeTmp']
  ignore line: [Building CXX object CMakeFiles/cmTC_f1a28.dir/CMakeCXXCompilerABI.cpp.o]
  ignore line: [/usr/bin/g++   -v -o CMakeFiles/cmTC_f1a28.dir/CMakeCXXCompilerABI.cpp.o -c /tools/Xilinx/Vitis/2023.2/tps/lnx64/cmake-3.24.2/share/cmake-3.24/Modules/CMakeCXXCompilerABI.cpp]
  ignore line: [Using built-in specs.]
  ignore line: [COLLECT_GCC=/usr/bin/g++]
  ignore line: [OFFLOAD_TARGET_NAMES=nvptx-none:amdgcn-amdhsa]
  ignore line: [OFFLOAD_TARGET_DEFAULT=1]
  ignore line: [Target: x86_64-linux-gnu]
  ignore line: [Configured with: ../src/configure -v --with-pkgversion='Ubuntu 11.4.0-1ubuntu1~22.04' --with-bugurl=file:///usr/share/doc/gcc-11/README.Bugs --enable-languages=c ada c++ go brig d fortran objc obj-c++ m2 --prefix=/usr --with-gcc-major-version-only --program-suffix=-11 --program-prefix=x86_64-linux-gnu- --enable-shared --enable-linker-build-id --libexecdir=/usr/lib --without-included-gettext --enable-threads=posix --libdir=/usr/lib --enable-nls --enable-bootstrap --enable-clocale=gnu --enable-libstdcxx-debug --enable-libstdcxx-time=yes --with-default-libstdcxx-abi=new --enable-gnu-unique-object --disable-vtable-verify --enable-plugin --enable-default-pie --with-system-zlib --enable-libphobos-checking=release --with-target-system-zlib=auto --enable-objc-gc=auto --enable-multiarch --disable-werror --enable-cet --with-arch-32=i686 --with-abi=m64 --with-multilib-list=m32 m64 mx32 --enable-multilib --with-tune=generic --enable-offload-targets=nvptx-none=/build/gcc-11-XeT9lY/gcc-11-11.4.0/debian/tmp-nvptx/usr amdgcn-amdhsa=/build/gcc-11-XeT9lY/gcc-11-11.4.0/debian/tmp-gcn/usr --without-cuda-driver --enable-checking=release --build=x86_64-linux-gnu --host=x86_64-linux-gnu --target=x86_64-linux-gnu --with-build-config=bootstrap-lto-lean --enable-link-serialization=2]
  ignore line: [Thread model: posix]
  ignore line: [Supported LTO compression algorithms: zlib zstd]
  ignore line: [gcc version 11.4.0 (Ubuntu 11.4.0-1ubuntu1~22.04) ]
  ignore line: [COLLECT_GCC_OPTIONS='-v' '-o' 'CMakeFiles/cmTC_f1a28.dir/CMakeCXXCompilerABI.cpp.o' '-c' '-shared-libgcc' '-mtune=generic' '-march=x86-64' '-dumpdir' 'CMakeFiles/cmTC_f1a28.dir/']
  ignore line: [ /usr/lib/gcc/x86_64-linux-gnu/11/cc1plus -quiet -v -imultiarch x86_64-linux-gnu -D_GNU_SOURCE /tools/Xilinx/Vitis/2023.2/tps/lnx64/cmake-3.24.2/share/cmake-3.24/Modules/CMakeCXXCompilerABI.cpp -quiet -dumpdir CMakeFiles/cmTC_f1a28.dir/ -dumpbase CMakeCXXCompilerABI.cpp.cpp -dumpbase-ext .cpp -mtune=generic -march=x86-64 -version -fasynchronous-unwind-tables -fstack-protector-strong -Wformat -Wformat-security -fstack-clash-protection -fcf-protection -o /tmp/ccifTtKv.s]
  ignore line: [GNU C++17 (Ubuntu 11.4.0-1ubuntu1~22.04) version 11.4.0 (x86_64-linux-gnu)]
  ignore line: [	compiled by GNU C version 11.4.0  GMP version 6.2.1  MPFR version 4.1.0  MPC version 1.2.1  isl version isl-0.24-GMP]
  ignore line: []
  ignore line: [GGC heuristics: --param ggc-min-expand=100 --param ggc-min-heapsize=131072]
  ignore line: [ignoring duplicate directory "/usr/include/x86_64-linux-gnu/c++/11"]
  ignore line: [ignoring nonexistent directory "/usr/local/include/x86_64-linux-gnu"]
  ignore line: [ignoring nonexistent directory "/usr/lib/gcc/x86_64-linux-gnu/11/include-fixed"]
  ignore line: [ignoring nonexistent directory "/usr/lib/gcc/x86_64-linux-gnu/11/../../../../x86_64-linux-gnu/include"]
  ignore line: [#include "..." search starts here:]
  ignore line: [#include <...> search starts here:]
  ignore line: [ /usr/include/c++/11]
  ignore line: [ /usr/include/x86_64-linux-gnu/c++/11]
  ignore line: [ /usr/include/c++/11/backward]
  ignore line: [ /usr/lib/gcc/x86_64-linux-gnu/11/include]
  ignore line: [ /usr/local/include]
  ignore line: [ /usr/include/x86_64-linux-gnu]
  ignore line: [ /usr/include]
  ignore line: [End of search list.]
  ignore line: [GNU C++17 (Ubuntu 11.4.0-1ubuntu1~22.04) version 11.4.0 (x86_64-linux-gnu)]
  ignore line: [	compiled by GNU C version 11.4.0  GMP version 6.2.1  MPFR version 4.1.0  MPC version 1.2.1  isl version isl-0.24-GMP]
  ignore line: []
  ignore line: [GGC heuristics: --param ggc-min-expand=100 --param ggc-min-heapsize=131072]
  ignore line: [Compiler executable checksum: d591828bb4d392ae8b7b160e5bb0b95f]
  ignore line: [COLLECT_GCC_OPTIONS='-v' '-o' 'CMakeFiles/cmTC_f1a28.dir/CMakeCXXCompilerABI.cpp.o' '-c' '-shared-libgcc' '-mtune=generic' '-march=x86-64' '-dumpdir' 'CMakeFiles/cmTC_f1a28.dir/']
  ignore line: [ as -v --64 -o CMakeFiles/cmTC_f1a28.dir/CMakeCXXCompilerABI.cpp.o /tmp/ccifTtKv.s]
  ignore line: [GNU assembler version 2.38 (x86_64-linux-gnu) using BFD version (GNU Binutils for Ubuntu) 2.38]
  ignore line: [COMPILER_PATH=/usr/lib/gcc/x86_64-linux-gnu/11/:/usr/lib/gcc/x86_64-linux-gnu/11/:/usr/lib/gcc/x86_64-linux-gnu/:/usr/lib/gcc/x86_64-linux-gnu/11/:/usr/lib/gcc/x86_64-linux-gnu/]
  ignore line: [LIBRARY_PATH=/usr/lib/gcc/x86_64-linux-gnu/11/:/usr/lib/gcc/x86_64-linux-gnu/11/../../../x86_64-linux-gnu/:/usr/lib/gcc/x86_64-linux-gnu/11/../../../../lib/:/lib/x86_64-linux-gnu/:/lib/../lib/:/usr/lib/x86_64-linux-gnu/:/usr/lib/../lib/:/usr/lib/gcc/x86_64-linux-gnu/11/../../../:/lib/:/usr/lib/]
  ignore line: [COLLECT_GCC_OPTIONS='-v' '-o' 'CMakeFiles/cmTC_f1a28.dir/CMakeCXXCompilerABI.cpp.o' '-c' '-shared-libgcc' '-mtune=generic' '-march=x86-64' '-dumpdir' 'CMakeFiles/cmTC_f1a28.dir/CMakeCXXCompilerABI.cpp.']
  ignore line: [Linking CXX executable cmTC_f1a28]
  ignore line: [/tools/Xilinx/Vitis/2023.2/tps/lnx64/cmake-3.24.2/bin/cmake -E cmake_link_script CMakeFiles/cmTC_f1a28.dir/link.txt --verbose=1]
  ignore line: [/usr/bin/g++  -v CMakeFiles/cmTC_f1a28.dir/CMakeCXXCompilerABI.cpp.o -o cmTC_f1a28 ]
  ignore line: [Using built-in specs.]
  ignore line: [COLLECT_GCC=/usr/bin/g++]
  ignore line: [COLLECT_LTO_WRAPPER=/usr/lib/gcc/x86_64-linux-gnu/11/lto-wrapper]
  ignore line: [OFFLOAD_TARGET_NAMES=nvptx-none:amdgcn-amdhsa]
  ignore line: [OFFLOAD_TARGET_DEFAULT=1]
  ignore line: [Target: x86_64-linux-gnu]
  ignore line: [Configured with: ../src/configure -v --with-pkgversion='Ubuntu 11.4.0-1ubuntu1~22.04' --with-bugurl=file:///usr/share/doc/gcc-11/README.Bugs --enable-languages=c ada c++ go brig d fortran objc obj-c++ m2 --prefix=/usr --with-gcc-major-version-only --program-suffix=-11 --program-prefix=x86_64-linux-gnu- --enable-shared --enable-linker-build-id --libexecdir=/usr/lib --without-included-gettext --enable-threads=posix --libdir=/usr/lib --enable-nls --enable-bootstrap --enable-clocale=gnu --enable-libstdcxx-debug --enable-libstdcxx-time=yes --with-default-libstdcxx-abi=new --enable-gnu-unique-object --disable-vtable-verify --enable-plugin --enable-default-pie --with-system-zlib --enable-libphobos-checking=release --with-target-system-zlib=auto --enable-objc-gc=auto --enable-multiarch --disable-werror --enable-cet --with-arch-32=i686 --with-abi=m64 --with-multilib-list=m32 m64 mx32 --enable-multilib --with-tune=generic --enable-offload-targets=nvptx-none=/build/gcc-11-XeT9lY/gcc-11-11.4.0/debian/tmp-nvptx/usr amdgcn-amdhsa=/build/gcc-11-XeT9lY/gcc-11-11.4.0/debian/tmp-gcn/usr --without-cuda-driver --enable-checking=release --build=x86_64-linux-gnu --host=x86_64-linux-gnu --target=x86_64-linux-gnu --with-build-config=bootstrap-lto-lean --enable-link-serialization=2]
  ignore line: [Thread model: posix]
  ignore line: [Supported LTO compression algorithms: zlib zstd]
  ignore line: [gcc version 11.4.0 (Ubuntu 11.4.0-1ubuntu1~22.04) ]
  ignore line: [COMPILER_PATH=/usr/lib/gcc/x86_64-linux-gnu/11/:/usr/lib/gcc/x86_64-linux-gnu/11/:/usr/lib/gcc/x86_64-linux-gnu/:/usr/lib/gcc/x86_64-linux-gnu/11/:/usr/lib/gcc/x86_64-linux-gnu/]
  ignore line: [LIBRARY_PATH=/usr/lib/gcc/x86_64-linux-gnu/11/:/usr/lib/gcc/x86_64-linux-gnu/11/../../../x86_64-linux-gnu/:/usr/lib/gcc/x86_64-linux-gnu/11/../../../../lib/:/lib/x86_64-linux-gnu/:/lib/../lib/:/usr/lib/x86_64-linux-gnu/:/usr/lib/../lib/:/usr/lib/gcc/x86_64-linux-gnu/11/../../../:/lib/:/usr/lib/]
  ignore line: [COLLECT_GCC_OPTIONS='-v' '-o' 'cmTC_f1a28' '-shared-libgcc' '-mtune=generic' '-march=x86-64' '-dumpdir' 'cmTC_f1a28.']
  link line: [ /usr/lib/gcc/x86_64-linux-gnu/11/collect2 -plugin /usr/lib/gcc/x86_64-linux-gnu/11/liblto_plugin.so -plugin-opt=/usr/lib/gcc/x86_64-linux-gnu/11/lto-wrapper -plugin-opt=-fresolution=/tmp/ccp7QJmD.res -plugin-opt=-pass-through=-lgcc_s -plugin-opt=-pass-through=-lgcc -plugin-opt=-pass-through=-lc -plugin-opt=-pass-through=-lgcc_s -plugin-opt=-pass-through=-lgcc --build-id --eh-frame-hdr -m elf_x86_64 --hash-style=gnu --as-needed -dynamic-linker /lib64/ld-linux-x86-64.so.2 -pie -z now -z relro -o cmTC_f1a28 /usr/lib/gcc/x86_64-linux-gnu/11/../../../x86_64-linux-gnu/Scrt1.o /usr/lib/gcc/x86_64-linux-gnu/11/../../../x86_64-linux-gnu/crti.o /usr/lib/gcc/x86_64-linux-gnu/11/crtbeginS.o -L/usr/lib/gcc/x86_64-linux-gnu/11 -L/usr/lib/gcc/x86_64-linux-gnu/11/../../../x86_64-linux-gnu -L/usr/lib/gcc/x86_64-linux-gnu/11/../../../../lib -L/lib/x86_64-linux-gnu -L/lib/../lib -L/usr/lib/x86_64-linux-gnu -L/usr/lib/../lib -L/usr/lib/gcc/x86_64-linux-gnu/11/../../.. CMakeFiles/cmTC_f1a28.dir/CMakeCXXCompilerABI.cpp.o -lstdc++ -lm -lgcc_s -lgcc -lc -lgcc_s -lgcc /usr/lib/gcc/x86_64-linux-gnu/11/crtendS.o /usr/lib/gcc/x86_64-linux-gnu/11/../../../x86_64-linux-gnu/crtn.o]
    arg [/usr/lib/gcc/x86_64-linux-gnu/11/collect2] ==> ignore
    arg [-plugin] ==> ignore
    arg [/usr/lib/gcc/x86_64-linux-gnu/11/liblto_plugin.so] ==> ignore
    arg [-plugin-opt=/usr/lib/gcc/x86_64-linux-gnu/11/lto-wrapper] ==> ignore
    arg [-plugin-opt=-fresolution=/tmp/ccp7QJmD.res] ==> ignore
    arg [-plugin-opt=-pass-through=-lgcc_s] ==> ignore
    arg [-plugin-opt=-pass-through=-lgcc] ==> ignore
    arg [-plugin-opt=-pass-through=-lc] ==> ignore
    arg [-plugin-opt=-pass-through=-lgcc_s] ==> ignore
    arg [-plugin-opt=-pass-through=-lgcc] ==> ignore
    arg [--build-id] ==> ignore
    arg [--eh-frame-hdr] ==> ignore
    arg [-m] ==> ignore
    arg [elf_x86_64] ==> ignore
    arg [--hash-style=gnu] ==> ignore
    arg [--as-needed] ==> ignore
    arg [-dynamic-linker] ==> ignore
    arg [/lib64/ld-linux-x86-64.so.2] ==> ignore
    arg [-pie] ==> ignore
    arg [-znow] ==> ignore
    arg [-zrelro] ==> ignore
    arg [-o] ==> ignore
    arg [cmTC_f1a28] ==> ignore
    arg [/usr/lib/gcc/x86_64-linux-gnu/11/../../../x86_64-linux-gnu/Scrt1.o] ==> obj [/usr/lib/gcc/x86_64-linux-gnu/11/../../../x86_64-linux-gnu/Scrt1.o]
    arg [/usr/lib/gcc/x86_64-linux-gnu/11/../../../x86_64-linux-gnu/crti.o] ==> obj [/usr/lib/gcc/x86_64-linux-gnu/11/../../../x86_64-linux-gnu/crti.o]
    arg [/usr/lib/gcc/x86_64-linux-gnu/11/crtbeginS.o] ==> obj [/usr/lib/gcc/x86_64-linux-gnu/11/crtbeginS.o]
    arg [-L/usr/lib/gcc/x86_64-linux-gnu/11] ==> dir [/usr/lib/gcc/x86_64-linux-gnu/11]
    arg [-L/usr/lib/gcc/x86_64-linux-gnu/11/../../../x86_64-linux-gnu] ==> dir [/usr/lib/gcc/x86_64-linux-gnu/11/../../../x86_64-linux-gnu]
    arg [-L/usr/lib/gcc/x86_64-linux-gnu/11/../../../../lib] ==> dir [/usr/lib/gcc/x86_64-linux-gnu/11/../../../../lib]
    arg [-L/lib/x86_64-linux-gnu] ==> dir [/lib/x86_64-linux-gnu]
    arg [-L/lib/../lib] ==> dir [/lib/../lib]
    arg [-L/usr/lib/x86_64-linux-gnu] ==> dir [/usr/lib/x86_64-linux-gnu]
    arg [-L/usr/lib/../lib] ==> dir [/usr/lib/../lib]
    arg [-L/usr/lib/gcc/x86_64-linux-gnu/11/../../..] ==> dir [/usr/lib/gcc/x86_64-linux-gnu/11/../../..]
    arg [CMakeFiles/cmTC_f1a28.dir/CMakeCXXCompilerABI.cpp.o] ==> ignore
    arg [-lstdc++] ==> lib [stdc++]
    arg [-lm] ==> lib [m]
    arg [-lgcc_s] ==> lib [gcc_s]
    arg [-lgcc] ==> lib [gcc]
    arg [-lc] ==> lib [c]
    arg [-lgcc_s] ==> lib [gcc_s]
    arg [-lgcc] ==> lib [gcc]
    arg [/usr/lib/gcc/x86_64-linux-gnu/11/crtendS.o] ==> obj [/usr/lib/gcc/x86_64-linux-gnu/11/crtendS.o]
    arg [/usr/lib/gcc/x86_64-linux-gnu/11/../../../x86_64-linux-gnu/crtn.o] ==> obj [/usr/lib/gcc/x86_64-linux-gnu/11/../../../x86_64-linux-gnu/crtn.o]
  collapse obj [/usr/lib/gcc/x86_64-linux-gnu/11/../../../x86_64-linux-gnu/Scrt1.o] ==> [/usr/lib/x86_64-linux-gnu/Scrt1.o]
  collapse obj [/usr/lib/gcc/x86_64-linux-gnu/11/../../../x86_64-linux-gnu/crti.o] ==> [/usr/lib/x86_64-linux-gnu/crti.o]
  collapse obj [/usr/lib/gcc/x86_64-linux-gnu/11/../../../x86_64-linux-gnu/crtn.o] ==> [/usr/lib/x86_64-linux-gnu/crtn.o]
  collapse library dir [/usr/lib/gcc/x86_64-linux-gnu/11] ==> [/usr/lib/gcc/x86_64-linux-gnu/11]
  collapse library dir [/usr/lib/gcc/x86_64-linux-gnu/11/../../../x86_64-linux-gnu] ==> [/usr/lib/x86_64-linux-gnu]
  collapse library dir [/usr/lib/gcc/x86_64-linux-gnu/11/../../../../lib] ==> [/usr/lib]
  collapse library dir [/lib/x86_64-linux-gnu] ==> [/lib/x86_64-linux-gnu]
  collapse library dir [/lib/../lib] ==> [/lib]
  collapse library dir [/usr/lib/x86_64-linux-gnu] ==> [/usr/lib/x86_64-linux-gnu]
  collapse library dir [/usr/lib/../lib] ==> [/usr/lib]
  collapse library dir [/usr/lib/gcc/x86_64-linux-gnu/11/../../..] ==> [/usr/lib]
  implicit libs: [stdc++;m;gcc_s;gcc;c;gcc_s;gcc]
  implicit objs: [/usr/lib/x86_64-linux-gnu/Scrt1.o;/usr/lib/x86_64-linux-gnu/crti.o;/usr/lib/gcc/x86_64-linux-gnu/11/crtbeginS.o;/usr/lib/gcc/x86_64-linux-gnu/11/crtendS.o;/usr/lib/x86_64-linux-gnu/crtn.o]
  implicit dirs: [/usr/lib/gcc/x86_64-linux-gnu/11;/usr/lib/x86_64-linux-gnu;/usr/lib;/lib/x86_64-linux-gnu;/lib]
  implicit fwks: []


Determining if the CL_VERSION_3_0 exist passed with the following output:
Change Dir: /home/yzwu/Desktop/soc_test/vadd_host/build/x86sim/CMakeFiles/CMakeTmp

Run Build Command(s):/usr/bin/gmake -f Makefile cmTC_2d960/fast && /usr/bin/gmake  -f CMakeFiles/cmTC_2d960.dir/build.make CMakeFiles/cmTC_2d960.dir/build
gmake[1]: Entering directory '/home/yzwu/Desktop/soc_test/vadd_host/build/x86sim/CMakeFiles/CMakeTmp'
Building C object CMakeFiles/cmTC_2d960.dir/CheckSymbolExists.c.o
/usr/bin/gcc    -o CMakeFiles/cmTC_2d960.dir/CheckSymbolExists.c.o -c /home/yzwu/Desktop/soc_test/vadd_host/build/x86sim/CMakeFiles/CMakeTmp/CheckSymbolExists.c
In file included from /usr/include/CL/cl.h:20,
                 from /home/yzwu/Desktop/soc_test/vadd_host/build/x86sim/CMakeFiles/CMakeTmp/CheckSymbolExists.c:2:
/usr/include/CL/cl_version.h:22:9: note: ‘#pragma message: cl_version.h: CL_TARGET_OPENCL_VERSION is not defined. Defaulting to 300 (OpenCL 3.0)’
   22 | #pragma message("cl_version.h: CL_TARGET_OPENCL_VERSION is not defined. Defaulting to 300 (OpenCL 3.0)")
      |         ^~~~~~~
Linking C executable cmTC_2d960
/tools/Xilinx/Vitis/2023.2/tps/lnx64/cmake-3.24.2/bin/cmake -E cmake_link_script CMakeFiles/cmTC_2d960.dir/link.txt --verbose=1
/usr/bin/gcc CMakeFiles/cmTC_2d960.dir/CheckSymbolExists.c.o -o cmTC_2d960 
gmake[1]: Leaving directory '/home/yzwu/Desktop/soc_test/vadd_host/build/x86sim/CMakeFiles/CMakeTmp'


File /home/yzwu/Desktop/soc_test/vadd_host/build/x86sim/CMakeFiles/CMakeTmp/CheckSymbolExists.c:
/* */
#include </usr/include/CL/cl.h>

int main(int argc, char** argv)
{
  (void)argv;
#ifndef CL_VERSION_3_0
  return ((int*)(&CL_VERSION_3_0))[argc];
#else
  (void)argc;
  return 0;
#endif
}
The system is: Linux - 6.5.0-15-generic - x86_64
Compiling the C compiler identification source file "CMakeCCompilerId.c" succeeded.
Compiler: /usr/bin/gcc 
Build flags: 
Id flags:  

The output was:
0


Compilation of the C compiler identification source "CMakeCCompilerId.c" produced "a.out"

The C compiler identification is GNU, found in "/home/yzwu/Desktop/soc_test/vadd_host/build/x86sim/CMakeFiles/3.24.2/CompilerIdC/a.out"

Compiling the CXX compiler identification source file "CMakeCXXCompilerId.cpp" succeeded.
Compiler: /usr/bin/g++ 
Build flags: 
Id flags:  

The output was:
0


Compilation of the CXX compiler identification source "CMakeCXXCompilerId.cpp" produced "a.out"

The CXX compiler identification is GNU, found in "/home/yzwu/Desktop/soc_test/vadd_host/build/x86sim/CMakeFiles/3.24.2/CompilerIdCXX/a.out"

Detecting C compiler ABI info compiled with the following output:
Change Dir: /home/yzwu/Desktop/soc_test/vadd_host/build/x86sim/CMakeFiles/CMakeTmp

Run Build Command(s):/usr/bin/gmake -f Makefile cmTC_55ff2/fast && /usr/bin/gmake  -f CMakeFiles/cmTC_55ff2.dir/build.make CMakeFiles/cmTC_55ff2.dir/build
gmake[1]: Entering directory '/home/yzwu/Desktop/soc_test/vadd_host/build/x86sim/CMakeFiles/CMakeTmp'
Building C object CMakeFiles/cmTC_55ff2.dir/CMakeCCompilerABI.c.o
/usr/bin/gcc   -v -o CMakeFiles/cmTC_55ff2.dir/CMakeCCompilerABI.c.o -c /tools/Xilinx/Vitis/2023.2/tps/lnx64/cmake-3.24.2/share/cmake-3.24/Modules/CMakeCCompilerABI.c
Using built-in specs.
COLLECT_GCC=/usr/bin/gcc
OFFLOAD_TARGET_NAMES=nvptx-none:amdgcn-amdhsa
OFFLOAD_TARGET_DEFAULT=1
Target: x86_64-linux-gnu
Configured with: ../src/configure -v --with-pkgversion='Ubuntu 11.4.0-1ubuntu1~22.04' --with-bugurl=file:///usr/share/doc/gcc-11/README.Bugs --enable-languages=c,ada,c++,go,brig,d,fortran,objc,obj-c++,m2 --prefix=/usr --with-gcc-major-version-only --program-suffix=-11 --program-prefix=x86_64-linux-gnu- --enable-shared --enable-linker-build-id --libexecdir=/usr/lib --without-included-gettext --enable-threads=posix --libdir=/usr/lib --enable-nls --enable-bootstrap --enable-clocale=gnu --enable-libstdcxx-debug --enable-libstdcxx-time=yes --with-default-libstdcxx-abi=new --enable-gnu-unique-object --disable-vtable-verify --enable-plugin --enable-default-pie --with-system-zlib --enable-libphobos-checking=release --with-target-system-zlib=auto --enable-objc-gc=auto --enable-multiarch --disable-werror --enable-cet --with-arch-32=i686 --with-abi=m64 --with-multilib-list=m32,m64,mx32 --enable-multilib --with-tune=generic --enable-offload-targets=nvptx-none=/build/gcc-11-XeT9lY/gcc-11-11.4.0/debian/tmp-nvptx/usr,amdgcn-amdhsa=/build/gcc-11-XeT9lY/gcc-11-11.4.0/debian/tmp-gcn/usr --without-cuda-driver --enable-checking=release --build=x86_64-linux-gnu --host=x86_64-linux-gnu --target=x86_64-linux-gnu --with-build-config=bootstrap-lto-lean --enable-link-serialization=2
Thread model: posix
Supported LTO compression algorithms: zlib zstd
gcc version 11.4.0 (Ubuntu 11.4.0-1ubuntu1~22.04) 
COLLECT_GCC_OPTIONS='-v' '-o' 'CMakeFiles/cmTC_55ff2.dir/CMakeCCompilerABI.c.o' '-c' '-mtune=generic' '-march=x86-64' '-dumpdir' 'CMakeFiles/cmTC_55ff2.dir/'
 /usr/lib/gcc/x86_64-linux-gnu/11/cc1 -quiet -v -imultiarch x86_64-linux-gnu /tools/Xilinx/Vitis/2023.2/tps/lnx64/cmake-3.24.2/share/cmake-3.24/Modules/CMakeCCompilerABI.c -quiet -dumpdir CMakeFiles/cmTC_55ff2.dir/ -dumpbase CMakeCCompilerABI.c.c -dumpbase-ext .c -mtune=generic -march=x86-64 -version -fasynchronous-unwind-tables -fstack-protector-strong -Wformat -Wformat-security -fstack-clash-protection -fcf-protection -o /tmp/cco1JQvM.s
GNU C17 (Ubuntu 11.4.0-1ubuntu1~22.04) version 11.4.0 (x86_64-linux-gnu)
	compiled by GNU C version 11.4.0, GMP version 6.2.1, MPFR version 4.1.0, MPC version 1.2.1, isl version isl-0.24-GMP

GGC heuristics: --param ggc-min-expand=100 --param ggc-min-heapsize=131072
ignoring nonexistent directory "/usr/local/include/x86_64-linux-gnu"
ignoring nonexistent directory "/usr/lib/gcc/x86_64-linux-gnu/11/include-fixed"
ignoring nonexistent directory "/usr/lib/gcc/x86_64-linux-gnu/11/../../../../x86_64-linux-gnu/include"
#include "..." search starts here:
#include <...> search starts here:
 /usr/lib/gcc/x86_64-linux-gnu/11/include
 /usr/local/include
 /usr/include/x86_64-linux-gnu
 /usr/include
End of search list.
GNU C17 (Ubuntu 11.4.0-1ubuntu1~22.04) version 11.4.0 (x86_64-linux-gnu)
	compiled by GNU C version 11.4.0, GMP version 6.2.1, MPFR version 4.1.0, MPC version 1.2.1, isl version isl-0.24-GMP

GGC heuristics: --param ggc-min-expand=100 --param ggc-min-heapsize=131072
Compiler executable checksum: 50eaa2331df977b8016186198deb2d18
COLLECT_GCC_OPTIONS='-v' '-o' 'CMakeFiles/cmTC_55ff2.dir/CMakeCCompilerABI.c.o' '-c' '-mtune=generic' '-march=x86-64' '-dumpdir' 'CMakeFiles/cmTC_55ff2.dir/'
 as -v --64 -o CMakeFiles/cmTC_55ff2.dir/CMakeCCompilerABI.c.o /tmp/cco1JQvM.s
GNU assembler version 2.38 (x86_64-linux-gnu) using BFD version (GNU Binutils for Ubuntu) 2.38
COMPILER_PATH=/usr/lib/gcc/x86_64-linux-gnu/11/:/usr/lib/gcc/x86_64-linux-gnu/11/:/usr/lib/gcc/x86_64-linux-gnu/:/usr/lib/gcc/x86_64-linux-gnu/11/:/usr/lib/gcc/x86_64-linux-gnu/
LIBRARY_PATH=/usr/lib/gcc/x86_64-linux-gnu/11/:/usr/lib/gcc/x86_64-linux-gnu/11/../../../x86_64-linux-gnu/:/usr/lib/gcc/x86_64-linux-gnu/11/../../../../lib/:/lib/x86_64-linux-gnu/:/lib/../lib/:/usr/lib/x86_64-linux-gnu/:/usr/lib/../lib/:/usr/lib/gcc/x86_64-linux-gnu/11/../../../:/lib/:/usr/lib/
COLLECT_GCC_OPTIONS='-v' '-o' 'CMakeFiles/cmTC_55ff2.dir/CMakeCCompilerABI.c.o' '-c' '-mtune=generic' '-march=x86-64' '-dumpdir' 'CMakeFiles/cmTC_55ff2.dir/CMakeCCompilerABI.c.'
Linking C executable cmTC_55ff2
/tools/Xilinx/Vitis/2023.2/tps/lnx64/cmake-3.24.2/bin/cmake -E cmake_link_script CMakeFiles/cmTC_55ff2.dir/link.txt --verbose=1
/usr/bin/gcc  -v CMakeFiles/cmTC_55ff2.dir/CMakeCCompilerABI.c.o -o cmTC_55ff2 
Using built-in specs.
COLLECT_GCC=/usr/bin/gcc
COLLECT_LTO_WRAPPER=/usr/lib/gcc/x86_64-linux-gnu/11/lto-wrapper
OFFLOAD_TARGET_NAMES=nvptx-none:amdgcn-amdhsa
OFFLOAD_TARGET_DEFAULT=1
Target: x86_64-linux-gnu
Configured with: ../src/configure -v --with-pkgversion='Ubuntu 11.4.0-1ubuntu1~22.04' --with-bugurl=file:///usr/share/doc/gcc-11/README.Bugs --enable-languages=c,ada,c++,go,brig,d,fortran,objc,obj-c++,m2 --prefix=/usr --with-gcc-major-version-only --program-suffix=-11 --program-prefix=x86_64-linux-gnu- --enable-shared --enable-linker-build-id --libexecdir=/usr/lib --without-included-gettext --enable-threads=posix --libdir=/usr/lib --enable-nls --enable-bootstrap --enable-clocale=gnu --enable-libstdcxx-debug --enable-libstdcxx-time=yes --with-default-libstdcxx-abi=new --enable-gnu-unique-object --disable-vtable-verify --enable-plugin --enable-default-pie --with-system-zlib --enable-libphobos-checking=release --with-target-system-zlib=auto --enable-objc-gc=auto --enable-multiarch --disable-werror --enable-cet --with-arch-32=i686 --with-abi=m64 --with-multilib-list=m32,m64,mx32 --enable-multilib --with-tune=generic --enable-offload-targets=nvptx-none=/build/gcc-11-XeT9lY/gcc-11-11.4.0/debian/tmp-nvptx/usr,amdgcn-amdhsa=/build/gcc-11-XeT9lY/gcc-11-11.4.0/debian/tmp-gcn/usr --without-cuda-driver --enable-checking=release --build=x86_64-linux-gnu --host=x86_64-linux-gnu --target=x86_64-linux-gnu --with-build-config=bootstrap-lto-lean --enable-link-serialization=2
Thread model: posix
Supported LTO compression algorithms: zlib zstd
gcc version 11.4.0 (Ubuntu 11.4.0-1ubuntu1~22.04) 
COMPILER_PATH=/usr/lib/gcc/x86_64-linux-gnu/11/:/usr/lib/gcc/x86_64-linux-gnu/11/:/usr/lib/gcc/x86_64-linux-gnu/:/usr/lib/gcc/x86_64-linux-gnu/11/:/usr/lib/gcc/x86_64-linux-gnu/
LIBRARY_PATH=/usr/lib/gcc/x86_64-linux-gnu/11/:/usr/lib/gcc/x86_64-linux-gnu/11/../../../x86_64-linux-gnu/:/usr/lib/gcc/x86_64-linux-gnu/11/../../../../lib/:/lib/x86_64-linux-gnu/:/lib/../lib/:/usr/lib/x86_64-linux-gnu/:/usr/lib/../lib/:/usr/lib/gcc/x86_64-linux-gnu/11/../../../:/lib/:/usr/lib/
COLLECT_GCC_OPTIONS='-v' '-o' 'cmTC_55ff2' '-mtune=generic' '-march=x86-64' '-dumpdir' 'cmTC_55ff2.'
 /usr/lib/gcc/x86_64-linux-gnu/11/collect2 -plugin /usr/lib/gcc/x86_64-linux-gnu/11/liblto_plugin.so -plugin-opt=/usr/lib/gcc/x86_64-linux-gnu/11/lto-wrapper -plugin-opt=-fresolution=/tmp/ccsqaMgu.res -plugin-opt=-pass-through=-lgcc -plugin-opt=-pass-through=-lgcc_s -plugin-opt=-pass-through=-lc -plugin-opt=-pass-through=-lgcc -plugin-opt=-pass-through=-lgcc_s --build-id --eh-frame-hdr -m elf_x86_64 --hash-style=gnu --as-needed -dynamic-linker /lib64/ld-linux-x86-64.so.2 -pie -z now -z relro -o cmTC_55ff2 /usr/lib/gcc/x86_64-linux-gnu/11/../../../x86_64-linux-gnu/Scrt1.o /usr/lib/gcc/x86_64-linux-gnu/11/../../../x86_64-linux-gnu/crti.o /usr/lib/gcc/x86_64-linux-gnu/11/crtbeginS.o -L/usr/lib/gcc/x86_64-linux-gnu/11 -L/usr/lib/gcc/x86_64-linux-gnu/11/../../../x86_64-linux-gnu -L/usr/lib/gcc/x86_64-linux-gnu/11/../../../../lib -L/lib/x86_64-linux-gnu -L/lib/../lib -L/usr/lib/x86_64-linux-gnu -L/usr/lib/../lib -L/usr/lib/gcc/x86_64-linux-gnu/11/../../.. CMakeFiles/cmTC_55ff2.dir/CMakeCCompilerABI.c.o -lgcc --push-state --as-needed -lgcc_s --pop-state -lc -lgcc --push-state --as-needed -lgcc_s --pop-state /usr/lib/gcc/x86_64-linux-gnu/11/crtendS.o /usr/lib/gcc/x86_64-linux-gnu/11/../../../x86_64-linux-gnu/crtn.o
COLLECT_GCC_OPTIONS='-v' '-o' 'cmTC_55ff2' '-mtune=generic' '-march=x86-64' '-dumpdir' 'cmTC_55ff2.'
gmake[1]: Leaving directory '/home/yzwu/Desktop/soc_test/vadd_host/build/x86sim/CMakeFiles/CMakeTmp'



Parsed C implicit include dir info from above output: rv=done
  found start of include info
  found start of implicit include info
    add: [/usr/lib/gcc/x86_64-linux-gnu/11/include]
    add: [/usr/local/include]
    add: [/usr/include/x86_64-linux-gnu]
    add: [/usr/include]
  end of search list found
  collapse include dir [/usr/lib/gcc/x86_64-linux-gnu/11/include] ==> [/usr/lib/gcc/x86_64-linux-gnu/11/include]
  collapse include dir [/usr/local/include] ==> [/usr/local/include]
  collapse include dir [/usr/include/x86_64-linux-gnu] ==> [/usr/include/x86_64-linux-gnu]
  collapse include dir [/usr/include] ==> [/usr/include]
  implicit include dirs: [/usr/lib/gcc/x86_64-linux-gnu/11/include;/usr/local/include;/usr/include/x86_64-linux-gnu;/usr/include]


Parsed C implicit link information from above output:
  link line regex: [^( *|.*[/\])(ld|CMAKE_LINK_STARTFILE-NOTFOUND|([^/\]+-)?ld|collect2)[^/\]*( |$)]
  ignore line: [Change Dir: /home/yzwu/Desktop/soc_test/vadd_host/build/x86sim/CMakeFiles/CMakeTmp]
  ignore line: []
  ignore line: [Run Build Command(s):/usr/bin/gmake -f Makefile cmTC_55ff2/fast && /usr/bin/gmake  -f CMakeFiles/cmTC_55ff2.dir/build.make CMakeFiles/cmTC_55ff2.dir/build]
  ignore line: [gmake[1]: Entering directory '/home/yzwu/Desktop/soc_test/vadd_host/build/x86sim/CMakeFiles/CMakeTmp']
  ignore line: [Building C object CMakeFiles/cmTC_55ff2.dir/CMakeCCompilerABI.c.o]
  ignore line: [/usr/bin/gcc   -v -o CMakeFiles/cmTC_55ff2.dir/CMakeCCompilerABI.c.o -c /tools/Xilinx/Vitis/2023.2/tps/lnx64/cmake-3.24.2/share/cmake-3.24/Modules/CMakeCCompilerABI.c]
  ignore line: [Using built-in specs.]
  ignore line: [COLLECT_GCC=/usr/bin/gcc]
  ignore line: [OFFLOAD_TARGET_NAMES=nvptx-none:amdgcn-amdhsa]
  ignore line: [OFFLOAD_TARGET_DEFAULT=1]
  ignore line: [Target: x86_64-linux-gnu]
  ignore line: [Configured with: ../src/configure -v --with-pkgversion='Ubuntu 11.4.0-1ubuntu1~22.04' --with-bugurl=file:///usr/share/doc/gcc-11/README.Bugs --enable-languages=c ada c++ go brig d fortran objc obj-c++ m2 --prefix=/usr --with-gcc-major-version-only --program-suffix=-11 --program-prefix=x86_64-linux-gnu- --enable-shared --enable-linker-build-id --libexecdir=/usr/lib --without-included-gettext --enable-threads=posix --libdir=/usr/lib --enable-nls --enable-bootstrap --enable-clocale=gnu --enable-libstdcxx-debug --enable-libstdcxx-time=yes --with-default-libstdcxx-abi=new --enable-gnu-unique-object --disable-vtable-verify --enable-plugin --enable-default-pie --with-system-zlib --enable-libphobos-checking=release --with-target-system-zlib=auto --enable-objc-gc=auto --enable-multiarch --disable-werror --enable-cet --with-arch-32=i686 --with-abi=m64 --with-multilib-list=m32 m64 mx32 --enable-multilib --with-tune=generic --enable-offload-targets=nvptx-none=/build/gcc-11-XeT9lY/gcc-11-11.4.0/debian/tmp-nvptx/usr amdgcn-amdhsa=/build/gcc-11-XeT9lY/gcc-11-11.4.0/debian/tmp-gcn/usr --without-cuda-driver --enable-checking=release --build=x86_64-linux-gnu --host=x86_64-linux-gnu --target=x86_64-linux-gnu --with-build-config=bootstrap-lto-lean --enable-link-serialization=2]
  ignore line: [Thread model: posix]
  ignore line: [Supported LTO compression algorithms: zlib zstd]
  ignore line: [gcc version 11.4.0 (Ubuntu 11.4.0-1ubuntu1~22.04) ]
  ignore line: [COLLECT_GCC_OPTIONS='-v' '-o' 'CMakeFiles/cmTC_55ff2.dir/CMakeCCompilerABI.c.o' '-c' '-mtune=generic' '-march=x86-64' '-dumpdir' 'CMakeFiles/cmTC_55ff2.dir/']
  ignore line: [ /usr/lib/gcc/x86_64-linux-gnu/11/cc1 -quiet -v -imultiarch x86_64-linux-gnu /tools/Xilinx/Vitis/2023.2/tps/lnx64/cmake-3.24.2/share/cmake-3.24/Modules/CMakeCCompilerABI.c -quiet -dumpdir CMakeFiles/cmTC_55ff2.dir/ -dumpbase CMakeCCompilerABI.c.c -dumpbase-ext .c -mtune=generic -march=x86-64 -version -fasynchronous-unwind-tables -fstack-protector-strong -Wformat -Wformat-security -fstack-clash-protection -fcf-protection -o /tmp/cco1JQvM.s]
  ignore line: [GNU C17 (Ubuntu 11.4.0-1ubuntu1~22.04) version 11.4.0 (x86_64-linux-gnu)]
  ignore line: [	compiled by GNU C version 11.4.0  GMP version 6.2.1  MPFR version 4.1.0  MPC version 1.2.1  isl version isl-0.24-GMP]
  ignore line: []
  ignore line: [GGC heuristics: --param ggc-min-expand=100 --param ggc-min-heapsize=131072]
  ignore line: [ignoring nonexistent directory "/usr/local/include/x86_64-linux-gnu"]
  ignore line: [ignoring nonexistent directory "/usr/lib/gcc/x86_64-linux-gnu/11/include-fixed"]
  ignore line: [ignoring nonexistent directory "/usr/lib/gcc/x86_64-linux-gnu/11/../../../../x86_64-linux-gnu/include"]
  ignore line: [#include "..." search starts here:]
  ignore line: [#include <...> search starts here:]
  ignore line: [ /usr/lib/gcc/x86_64-linux-gnu/11/include]
  ignore line: [ /usr/local/include]
  ignore line: [ /usr/include/x86_64-linux-gnu]
  ignore line: [ /usr/include]
  ignore line: [End of search list.]
  ignore line: [GNU C17 (Ubuntu 11.4.0-1ubuntu1~22.04) version 11.4.0 (x86_64-linux-gnu)]
  ignore line: [	compiled by GNU C version 11.4.0  GMP version 6.2.1  MPFR version 4.1.0  MPC version 1.2.1  isl version isl-0.24-GMP]
  ignore line: []
  ignore line: [GGC heuristics: --param ggc-min-expand=100 --param ggc-min-heapsize=131072]
  ignore line: [Compiler executable checksum: 50eaa2331df977b8016186198deb2d18]
  ignore line: [COLLECT_GCC_OPTIONS='-v' '-o' 'CMakeFiles/cmTC_55ff2.dir/CMakeCCompilerABI.c.o' '-c' '-mtune=generic' '-march=x86-64' '-dumpdir' 'CMakeFiles/cmTC_55ff2.dir/']
  ignore line: [ as -v --64 -o CMakeFiles/cmTC_55ff2.dir/CMakeCCompilerABI.c.o /tmp/cco1JQvM.s]
  ignore line: [GNU assembler version 2.38 (x86_64-linux-gnu) using BFD version (GNU Binutils for Ubuntu) 2.38]
  ignore line: [COMPILER_PATH=/usr/lib/gcc/x86_64-linux-gnu/11/:/usr/lib/gcc/x86_64-linux-gnu/11/:/usr/lib/gcc/x86_64-linux-gnu/:/usr/lib/gcc/x86_64-linux-gnu/11/:/usr/lib/gcc/x86_64-linux-gnu/]
  ignore line: [LIBRARY_PATH=/usr/lib/gcc/x86_64-linux-gnu/11/:/usr/lib/gcc/x86_64-linux-gnu/11/../../../x86_64-linux-gnu/:/usr/lib/gcc/x86_64-linux-gnu/11/../../../../lib/:/lib/x86_64-linux-gnu/:/lib/../lib/:/usr/lib/x86_64-linux-gnu/:/usr/lib/../lib/:/usr/lib/gcc/x86_64-linux-gnu/11/../../../:/lib/:/usr/lib/]
  ignore line: [COLLECT_GCC_OPTIONS='-v' '-o' 'CMakeFiles/cmTC_55ff2.dir/CMakeCCompilerABI.c.o' '-c' '-mtune=generic' '-march=x86-64' '-dumpdir' 'CMakeFiles/cmTC_55ff2.dir/CMakeCCompilerABI.c.']
  ignore line: [Linking C executable cmTC_55ff2]
  ignore line: [/tools/Xilinx/Vitis/2023.2/tps/lnx64/cmake-3.24.2/bin/cmake -E cmake_link_script CMakeFiles/cmTC_55ff2.dir/link.txt --verbose=1]
  ignore line: [/usr/bin/gcc  -v CMakeFiles/cmTC_55ff2.dir/CMakeCCompilerABI.c.o -o cmTC_55ff2 ]
  ignore line: [Using built-in specs.]
  ignore line: [COLLECT_GCC=/usr/bin/gcc]
  ignore line: [COLLECT_LTO_WRAPPER=/usr/lib/gcc/x86_64-linux-gnu/11/lto-wrapper]
  ignore line: [OFFLOAD_TARGET_NAMES=nvptx-none:amdgcn-amdhsa]
  ignore line: [OFFLOAD_TARGET_DEFAULT=1]
  ignore line: [Target: x86_64-linux-gnu]
  ignore line: [Configured with: ../src/configure -v --with-pkgversion='Ubuntu 11.4.0-1ubuntu1~22.04' --with-bugurl=file:///usr/share/doc/gcc-11/README.Bugs --enable-languages=c ada c++ go brig d fortran objc obj-c++ m2 --prefix=/usr --with-gcc-major-version-only --program-suffix=-11 --program-prefix=x86_64-linux-gnu- --enable-shared --enable-linker-build-id --libexecdir=/usr/lib --without-included-gettext --enable-threads=posix --libdir=/usr/lib --enable-nls --enable-bootstrap --enable-clocale=gnu --enable-libstdcxx-debug --enable-libstdcxx-time=yes --with-default-libstdcxx-abi=new --enable-gnu-unique-object --disable-vtable-verify --enable-plugin --enable-default-pie --with-system-zlib --enable-libphobos-checking=release --with-target-system-zlib=auto --enable-objc-gc=auto --enable-multiarch --disable-werror --enable-cet --with-arch-32=i686 --with-abi=m64 --with-multilib-list=m32 m64 mx32 --enable-multilib --with-tune=generic --enable-offload-targets=nvptx-none=/build/gcc-11-XeT9lY/gcc-11-11.4.0/debian/tmp-nvptx/usr amdgcn-amdhsa=/build/gcc-11-XeT9lY/gcc-11-11.4.0/debian/tmp-gcn/usr --without-cuda-driver --enable-checking=release --build=x86_64-linux-gnu --host=x86_64-linux-gnu --target=x86_64-linux-gnu --with-build-config=bootstrap-lto-lean --enable-link-serialization=2]
  ignore line: [Thread model: posix]
  ignore line: [Supported LTO compression algorithms: zlib zstd]
  ignore line: [gcc version 11.4.0 (Ubuntu 11.4.0-1ubuntu1~22.04) ]
  ignore line: [COMPILER_PATH=/usr/lib/gcc/x86_64-linux-gnu/11/:/usr/lib/gcc/x86_64-linux-gnu/11/:/usr/lib/gcc/x86_64-linux-gnu/:/usr/lib/gcc/x86_64-linux-gnu/11/:/usr/lib/gcc/x86_64-linux-gnu/]
  ignore line: [LIBRARY_PATH=/usr/lib/gcc/x86_64-linux-gnu/11/:/usr/lib/gcc/x86_64-linux-gnu/11/../../../x86_64-linux-gnu/:/usr/lib/gcc/x86_64-linux-gnu/11/../../../../lib/:/lib/x86_64-linux-gnu/:/lib/../lib/:/usr/lib/x86_64-linux-gnu/:/usr/lib/../lib/:/usr/lib/gcc/x86_64-linux-gnu/11/../../../:/lib/:/usr/lib/]
  ignore line: [COLLECT_GCC_OPTIONS='-v' '-o' 'cmTC_55ff2' '-mtune=generic' '-march=x86-64' '-dumpdir' 'cmTC_55ff2.']
  link line: [ /usr/lib/gcc/x86_64-linux-gnu/11/collect2 -plugin /usr/lib/gcc/x86_64-linux-gnu/11/liblto_plugin.so -plugin-opt=/usr/lib/gcc/x86_64-linux-gnu/11/lto-wrapper -plugin-opt=-fresolution=/tmp/ccsqaMgu.res -plugin-opt=-pass-through=-lgcc -plugin-opt=-pass-through=-lgcc_s -plugin-opt=-pass-through=-lc -plugin-opt=-pass-through=-lgcc -plugin-opt=-pass-through=-lgcc_s --build-id --eh-frame-hdr -m elf_x86_64 --hash-style=gnu --as-needed -dynamic-linker /lib64/ld-linux-x86-64.so.2 -pie -z now -z relro -o cmTC_55ff2 /usr/lib/gcc/x86_64-linux-gnu/11/../../../x86_64-linux-gnu/Scrt1.o /usr/lib/gcc/x86_64-linux-gnu/11/../../../x86_64-linux-gnu/crti.o /usr/lib/gcc/x86_64-linux-gnu/11/crtbeginS.o -L/usr/lib/gcc/x86_64-linux-gnu/11 -L/usr/lib/gcc/x86_64-linux-gnu/11/../../../x86_64-linux-gnu -L/usr/lib/gcc/x86_64-linux-gnu/11/../../../../lib -L/lib/x86_64-linux-gnu -L/lib/../lib -L/usr/lib/x86_64-linux-gnu -L/usr/lib/../lib -L/usr/lib/gcc/x86_64-linux-gnu/11/../../.. CMakeFiles/cmTC_55ff2.dir/CMakeCCompilerABI.c.o -lgcc --push-state --as-needed -lgcc_s --pop-state -lc -lgcc --push-state --as-needed -lgcc_s --pop-state /usr/lib/gcc/x86_64-linux-gnu/11/crtendS.o /usr/lib/gcc/x86_64-linux-gnu/11/../../../x86_64-linux-gnu/crtn.o]
    arg [/usr/lib/gcc/x86_64-linux-gnu/11/collect2] ==> ignore
    arg [-plugin] ==> ignore
    arg [/usr/lib/gcc/x86_64-linux-gnu/11/liblto_plugin.so] ==> ignore
    arg [-plugin-opt=/usr/lib/gcc/x86_64-linux-gnu/11/lto-wrapper] ==> ignore
    arg [-plugin-opt=-fresolution=/tmp/ccsqaMgu.res] ==> ignore
    arg [-plugin-opt=-pass-through=-lgcc] ==> ignore
    arg [-plugin-opt=-pass-through=-lgcc_s] ==> ignore
    arg [-plugin-opt=-pass-through=-lc] ==> ignore
    arg [-plugin-opt=-pass-through=-lgcc] ==> ignore
    arg [-plugin-opt=-pass-through=-lgcc_s] ==> ignore
    arg [--build-id] ==> ignore
    arg [--eh-frame-hdr] ==> ignore
    arg [-m] ==> ignore
    arg [elf_x86_64] ==> ignore
    arg [--hash-style=gnu] ==> ignore
    arg [--as-needed] ==> ignore
    arg [-dynamic-linker] ==> ignore
    arg [/lib64/ld-linux-x86-64.so.2] ==> ignore
    arg [-pie] ==> ignore
    arg [-znow] ==> ignore
    arg [-zrelro] ==> ignore
    arg [-o] ==> ignore
    arg [cmTC_55ff2] ==> ignore
    arg [/usr/lib/gcc/x86_64-linux-gnu/11/../../../x86_64-linux-gnu/Scrt1.o] ==> obj [/usr/lib/gcc/x86_64-linux-gnu/11/../../../x86_64-linux-gnu/Scrt1.o]
    arg [/usr/lib/gcc/x86_64-linux-gnu/11/../../../x86_64-linux-gnu/crti.o] ==> obj [/usr/lib/gcc/x86_64-linux-gnu/11/../../../x86_64-linux-gnu/crti.o]
    arg [/usr/lib/gcc/x86_64-linux-gnu/11/crtbeginS.o] ==> obj [/usr/lib/gcc/x86_64-linux-gnu/11/crtbeginS.o]
    arg [-L/usr/lib/gcc/x86_64-linux-gnu/11] ==> dir [/usr/lib/gcc/x86_64-linux-gnu/11]
    arg [-L/usr/lib/gcc/x86_64-linux-gnu/11/../../../x86_64-linux-gnu] ==> dir [/usr/lib/gcc/x86_64-linux-gnu/11/../../../x86_64-linux-gnu]
    arg [-L/usr/lib/gcc/x86_64-linux-gnu/11/../../../../lib] ==> dir [/usr/lib/gcc/x86_64-linux-gnu/11/../../../../lib]
    arg [-L/lib/x86_64-linux-gnu] ==> dir [/lib/x86_64-linux-gnu]
    arg [-L/lib/../lib] ==> dir [/lib/../lib]
    arg [-L/usr/lib/x86_64-linux-gnu] ==> dir [/usr/lib/x86_64-linux-gnu]
    arg [-L/usr/lib/../lib] ==> dir [/usr/lib/../lib]
    arg [-L/usr/lib/gcc/x86_64-linux-gnu/11/../../..] ==> dir [/usr/lib/gcc/x86_64-linux-gnu/11/../../..]
    arg [CMakeFiles/cmTC_55ff2.dir/CMakeCCompilerABI.c.o] ==> ignore
    arg [-lgcc] ==> lib [gcc]
    arg [--push-state] ==> ignore
    arg [--as-needed] ==> ignore
    arg [-lgcc_s] ==> lib [gcc_s]
    arg [--pop-state] ==> ignore
    arg [-lc] ==> lib [c]
    arg [-lgcc] ==> lib [gcc]
    arg [--push-state] ==> ignore
    arg [--as-needed] ==> ignore
    arg [-lgcc_s] ==> lib [gcc_s]
    arg [--pop-state] ==> ignore
    arg [/usr/lib/gcc/x86_64-linux-gnu/11/crtendS.o] ==> obj [/usr/lib/gcc/x86_64-linux-gnu/11/crtendS.o]
    arg [/usr/lib/gcc/x86_64-linux-gnu/11/../../../x86_64-linux-gnu/crtn.o] ==> obj [/usr/lib/gcc/x86_64-linux-gnu/11/../../../x86_64-linux-gnu/crtn.o]
  collapse obj [/usr/lib/gcc/x86_64-linux-gnu/11/../../../x86_64-linux-gnu/Scrt1.o] ==> [/usr/lib/x86_64-linux-gnu/Scrt1.o]
  collapse obj [/usr/lib/gcc/x86_64-linux-gnu/11/../../../x86_64-linux-gnu/crti.o] ==> [/usr/lib/x86_64-linux-gnu/crti.o]
  collapse obj [/usr/lib/gcc/x86_64-linux-gnu/11/../../../x86_64-linux-gnu/crtn.o] ==> [/usr/lib/x86_64-linux-gnu/crtn.o]
  collapse library dir [/usr/lib/gcc/x86_64-linux-gnu/11] ==> [/usr/lib/gcc/x86_64-linux-gnu/11]
  collapse library dir [/usr/lib/gcc/x86_64-linux-gnu/11/../../../x86_64-linux-gnu] ==> [/usr/lib/x86_64-linux-gnu]
  collapse library dir [/usr/lib/gcc/x86_64-linux-gnu/11/../../../../lib] ==> [/usr/lib]
  collapse library dir [/lib/x86_64-linux-gnu] ==> [/lib/x86_64-linux-gnu]
  collapse library dir [/lib/../lib] ==> [/lib]
  collapse library dir [/usr/lib/x86_64-linux-gnu] ==> [/usr/lib/x86_64-linux-gnu]
  collapse library dir [/usr/lib/../lib] ==> [/usr/lib]
  collapse library dir [/usr/lib/gcc/x86_64-linux-gnu/11/../../..] ==> [/usr/lib]
  implicit libs: [gcc;gcc_s;c;gcc;gcc_s]
  implicit objs: [/usr/lib/x86_64-linux-gnu/Scrt1.o;/usr/lib/x86_64-linux-gnu/crti.o;/usr/lib/gcc/x86_64-linux-gnu/11/crtbeginS.o;/usr/lib/gcc/x86_64-linux-gnu/11/crtendS.o;/usr/lib/x86_64-linux-gnu/crtn.o]
  implicit dirs: [/usr/lib/gcc/x86_64-linux-gnu/11;/usr/lib/x86_64-linux-gnu;/usr/lib;/lib/x86_64-linux-gnu;/lib]
  implicit fwks: []


Detecting CXX compiler ABI info compiled with the following output:
Change Dir: /home/yzwu/Desktop/soc_test/vadd_host/build/x86sim/CMakeFiles/CMakeTmp

Run Build Command(s):/usr/bin/gmake -f Makefile cmTC_cdcd8/fast && /usr/bin/gmake  -f CMakeFiles/cmTC_cdcd8.dir/build.make CMakeFiles/cmTC_cdcd8.dir/build
gmake[1]: Entering directory '/home/yzwu/Desktop/soc_test/vadd_host/build/x86sim/CMakeFiles/CMakeTmp'
Building CXX object CMakeFiles/cmTC_cdcd8.dir/CMakeCXXCompilerABI.cpp.o
/usr/bin/g++   -v -o CMakeFiles/cmTC_cdcd8.dir/CMakeCXXCompilerABI.cpp.o -c /tools/Xilinx/Vitis/2023.2/tps/lnx64/cmake-3.24.2/share/cmake-3.24/Modules/CMakeCXXCompilerABI.cpp
Using built-in specs.
COLLECT_GCC=/usr/bin/g++
OFFLOAD_TARGET_NAMES=nvptx-none:amdgcn-amdhsa
OFFLOAD_TARGET_DEFAULT=1
Target: x86_64-linux-gnu
Configured with: ../src/configure -v --with-pkgversion='Ubuntu 11.4.0-1ubuntu1~22.04' --with-bugurl=file:///usr/share/doc/gcc-11/README.Bugs --enable-languages=c,ada,c++,go,brig,d,fortran,objc,obj-c++,m2 --prefix=/usr --with-gcc-major-version-only --program-suffix=-11 --program-prefix=x86_64-linux-gnu- --enable-shared --enable-linker-build-id --libexecdir=/usr/lib --without-included-gettext --enable-threads=posix --libdir=/usr/lib --enable-nls --enable-bootstrap --enable-clocale=gnu --enable-libstdcxx-debug --enable-libstdcxx-time=yes --with-default-libstdcxx-abi=new --enable-gnu-unique-object --disable-vtable-verify --enable-plugin --enable-default-pie --with-system-zlib --enable-libphobos-checking=release --with-target-system-zlib=auto --enable-objc-gc=auto --enable-multiarch --disable-werror --enable-cet --with-arch-32=i686 --with-abi=m64 --with-multilib-list=m32,m64,mx32 --enable-multilib --with-tune=generic --enable-offload-targets=nvptx-none=/build/gcc-11-XeT9lY/gcc-11-11.4.0/debian/tmp-nvptx/usr,amdgcn-amdhsa=/build/gcc-11-XeT9lY/gcc-11-11.4.0/debian/tmp-gcn/usr --without-cuda-driver --enable-checking=release --build=x86_64-linux-gnu --host=x86_64-linux-gnu --target=x86_64-linux-gnu --with-build-config=bootstrap-lto-lean --enable-link-serialization=2
Thread model: posix
Supported LTO compression algorithms: zlib zstd
gcc version 11.4.0 (Ubuntu 11.4.0-1ubuntu1~22.04) 
COLLECT_GCC_OPTIONS='-v' '-o' 'CMakeFiles/cmTC_cdcd8.dir/CMakeCXXCompilerABI.cpp.o' '-c' '-shared-libgcc' '-mtune=generic' '-march=x86-64' '-dumpdir' 'CMakeFiles/cmTC_cdcd8.dir/'
 /usr/lib/gcc/x86_64-linux-gnu/11/cc1plus -quiet -v -imultiarch x86_64-linux-gnu -D_GNU_SOURCE /tools/Xilinx/Vitis/2023.2/tps/lnx64/cmake-3.24.2/share/cmake-3.24/Modules/CMakeCXXCompilerABI.cpp -quiet -dumpdir CMakeFiles/cmTC_cdcd8.dir/ -dumpbase CMakeCXXCompilerABI.cpp.cpp -dumpbase-ext .cpp -mtune=generic -march=x86-64 -version -fasynchronous-unwind-tables -fstack-protector-strong -Wformat -Wformat-security -fstack-clash-protection -fcf-protection -o /tmp/ccA5W2Af.s
GNU C++17 (Ubuntu 11.4.0-1ubuntu1~22.04) version 11.4.0 (x86_64-linux-gnu)
	compiled by GNU C version 11.4.0, GMP version 6.2.1, MPFR version 4.1.0, MPC version 1.2.1, isl version isl-0.24-GMP

GGC heuristics: --param ggc-min-expand=100 --param ggc-min-heapsize=131072
ignoring duplicate directory "/usr/include/x86_64-linux-gnu/c++/11"
ignoring nonexistent directory "/usr/local/include/x86_64-linux-gnu"
ignoring nonexistent directory "/usr/lib/gcc/x86_64-linux-gnu/11/include-fixed"
ignoring nonexistent directory "/usr/lib/gcc/x86_64-linux-gnu/11/../../../../x86_64-linux-gnu/include"
#include "..." search starts here:
#include <...> search starts here:
 /usr/include/c++/11
 /usr/include/x86_64-linux-gnu/c++/11
 /usr/include/c++/11/backward
 /usr/lib/gcc/x86_64-linux-gnu/11/include
 /usr/local/include
 /usr/include/x86_64-linux-gnu
 /usr/include
End of search list.
GNU C++17 (Ubuntu 11.4.0-1ubuntu1~22.04) version 11.4.0 (x86_64-linux-gnu)
	compiled by GNU C version 11.4.0, GMP version 6.2.1, MPFR version 4.1.0, MPC version 1.2.1, isl version isl-0.24-GMP

GGC heuristics: --param ggc-min-expand=100 --param ggc-min-heapsize=131072
Compiler executable checksum: d591828bb4d392ae8b7b160e5bb0b95f
COLLECT_GCC_OPTIONS='-v' '-o' 'CMakeFiles/cmTC_cdcd8.dir/CMakeCXXCompilerABI.cpp.o' '-c' '-shared-libgcc' '-mtune=generic' '-march=x86-64' '-dumpdir' 'CMakeFiles/cmTC_cdcd8.dir/'
 as -v --64 -o CMakeFiles/cmTC_cdcd8.dir/CMakeCXXCompilerABI.cpp.o /tmp/ccA5W2Af.s
GNU assembler version 2.38 (x86_64-linux-gnu) using BFD version (GNU Binutils for Ubuntu) 2.38
COMPILER_PATH=/usr/lib/gcc/x86_64-linux-gnu/11/:/usr/lib/gcc/x86_64-linux-gnu/11/:/usr/lib/gcc/x86_64-linux-gnu/:/usr/lib/gcc/x86_64-linux-gnu/11/:/usr/lib/gcc/x86_64-linux-gnu/
LIBRARY_PATH=/usr/lib/gcc/x86_64-linux-gnu/11/:/usr/lib/gcc/x86_64-linux-gnu/11/../../../x86_64-linux-gnu/:/usr/lib/gcc/x86_64-linux-gnu/11/../../../../lib/:/lib/x86_64-linux-gnu/:/lib/../lib/:/usr/lib/x86_64-linux-gnu/:/usr/lib/../lib/:/usr/lib/gcc/x86_64-linux-gnu/11/../../../:/lib/:/usr/lib/
COLLECT_GCC_OPTIONS='-v' '-o' 'CMakeFiles/cmTC_cdcd8.dir/CMakeCXXCompilerABI.cpp.o' '-c' '-shared-libgcc' '-mtune=generic' '-march=x86-64' '-dumpdir' 'CMakeFiles/cmTC_cdcd8.dir/CMakeCXXCompilerABI.cpp.'
Linking CXX executable cmTC_cdcd8
/tools/Xilinx/Vitis/2023.2/tps/lnx64/cmake-3.24.2/bin/cmake -E cmake_link_script CMakeFiles/cmTC_cdcd8.dir/link.txt --verbose=1
/usr/bin/g++  -v CMakeFiles/cmTC_cdcd8.dir/CMakeCXXCompilerABI.cpp.o -o cmTC_cdcd8 
Using built-in specs.
COLLECT_GCC=/usr/bin/g++
COLLECT_LTO_WRAPPER=/usr/lib/gcc/x86_64-linux-gnu/11/lto-wrapper
OFFLOAD_TARGET_NAMES=nvptx-none:amdgcn-amdhsa
OFFLOAD_TARGET_DEFAULT=1
Target: x86_64-linux-gnu
Configured with: ../src/configure -v --with-pkgversion='Ubuntu 11.4.0-1ubuntu1~22.04' --with-bugurl=file:///usr/share/doc/gcc-11/README.Bugs --enable-languages=c,ada,c++,go,brig,d,fortran,objc,obj-c++,m2 --prefix=/usr --with-gcc-major-version-only --program-suffix=-11 --program-prefix=x86_64-linux-gnu- --enable-shared --enable-linker-build-id --libexecdir=/usr/lib --without-included-gettext --enable-threads=posix --libdir=/usr/lib --enable-nls --enable-bootstrap --enable-clocale=gnu --enable-libstdcxx-debug --enable-libstdcxx-time=yes --with-default-libstdcxx-abi=new --enable-gnu-unique-object --disable-vtable-verify --enable-plugin --enable-default-pie --with-system-zlib --enable-libphobos-checking=release --with-target-system-zlib=auto --enable-objc-gc=auto --enable-multiarch --disable-werror --enable-cet --with-arch-32=i686 --with-abi=m64 --with-multilib-list=m32,m64,mx32 --enable-multilib --with-tune=generic --enable-offload-targets=nvptx-none=/build/gcc-11-XeT9lY/gcc-11-11.4.0/debian/tmp-nvptx/usr,amdgcn-amdhsa=/build/gcc-11-XeT9lY/gcc-11-11.4.0/debian/tmp-gcn/usr --without-cuda-driver --enable-checking=release --build=x86_64-linux-gnu --host=x86_64-linux-gnu --target=x86_64-linux-gnu --with-build-config=bootstrap-lto-lean --enable-link-serialization=2
Thread model: posix
Supported LTO compression algorithms: zlib zstd
gcc version 11.4.0 (Ubuntu 11.4.0-1ubuntu1~22.04) 
COMPILER_PATH=/usr/lib/gcc/x86_64-linux-gnu/11/:/usr/lib/gcc/x86_64-linux-gnu/11/:/usr/lib/gcc/x86_64-linux-gnu/:/usr/lib/gcc/x86_64-linux-gnu/11/:/usr/lib/gcc/x86_64-linux-gnu/
LIBRARY_PATH=/usr/lib/gcc/x86_64-linux-gnu/11/:/usr/lib/gcc/x86_64-linux-gnu/11/../../../x86_64-linux-gnu/:/usr/lib/gcc/x86_64-linux-gnu/11/../../../../lib/:/lib/x86_64-linux-gnu/:/lib/../lib/:/usr/lib/x86_64-linux-gnu/:/usr/lib/../lib/:/usr/lib/gcc/x86_64-linux-gnu/11/../../../:/lib/:/usr/lib/
COLLECT_GCC_OPTIONS='-v' '-o' 'cmTC_cdcd8' '-shared-libgcc' '-mtune=generic' '-march=x86-64' '-dumpdir' 'cmTC_cdcd8.'
 /usr/lib/gcc/x86_64-linux-gnu/11/collect2 -plugin /usr/lib/gcc/x86_64-linux-gnu/11/liblto_plugin.so -plugin-opt=/usr/lib/gcc/x86_64-linux-gnu/11/lto-wrapper -plugin-opt=-fresolution=/tmp/ccTvLgkN.res -plugin-opt=-pass-through=-lgcc_s -plugin-opt=-pass-through=-lgcc -plugin-opt=-pass-through=-lc -plugin-opt=-pass-through=-lgcc_s -plugin-opt=-pass-through=-lgcc --build-id --eh-frame-hdr -m elf_x86_64 --hash-style=gnu --as-needed -dynamic-linker /lib64/ld-linux-x86-64.so.2 -pie -z now -z relro -o cmTC_cdcd8 /usr/lib/gcc/x86_64-linux-gnu/11/../../../x86_64-linux-gnu/Scrt1.o /usr/lib/gcc/x86_64-linux-gnu/11/../../../x86_64-linux-gnu/crti.o /usr/lib/gcc/x86_64-linux-gnu/11/crtbeginS.o -L/usr/lib/gcc/x86_64-linux-gnu/11 -L/usr/lib/gcc/x86_64-linux-gnu/11/../../../x86_64-linux-gnu -L/usr/lib/gcc/x86_64-linux-gnu/11/../../../../lib -L/lib/x86_64-linux-gnu -L/lib/../lib -L/usr/lib/x86_64-linux-gnu -L/usr/lib/../lib -L/usr/lib/gcc/x86_64-linux-gnu/11/../../.. CMakeFiles/cmTC_cdcd8.dir/CMakeCXXCompilerABI.cpp.o -lstdc++ -lm -lgcc_s -lgcc -lc -lgcc_s -lgcc /usr/lib/gcc/x86_64-linux-gnu/11/crtendS.o /usr/lib/gcc/x86_64-linux-gnu/11/../../../x86_64-linux-gnu/crtn.o
COLLECT_GCC_OPTIONS='-v' '-o' 'cmTC_cdcd8' '-shared-libgcc' '-mtune=generic' '-march=x86-64' '-dumpdir' 'cmTC_cdcd8.'
gmake[1]: Leaving directory '/home/yzwu/Desktop/soc_test/vadd_host/build/x86sim/CMakeFiles/CMakeTmp'



Parsed CXX implicit include dir info from above output: rv=done
  found start of include info
  found start of implicit include info
    add: [/usr/include/c++/11]
    add: [/usr/include/x86_64-linux-gnu/c++/11]
    add: [/usr/include/c++/11/backward]
    add: [/usr/lib/gcc/x86_64-linux-gnu/11/include]
    add: [/usr/local/include]
    add: [/usr/include/x86_64-linux-gnu]
    add: [/usr/include]
  end of search list found
  collapse include dir [/usr/include/c++/11] ==> [/usr/include/c++/11]
  collapse include dir [/usr/include/x86_64-linux-gnu/c++/11] ==> [/usr/include/x86_64-linux-gnu/c++/11]
  collapse include dir [/usr/include/c++/11/backward] ==> [/usr/include/c++/11/backward]
  collapse include dir [/usr/lib/gcc/x86_64-linux-gnu/11/include] ==> [/usr/lib/gcc/x86_64-linux-gnu/11/include]
  collapse include dir [/usr/local/include] ==> [/usr/local/include]
  collapse include dir [/usr/include/x86_64-linux-gnu] ==> [/usr/include/x86_64-linux-gnu]
  collapse include dir [/usr/include] ==> [/usr/include]
  implicit include dirs: [/usr/include/c++/11;/usr/include/x86_64-linux-gnu/c++/11;/usr/include/c++/11/backward;/usr/lib/gcc/x86_64-linux-gnu/11/include;/usr/local/include;/usr/include/x86_64-linux-gnu;/usr/include]


Parsed CXX implicit link information from above output:
  link line regex: [^( *|.*[/\])(ld|CMAKE_LINK_STARTFILE-NOTFOUND|([^/\]+-)?ld|collect2)[^/\]*( |$)]
  ignore line: [Change Dir: /home/yzwu/Desktop/soc_test/vadd_host/build/x86sim/CMakeFiles/CMakeTmp]
  ignore line: []
  ignore line: [Run Build Command(s):/usr/bin/gmake -f Makefile cmTC_cdcd8/fast && /usr/bin/gmake  -f CMakeFiles/cmTC_cdcd8.dir/build.make CMakeFiles/cmTC_cdcd8.dir/build]
  ignore line: [gmake[1]: Entering directory '/home/yzwu/Desktop/soc_test/vadd_host/build/x86sim/CMakeFiles/CMakeTmp']
  ignore line: [Building CXX object CMakeFiles/cmTC_cdcd8.dir/CMakeCXXCompilerABI.cpp.o]
  ignore line: [/usr/bin/g++   -v -o CMakeFiles/cmTC_cdcd8.dir/CMakeCXXCompilerABI.cpp.o -c /tools/Xilinx/Vitis/2023.2/tps/lnx64/cmake-3.24.2/share/cmake-3.24/Modules/CMakeCXXCompilerABI.cpp]
  ignore line: [Using built-in specs.]
  ignore line: [COLLECT_GCC=/usr/bin/g++]
  ignore line: [OFFLOAD_TARGET_NAMES=nvptx-none:amdgcn-amdhsa]
  ignore line: [OFFLOAD_TARGET_DEFAULT=1]
  ignore line: [Target: x86_64-linux-gnu]
  ignore line: [Configured with: ../src/configure -v --with-pkgversion='Ubuntu 11.4.0-1ubuntu1~22.04' --with-bugurl=file:///usr/share/doc/gcc-11/README.Bugs --enable-languages=c ada c++ go brig d fortran objc obj-c++ m2 --prefix=/usr --with-gcc-major-version-only --program-suffix=-11 --program-prefix=x86_64-linux-gnu- --enable-shared --enable-linker-build-id --libexecdir=/usr/lib --without-included-gettext --enable-threads=posix --libdir=/usr/lib --enable-nls --enable-bootstrap --enable-clocale=gnu --enable-libstdcxx-debug --enable-libstdcxx-time=yes --with-default-libstdcxx-abi=new --enable-gnu-unique-object --disable-vtable-verify --enable-plugin --enable-default-pie --with-system-zlib --enable-libphobos-checking=release --with-target-system-zlib=auto --enable-objc-gc=auto --enable-multiarch --disable-werror --enable-cet --with-arch-32=i686 --with-abi=m64 --with-multilib-list=m32 m64 mx32 --enable-multilib --with-tune=generic --enable-offload-targets=nvptx-none=/build/gcc-11-XeT9lY/gcc-11-11.4.0/debian/tmp-nvptx/usr amdgcn-amdhsa=/build/gcc-11-XeT9lY/gcc-11-11.4.0/debian/tmp-gcn/usr --without-cuda-driver --enable-checking=release --build=x86_64-linux-gnu --host=x86_64-linux-gnu --target=x86_64-linux-gnu --with-build-config=bootstrap-lto-lean --enable-link-serialization=2]
  ignore line: [Thread model: posix]
  ignore line: [Supported LTO compression algorithms: zlib zstd]
  ignore line: [gcc version 11.4.0 (Ubuntu 11.4.0-1ubuntu1~22.04) ]
  ignore line: [COLLECT_GCC_OPTIONS='-v' '-o' 'CMakeFiles/cmTC_cdcd8.dir/CMakeCXXCompilerABI.cpp.o' '-c' '-shared-libgcc' '-mtune=generic' '-march=x86-64' '-dumpdir' 'CMakeFiles/cmTC_cdcd8.dir/']
  ignore line: [ /usr/lib/gcc/x86_64-linux-gnu/11/cc1plus -quiet -v -imultiarch x86_64-linux-gnu -D_GNU_SOURCE /tools/Xilinx/Vitis/2023.2/tps/lnx64/cmake-3.24.2/share/cmake-3.24/Modules/CMakeCXXCompilerABI.cpp -quiet -dumpdir CMakeFiles/cmTC_cdcd8.dir/ -dumpbase CMakeCXXCompilerABI.cpp.cpp -dumpbase-ext .cpp -mtune=generic -march=x86-64 -version -fasynchronous-unwind-tables -fstack-protector-strong -Wformat -Wformat-security -fstack-clash-protection -fcf-protection -o /tmp/ccA5W2Af.s]
  ignore line: [GNU C++17 (Ubuntu 11.4.0-1ubuntu1~22.04) version 11.4.0 (x86_64-linux-gnu)]
  ignore line: [	compiled by GNU C version 11.4.0  GMP version 6.2.1  MPFR version 4.1.0  MPC version 1.2.1  isl version isl-0.24-GMP]
  ignore line: []
  ignore line: [GGC heuristics: --param ggc-min-expand=100 --param ggc-min-heapsize=131072]
  ignore line: [ignoring duplicate directory "/usr/include/x86_64-linux-gnu/c++/11"]
  ignore line: [ignoring nonexistent directory "/usr/local/include/x86_64-linux-gnu"]
  ignore line: [ignoring nonexistent directory "/usr/lib/gcc/x86_64-linux-gnu/11/include-fixed"]
  ignore line: [ignoring nonexistent directory "/usr/lib/gcc/x86_64-linux-gnu/11/../../../../x86_64-linux-gnu/include"]
  ignore line: [#include "..." search starts here:]
  ignore line: [#include <...> search starts here:]
  ignore line: [ /usr/include/c++/11]
  ignore line: [ /usr/include/x86_64-linux-gnu/c++/11]
  ignore line: [ /usr/include/c++/11/backward]
  ignore line: [ /usr/lib/gcc/x86_64-linux-gnu/11/include]
  ignore line: [ /usr/local/include]
  ignore line: [ /usr/include/x86_64-linux-gnu]
  ignore line: [ /usr/include]
  ignore line: [End of search list.]
  ignore line: [GNU C++17 (Ubuntu 11.4.0-1ubuntu1~22.04) version 11.4.0 (x86_64-linux-gnu)]
  ignore line: [	compiled by GNU C version 11.4.0  GMP version 6.2.1  MPFR version 4.1.0  MPC version 1.2.1  isl version isl-0.24-GMP]
  ignore line: []
  ignore line: [GGC heuristics: --param ggc-min-expand=100 --param ggc-min-heapsize=131072]
  ignore line: [Compiler executable checksum: d591828bb4d392ae8b7b160e5bb0b95f]
  ignore line: [COLLECT_GCC_OPTIONS='-v' '-o' 'CMakeFiles/cmTC_cdcd8.dir/CMakeCXXCompilerABI.cpp.o' '-c' '-shared-libgcc' '-mtune=generic' '-march=x86-64' '-dumpdir' 'CMakeFiles/cmTC_cdcd8.dir/']
  ignore line: [ as -v --64 -o CMakeFiles/cmTC_cdcd8.dir/CMakeCXXCompilerABI.cpp.o /tmp/ccA5W2Af.s]
  ignore line: [GNU assembler version 2.38 (x86_64-linux-gnu) using BFD version (GNU Binutils for Ubuntu) 2.38]
  ignore line: [COMPILER_PATH=/usr/lib/gcc/x86_64-linux-gnu/11/:/usr/lib/gcc/x86_64-linux-gnu/11/:/usr/lib/gcc/x86_64-linux-gnu/:/usr/lib/gcc/x86_64-linux-gnu/11/:/usr/lib/gcc/x86_64-linux-gnu/]
  ignore line: [LIBRARY_PATH=/usr/lib/gcc/x86_64-linux-gnu/11/:/usr/lib/gcc/x86_64-linux-gnu/11/../../../x86_64-linux-gnu/:/usr/lib/gcc/x86_64-linux-gnu/11/../../../../lib/:/lib/x86_64-linux-gnu/:/lib/../lib/:/usr/lib/x86_64-linux-gnu/:/usr/lib/../lib/:/usr/lib/gcc/x86_64-linux-gnu/11/../../../:/lib/:/usr/lib/]
  ignore line: [COLLECT_GCC_OPTIONS='-v' '-o' 'CMakeFiles/cmTC_cdcd8.dir/CMakeCXXCompilerABI.cpp.o' '-c' '-shared-libgcc' '-mtune=generic' '-march=x86-64' '-dumpdir' 'CMakeFiles/cmTC_cdcd8.dir/CMakeCXXCompilerABI.cpp.']
  ignore line: [Linking CXX executable cmTC_cdcd8]
  ignore line: [/tools/Xilinx/Vitis/2023.2/tps/lnx64/cmake-3.24.2/bin/cmake -E cmake_link_script CMakeFiles/cmTC_cdcd8.dir/link.txt --verbose=1]
  ignore line: [/usr/bin/g++  -v CMakeFiles/cmTC_cdcd8.dir/CMakeCXXCompilerABI.cpp.o -o cmTC_cdcd8 ]
  ignore line: [Using built-in specs.]
  ignore line: [COLLECT_GCC=/usr/bin/g++]
  ignore line: [COLLECT_LTO_WRAPPER=/usr/lib/gcc/x86_64-linux-gnu/11/lto-wrapper]
  ignore line: [OFFLOAD_TARGET_NAMES=nvptx-none:amdgcn-amdhsa]
  ignore line: [OFFLOAD_TARGET_DEFAULT=1]
  ignore line: [Target: x86_64-linux-gnu]
  ignore line: [Configured with: ../src/configure -v --with-pkgversion='Ubuntu 11.4.0-1ubuntu1~22.04' --with-bugurl=file:///usr/share/doc/gcc-11/README.Bugs --enable-languages=c ada c++ go brig d fortran objc obj-c++ m2 --prefix=/usr --with-gcc-major-version-only --program-suffix=-11 --program-prefix=x86_64-linux-gnu- --enable-shared --enable-linker-build-id --libexecdir=/usr/lib --without-included-gettext --enable-threads=posix --libdir=/usr/lib --enable-nls --enable-bootstrap --enable-clocale=gnu --enable-libstdcxx-debug --enable-libstdcxx-time=yes --with-default-libstdcxx-abi=new --enable-gnu-unique-object --disable-vtable-verify --enable-plugin --enable-default-pie --with-system-zlib --enable-libphobos-checking=release --with-target-system-zlib=auto --enable-objc-gc=auto --enable-multiarch --disable-werror --enable-cet --with-arch-32=i686 --with-abi=m64 --with-multilib-list=m32 m64 mx32 --enable-multilib --with-tune=generic --enable-offload-targets=nvptx-none=/build/gcc-11-XeT9lY/gcc-11-11.4.0/debian/tmp-nvptx/usr amdgcn-amdhsa=/build/gcc-11-XeT9lY/gcc-11-11.4.0/debian/tmp-gcn/usr --without-cuda-driver --enable-checking=release --build=x86_64-linux-gnu --host=x86_64-linux-gnu --target=x86_64-linux-gnu --with-build-config=bootstrap-lto-lean --enable-link-serialization=2]
  ignore line: [Thread model: posix]
  ignore line: [Supported LTO compression algorithms: zlib zstd]
  ignore line: [gcc version 11.4.0 (Ubuntu 11.4.0-1ubuntu1~22.04) ]
  ignore line: [COMPILER_PATH=/usr/lib/gcc/x86_64-linux-gnu/11/:/usr/lib/gcc/x86_64-linux-gnu/11/:/usr/lib/gcc/x86_64-linux-gnu/:/usr/lib/gcc/x86_64-linux-gnu/11/:/usr/lib/gcc/x86_64-linux-gnu/]
  ignore line: [LIBRARY_PATH=/usr/lib/gcc/x86_64-linux-gnu/11/:/usr/lib/gcc/x86_64-linux-gnu/11/../../../x86_64-linux-gnu/:/usr/lib/gcc/x86_64-linux-gnu/11/../../../../lib/:/lib/x86_64-linux-gnu/:/lib/../lib/:/usr/lib/x86_64-linux-gnu/:/usr/lib/../lib/:/usr/lib/gcc/x86_64-linux-gnu/11/../../../:/lib/:/usr/lib/]
  ignore line: [COLLECT_GCC_OPTIONS='-v' '-o' 'cmTC_cdcd8' '-shared-libgcc' '-mtune=generic' '-march=x86-64' '-dumpdir' 'cmTC_cdcd8.']
  link line: [ /usr/lib/gcc/x86_64-linux-gnu/11/collect2 -plugin /usr/lib/gcc/x86_64-linux-gnu/11/liblto_plugin.so -plugin-opt=/usr/lib/gcc/x86_64-linux-gnu/11/lto-wrapper -plugin-opt=-fresolution=/tmp/ccTvLgkN.res -plugin-opt=-pass-through=-lgcc_s -plugin-opt=-pass-through=-lgcc -plugin-opt=-pass-through=-lc -plugin-opt=-pass-through=-lgcc_s -plugin-opt=-pass-through=-lgcc --build-id --eh-frame-hdr -m elf_x86_64 --hash-style=gnu --as-needed -dynamic-linker /lib64/ld-linux-x86-64.so.2 -pie -z now -z relro -o cmTC_cdcd8 /usr/lib/gcc/x86_64-linux-gnu/11/../../../x86_64-linux-gnu/Scrt1.o /usr/lib/gcc/x86_64-linux-gnu/11/../../../x86_64-linux-gnu/crti.o /usr/lib/gcc/x86_64-linux-gnu/11/crtbeginS.o -L/usr/lib/gcc/x86_64-linux-gnu/11 -L/usr/lib/gcc/x86_64-linux-gnu/11/../../../x86_64-linux-gnu -L/usr/lib/gcc/x86_64-linux-gnu/11/../../../../lib -L/lib/x86_64-linux-gnu -L/lib/../lib -L/usr/lib/x86_64-linux-gnu -L/usr/lib/../lib -L/usr/lib/gcc/x86_64-linux-gnu/11/../../.. CMakeFiles/cmTC_cdcd8.dir/CMakeCXXCompilerABI.cpp.o -lstdc++ -lm -lgcc_s -lgcc -lc -lgcc_s -lgcc /usr/lib/gcc/x86_64-linux-gnu/11/crtendS.o /usr/lib/gcc/x86_64-linux-gnu/11/../../../x86_64-linux-gnu/crtn.o]
    arg [/usr/lib/gcc/x86_64-linux-gnu/11/collect2] ==> ignore
    arg [-plugin] ==> ignore
    arg [/usr/lib/gcc/x86_64-linux-gnu/11/liblto_plugin.so] ==> ignore
    arg [-plugin-opt=/usr/lib/gcc/x86_64-linux-gnu/11/lto-wrapper] ==> ignore
    arg [-plugin-opt=-fresolution=/tmp/ccTvLgkN.res] ==> ignore
    arg [-plugin-opt=-pass-through=-lgcc_s] ==> ignore
    arg [-plugin-opt=-pass-through=-lgcc] ==> ignore
    arg [-plugin-opt=-pass-through=-lc] ==> ignore
    arg [-plugin-opt=-pass-through=-lgcc_s] ==> ignore
    arg [-plugin-opt=-pass-through=-lgcc] ==> ignore
    arg [--build-id] ==> ignore
    arg [--eh-frame-hdr] ==> ignore
    arg [-m] ==> ignore
    arg [elf_x86_64] ==> ignore
    arg [--hash-style=gnu] ==> ignore
    arg [--as-needed] ==> ignore
    arg [-dynamic-linker] ==> ignore
    arg [/lib64/ld-linux-x86-64.so.2] ==> ignore
    arg [-pie] ==> ignore
    arg [-znow] ==> ignore
    arg [-zrelro] ==> ignore
    arg [-o] ==> ignore
    arg [cmTC_cdcd8] ==> ignore
    arg [/usr/lib/gcc/x86_64-linux-gnu/11/../../../x86_64-linux-gnu/Scrt1.o] ==> obj [/usr/lib/gcc/x86_64-linux-gnu/11/../../../x86_64-linux-gnu/Scrt1.o]
    arg [/usr/lib/gcc/x86_64-linux-gnu/11/../../../x86_64-linux-gnu/crti.o] ==> obj [/usr/lib/gcc/x86_64-linux-gnu/11/../../../x86_64-linux-gnu/crti.o]
    arg [/usr/lib/gcc/x86_64-linux-gnu/11/crtbeginS.o] ==> obj [/usr/lib/gcc/x86_64-linux-gnu/11/crtbeginS.o]
    arg [-L/usr/lib/gcc/x86_64-linux-gnu/11] ==> dir [/usr/lib/gcc/x86_64-linux-gnu/11]
    arg [-L/usr/lib/gcc/x86_64-linux-gnu/11/../../../x86_64-linux-gnu] ==> dir [/usr/lib/gcc/x86_64-linux-gnu/11/../../../x86_64-linux-gnu]
    arg [-L/usr/lib/gcc/x86_64-linux-gnu/11/../../../../lib] ==> dir [/usr/lib/gcc/x86_64-linux-gnu/11/../../../../lib]
    arg [-L/lib/x86_64-linux-gnu] ==> dir [/lib/x86_64-linux-gnu]
    arg [-L/lib/../lib] ==> dir [/lib/../lib]
    arg [-L/usr/lib/x86_64-linux-gnu] ==> dir [/usr/lib/x86_64-linux-gnu]
    arg [-L/usr/lib/../lib] ==> dir [/usr/lib/../lib]
    arg [-L/usr/lib/gcc/x86_64-linux-gnu/11/../../..] ==> dir [/usr/lib/gcc/x86_64-linux-gnu/11/../../..]
    arg [CMakeFiles/cmTC_cdcd8.dir/CMakeCXXCompilerABI.cpp.o] ==> ignore
    arg [-lstdc++] ==> lib [stdc++]
    arg [-lm] ==> lib [m]
    arg [-lgcc_s] ==> lib [gcc_s]
    arg [-lgcc] ==> lib [gcc]
    arg [-lc] ==> lib [c]
    arg [-lgcc_s] ==> lib [gcc_s]
    arg [-lgcc] ==> lib [gcc]
    arg [/usr/lib/gcc/x86_64-linux-gnu/11/crtendS.o] ==> obj [/usr/lib/gcc/x86_64-linux-gnu/11/crtendS.o]
    arg [/usr/lib/gcc/x86_64-linux-gnu/11/../../../x86_64-linux-gnu/crtn.o] ==> obj [/usr/lib/gcc/x86_64-linux-gnu/11/../../../x86_64-linux-gnu/crtn.o]
  collapse obj [/usr/lib/gcc/x86_64-linux-gnu/11/../../../x86_64-linux-gnu/Scrt1.o] ==> [/usr/lib/x86_64-linux-gnu/Scrt1.o]
  collapse obj [/usr/lib/gcc/x86_64-linux-gnu/11/../../../x86_64-linux-gnu/crti.o] ==> [/usr/lib/x86_64-linux-gnu/crti.o]
  collapse obj [/usr/lib/gcc/x86_64-linux-gnu/11/../../../x86_64-linux-gnu/crtn.o] ==> [/usr/lib/x86_64-linux-gnu/crtn.o]
  collapse library dir [/usr/lib/gcc/x86_64-linux-gnu/11] ==> [/usr/lib/gcc/x86_64-linux-gnu/11]
  collapse library dir [/usr/lib/gcc/x86_64-linux-gnu/11/../../../x86_64-linux-gnu] ==> [/usr/lib/x86_64-linux-gnu]
  collapse library dir [/usr/lib/gcc/x86_64-linux-gnu/11/../../../../lib] ==> [/usr/lib]
  collapse library dir [/lib/x86_64-linux-gnu] ==> [/lib/x86_64-linux-gnu]
  collapse library dir [/lib/../lib] ==> [/lib]
  collapse library dir [/usr/lib/x86_64-linux-gnu] ==> [/usr/lib/x86_64-linux-gnu]
  collapse library dir [/usr/lib/../lib] ==> [/usr/lib]
  collapse library dir [/usr/lib/gcc/x86_64-linux-gnu/11/../../..] ==> [/usr/lib]
  implicit libs: [stdc++;m;gcc_s;gcc;c;gcc_s;gcc]
  implicit objs: [/usr/lib/x86_64-linux-gnu/Scrt1.o;/usr/lib/x86_64-linux-gnu/crti.o;/usr/lib/gcc/x86_64-linux-gnu/11/crtbeginS.o;/usr/lib/gcc/x86_64-linux-gnu/11/crtendS.o;/usr/lib/x86_64-linux-gnu/crtn.o]
  implicit dirs: [/usr/lib/gcc/x86_64-linux-gnu/11;/usr/lib/x86_64-linux-gnu;/usr/lib;/lib/x86_64-linux-gnu;/lib]
  implicit fwks: []


Determining if the CL_VERSION_3_0 exist passed with the following output:
Change Dir: /home/yzwu/Desktop/soc_test/vadd_host/build/x86sim/CMakeFiles/CMakeTmp

Run Build Command(s):/usr/bin/gmake -f Makefile cmTC_1d0d5/fast && /usr/bin/gmake  -f CMakeFiles/cmTC_1d0d5.dir/build.make CMakeFiles/cmTC_1d0d5.dir/build
gmake[1]: Entering directory '/home/yzwu/Desktop/soc_test/vadd_host/build/x86sim/CMakeFiles/CMakeTmp'
Building C object CMakeFiles/cmTC_1d0d5.dir/CheckSymbolExists.c.o
/usr/bin/gcc    -o CMakeFiles/cmTC_1d0d5.dir/CheckSymbolExists.c.o -c /home/yzwu/Desktop/soc_test/vadd_host/build/x86sim/CMakeFiles/CMakeTmp/CheckSymbolExists.c
In file included from /usr/include/CL/cl.h:20,
                 from /home/yzwu/Desktop/soc_test/vadd_host/build/x86sim/CMakeFiles/CMakeTmp/CheckSymbolExists.c:2:
/usr/include/CL/cl_version.h:22:9: note: ‘#pragma message: cl_version.h: CL_TARGET_OPENCL_VERSION is not defined. Defaulting to 300 (OpenCL 3.0)’
   22 | #pragma message("cl_version.h: CL_TARGET_OPENCL_VERSION is not defined. Defaulting to 300 (OpenCL 3.0)")
      |         ^~~~~~~
Linking C executable cmTC_1d0d5
/tools/Xilinx/Vitis/2023.2/tps/lnx64/cmake-3.24.2/bin/cmake -E cmake_link_script CMakeFiles/cmTC_1d0d5.dir/link.txt --verbose=1
/usr/bin/gcc CMakeFiles/cmTC_1d0d5.dir/CheckSymbolExists.c.o -o cmTC_1d0d5 
gmake[1]: Leaving directory '/home/yzwu/Desktop/soc_test/vadd_host/build/x86sim/CMakeFiles/CMakeTmp'


File /home/yzwu/Desktop/soc_test/vadd_host/build/x86sim/CMakeFiles/CMakeTmp/CheckSymbolExists.c:
/* */
#include </usr/include/CL/cl.h>

int main(int argc, char** argv)
{
  (void)argv;
#ifndef CL_VERSION_3_0
  return ((int*)(&CL_VERSION_3_0))[argc];
#else
  (void)argc;
  return 0;
#endif
}
The system is: Linux - 6.5.0-15-generic - x86_64
Compiling the C compiler identification source file "CMakeCCompilerId.c" succeeded.
Compiler: /usr/bin/gcc 
Build flags: 
Id flags:  

The output was:
0


Compilation of the C compiler identification source "CMakeCCompilerId.c" produced "a.out"

The C compiler identification is GNU, found in "/home/yzwu/Desktop/soc_test/vadd_host/build/x86sim/CMakeFiles/3.24.2/CompilerIdC/a.out"

Compiling the CXX compiler identification source file "CMakeCXXCompilerId.cpp" succeeded.
Compiler: /usr/bin/g++ 
Build flags: 
Id flags:  

The output was:
0


Compilation of the CXX compiler identification source "CMakeCXXCompilerId.cpp" produced "a.out"

The CXX compiler identification is GNU, found in "/home/yzwu/Desktop/soc_test/vadd_host/build/x86sim/CMakeFiles/3.24.2/CompilerIdCXX/a.out"

Detecting C compiler ABI info compiled with the following output:
Change Dir: /home/yzwu/Desktop/soc_test/vadd_host/build/x86sim/CMakeFiles/CMakeTmp

Run Build Command(s):/usr/bin/gmake -f Makefile cmTC_22070/fast && /usr/bin/gmake  -f CMakeFiles/cmTC_22070.dir/build.make CMakeFiles/cmTC_22070.dir/build
gmake[1]: Entering directory '/home/yzwu/Desktop/soc_test/vadd_host/build/x86sim/CMakeFiles/CMakeTmp'
Building C object CMakeFiles/cmTC_22070.dir/CMakeCCompilerABI.c.o
/usr/bin/gcc   -v -o CMakeFiles/cmTC_22070.dir/CMakeCCompilerABI.c.o -c /tools/Xilinx/Vitis/2023.2/tps/lnx64/cmake-3.24.2/share/cmake-3.24/Modules/CMakeCCompilerABI.c
Using built-in specs.
COLLECT_GCC=/usr/bin/gcc
OFFLOAD_TARGET_NAMES=nvptx-none:amdgcn-amdhsa
OFFLOAD_TARGET_DEFAULT=1
Target: x86_64-linux-gnu
Configured with: ../src/configure -v --with-pkgversion='Ubuntu 11.4.0-1ubuntu1~22.04' --with-bugurl=file:///usr/share/doc/gcc-11/README.Bugs --enable-languages=c,ada,c++,go,brig,d,fortran,objc,obj-c++,m2 --prefix=/usr --with-gcc-major-version-only --program-suffix=-11 --program-prefix=x86_64-linux-gnu- --enable-shared --enable-linker-build-id --libexecdir=/usr/lib --without-included-gettext --enable-threads=posix --libdir=/usr/lib --enable-nls --enable-bootstrap --enable-clocale=gnu --enable-libstdcxx-debug --enable-libstdcxx-time=yes --with-default-libstdcxx-abi=new --enable-gnu-unique-object --disable-vtable-verify --enable-plugin --enable-default-pie --with-system-zlib --enable-libphobos-checking=release --with-target-system-zlib=auto --enable-objc-gc=auto --enable-multiarch --disable-werror --enable-cet --with-arch-32=i686 --with-abi=m64 --with-multilib-list=m32,m64,mx32 --enable-multilib --with-tune=generic --enable-offload-targets=nvptx-none=/build/gcc-11-XeT9lY/gcc-11-11.4.0/debian/tmp-nvptx/usr,amdgcn-amdhsa=/build/gcc-11-XeT9lY/gcc-11-11.4.0/debian/tmp-gcn/usr --without-cuda-driver --enable-checking=release --build=x86_64-linux-gnu --host=x86_64-linux-gnu --target=x86_64-linux-gnu --with-build-config=bootstrap-lto-lean --enable-link-serialization=2
Thread model: posix
Supported LTO compression algorithms: zlib zstd
gcc version 11.4.0 (Ubuntu 11.4.0-1ubuntu1~22.04) 
COLLECT_GCC_OPTIONS='-v' '-o' 'CMakeFiles/cmTC_22070.dir/CMakeCCompilerABI.c.o' '-c' '-mtune=generic' '-march=x86-64' '-dumpdir' 'CMakeFiles/cmTC_22070.dir/'
 /usr/lib/gcc/x86_64-linux-gnu/11/cc1 -quiet -v -imultiarch x86_64-linux-gnu /tools/Xilinx/Vitis/2023.2/tps/lnx64/cmake-3.24.2/share/cmake-3.24/Modules/CMakeCCompilerABI.c -quiet -dumpdir CMakeFiles/cmTC_22070.dir/ -dumpbase CMakeCCompilerABI.c.c -dumpbase-ext .c -mtune=generic -march=x86-64 -version -fasynchronous-unwind-tables -fstack-protector-strong -Wformat -Wformat-security -fstack-clash-protection -fcf-protection -o /tmp/ccNpJBkx.s
GNU C17 (Ubuntu 11.4.0-1ubuntu1~22.04) version 11.4.0 (x86_64-linux-gnu)
	compiled by GNU C version 11.4.0, GMP version 6.2.1, MPFR version 4.1.0, MPC version 1.2.1, isl version isl-0.24-GMP

GGC heuristics: --param ggc-min-expand=100 --param ggc-min-heapsize=131072
ignoring nonexistent directory "/usr/local/include/x86_64-linux-gnu"
ignoring nonexistent directory "/usr/lib/gcc/x86_64-linux-gnu/11/include-fixed"
ignoring nonexistent directory "/usr/lib/gcc/x86_64-linux-gnu/11/../../../../x86_64-linux-gnu/include"
#include "..." search starts here:
#include <...> search starts here:
 /usr/lib/gcc/x86_64-linux-gnu/11/include
 /usr/local/include
 /usr/include/x86_64-linux-gnu
 /usr/include
End of search list.
GNU C17 (Ubuntu 11.4.0-1ubuntu1~22.04) version 11.4.0 (x86_64-linux-gnu)
	compiled by GNU C version 11.4.0, GMP version 6.2.1, MPFR version 4.1.0, MPC version 1.2.1, isl version isl-0.24-GMP

GGC heuristics: --param ggc-min-expand=100 --param ggc-min-heapsize=131072
Compiler executable checksum: 50eaa2331df977b8016186198deb2d18
COLLECT_GCC_OPTIONS='-v' '-o' 'CMakeFiles/cmTC_22070.dir/CMakeCCompilerABI.c.o' '-c' '-mtune=generic' '-march=x86-64' '-dumpdir' 'CMakeFiles/cmTC_22070.dir/'
 as -v --64 -o CMakeFiles/cmTC_22070.dir/CMakeCCompilerABI.c.o /tmp/ccNpJBkx.s
GNU assembler version 2.38 (x86_64-linux-gnu) using BFD version (GNU Binutils for Ubuntu) 2.38
COMPILER_PATH=/usr/lib/gcc/x86_64-linux-gnu/11/:/usr/lib/gcc/x86_64-linux-gnu/11/:/usr/lib/gcc/x86_64-linux-gnu/:/usr/lib/gcc/x86_64-linux-gnu/11/:/usr/lib/gcc/x86_64-linux-gnu/
LIBRARY_PATH=/usr/lib/gcc/x86_64-linux-gnu/11/:/usr/lib/gcc/x86_64-linux-gnu/11/../../../x86_64-linux-gnu/:/usr/lib/gcc/x86_64-linux-gnu/11/../../../../lib/:/lib/x86_64-linux-gnu/:/lib/../lib/:/usr/lib/x86_64-linux-gnu/:/usr/lib/../lib/:/usr/lib/gcc/x86_64-linux-gnu/11/../../../:/lib/:/usr/lib/
COLLECT_GCC_OPTIONS='-v' '-o' 'CMakeFiles/cmTC_22070.dir/CMakeCCompilerABI.c.o' '-c' '-mtune=generic' '-march=x86-64' '-dumpdir' 'CMakeFiles/cmTC_22070.dir/CMakeCCompilerABI.c.'
Linking C executable cmTC_22070
/tools/Xilinx/Vitis/2023.2/tps/lnx64/cmake-3.24.2/bin/cmake -E cmake_link_script CMakeFiles/cmTC_22070.dir/link.txt --verbose=1
/usr/bin/gcc  -v CMakeFiles/cmTC_22070.dir/CMakeCCompilerABI.c.o -o cmTC_22070 
Using built-in specs.
COLLECT_GCC=/usr/bin/gcc
COLLECT_LTO_WRAPPER=/usr/lib/gcc/x86_64-linux-gnu/11/lto-wrapper
OFFLOAD_TARGET_NAMES=nvptx-none:amdgcn-amdhsa
OFFLOAD_TARGET_DEFAULT=1
Target: x86_64-linux-gnu
Configured with: ../src/configure -v --with-pkgversion='Ubuntu 11.4.0-1ubuntu1~22.04' --with-bugurl=file:///usr/share/doc/gcc-11/README.Bugs --enable-languages=c,ada,c++,go,brig,d,fortran,objc,obj-c++,m2 --prefix=/usr --with-gcc-major-version-only --program-suffix=-11 --program-prefix=x86_64-linux-gnu- --enable-shared --enable-linker-build-id --libexecdir=/usr/lib --without-included-gettext --enable-threads=posix --libdir=/usr/lib --enable-nls --enable-bootstrap --enable-clocale=gnu --enable-libstdcxx-debug --enable-libstdcxx-time=yes --with-default-libstdcxx-abi=new --enable-gnu-unique-object --disable-vtable-verify --enable-plugin --enable-default-pie --with-system-zlib --enable-libphobos-checking=release --with-target-system-zlib=auto --enable-objc-gc=auto --enable-multiarch --disable-werror --enable-cet --with-arch-32=i686 --with-abi=m64 --with-multilib-list=m32,m64,mx32 --enable-multilib --with-tune=generic --enable-offload-targets=nvptx-none=/build/gcc-11-XeT9lY/gcc-11-11.4.0/debian/tmp-nvptx/usr,amdgcn-amdhsa=/build/gcc-11-XeT9lY/gcc-11-11.4.0/debian/tmp-gcn/usr --without-cuda-driver --enable-checking=release --build=x86_64-linux-gnu --host=x86_64-linux-gnu --target=x86_64-linux-gnu --with-build-config=bootstrap-lto-lean --enable-link-serialization=2
Thread model: posix
Supported LTO compression algorithms: zlib zstd
gcc version 11.4.0 (Ubuntu 11.4.0-1ubuntu1~22.04) 
COMPILER_PATH=/usr/lib/gcc/x86_64-linux-gnu/11/:/usr/lib/gcc/x86_64-linux-gnu/11/:/usr/lib/gcc/x86_64-linux-gnu/:/usr/lib/gcc/x86_64-linux-gnu/11/:/usr/lib/gcc/x86_64-linux-gnu/
LIBRARY_PATH=/usr/lib/gcc/x86_64-linux-gnu/11/:/usr/lib/gcc/x86_64-linux-gnu/11/../../../x86_64-linux-gnu/:/usr/lib/gcc/x86_64-linux-gnu/11/../../../../lib/:/lib/x86_64-linux-gnu/:/lib/../lib/:/usr/lib/x86_64-linux-gnu/:/usr/lib/../lib/:/usr/lib/gcc/x86_64-linux-gnu/11/../../../:/lib/:/usr/lib/
COLLECT_GCC_OPTIONS='-v' '-o' 'cmTC_22070' '-mtune=generic' '-march=x86-64' '-dumpdir' 'cmTC_22070.'
 /usr/lib/gcc/x86_64-linux-gnu/11/collect2 -plugin /usr/lib/gcc/x86_64-linux-gnu/11/liblto_plugin.so -plugin-opt=/usr/lib/gcc/x86_64-linux-gnu/11/lto-wrapper -plugin-opt=-fresolution=/tmp/cc62M12n.res -plugin-opt=-pass-through=-lgcc -plugin-opt=-pass-through=-lgcc_s -plugin-opt=-pass-through=-lc -plugin-opt=-pass-through=-lgcc -plugin-opt=-pass-through=-lgcc_s --build-id --eh-frame-hdr -m elf_x86_64 --hash-style=gnu --as-needed -dynamic-linker /lib64/ld-linux-x86-64.so.2 -pie -z now -z relro -o cmTC_22070 /usr/lib/gcc/x86_64-linux-gnu/11/../../../x86_64-linux-gnu/Scrt1.o /usr/lib/gcc/x86_64-linux-gnu/11/../../../x86_64-linux-gnu/crti.o /usr/lib/gcc/x86_64-linux-gnu/11/crtbeginS.o -L/usr/lib/gcc/x86_64-linux-gnu/11 -L/usr/lib/gcc/x86_64-linux-gnu/11/../../../x86_64-linux-gnu -L/usr/lib/gcc/x86_64-linux-gnu/11/../../../../lib -L/lib/x86_64-linux-gnu -L/lib/../lib -L/usr/lib/x86_64-linux-gnu -L/usr/lib/../lib -L/usr/lib/gcc/x86_64-linux-gnu/11/../../.. CMakeFiles/cmTC_22070.dir/CMakeCCompilerABI.c.o -lgcc --push-state --as-needed -lgcc_s --pop-state -lc -lgcc --push-state --as-needed -lgcc_s --pop-state /usr/lib/gcc/x86_64-linux-gnu/11/crtendS.o /usr/lib/gcc/x86_64-linux-gnu/11/../../../x86_64-linux-gnu/crtn.o
COLLECT_GCC_OPTIONS='-v' '-o' 'cmTC_22070' '-mtune=generic' '-march=x86-64' '-dumpdir' 'cmTC_22070.'
gmake[1]: Leaving directory '/home/yzwu/Desktop/soc_test/vadd_host/build/x86sim/CMakeFiles/CMakeTmp'



Parsed C implicit include dir info from above output: rv=done
  found start of include info
  found start of implicit include info
    add: [/usr/lib/gcc/x86_64-linux-gnu/11/include]
    add: [/usr/local/include]
    add: [/usr/include/x86_64-linux-gnu]
    add: [/usr/include]
  end of search list found
  collapse include dir [/usr/lib/gcc/x86_64-linux-gnu/11/include] ==> [/usr/lib/gcc/x86_64-linux-gnu/11/include]
  collapse include dir [/usr/local/include] ==> [/usr/local/include]
  collapse include dir [/usr/include/x86_64-linux-gnu] ==> [/usr/include/x86_64-linux-gnu]
  collapse include dir [/usr/include] ==> [/usr/include]
  implicit include dirs: [/usr/lib/gcc/x86_64-linux-gnu/11/include;/usr/local/include;/usr/include/x86_64-linux-gnu;/usr/include]


Parsed C implicit link information from above output:
  link line regex: [^( *|.*[/\])(ld|CMAKE_LINK_STARTFILE-NOTFOUND|([^/\]+-)?ld|collect2)[^/\]*( |$)]
  ignore line: [Change Dir: /home/yzwu/Desktop/soc_test/vadd_host/build/x86sim/CMakeFiles/CMakeTmp]
  ignore line: []
  ignore line: [Run Build Command(s):/usr/bin/gmake -f Makefile cmTC_22070/fast && /usr/bin/gmake  -f CMakeFiles/cmTC_22070.dir/build.make CMakeFiles/cmTC_22070.dir/build]
  ignore line: [gmake[1]: Entering directory '/home/yzwu/Desktop/soc_test/vadd_host/build/x86sim/CMakeFiles/CMakeTmp']
  ignore line: [Building C object CMakeFiles/cmTC_22070.dir/CMakeCCompilerABI.c.o]
  ignore line: [/usr/bin/gcc   -v -o CMakeFiles/cmTC_22070.dir/CMakeCCompilerABI.c.o -c /tools/Xilinx/Vitis/2023.2/tps/lnx64/cmake-3.24.2/share/cmake-3.24/Modules/CMakeCCompilerABI.c]
  ignore line: [Using built-in specs.]
  ignore line: [COLLECT_GCC=/usr/bin/gcc]
  ignore line: [OFFLOAD_TARGET_NAMES=nvptx-none:amdgcn-amdhsa]
  ignore line: [OFFLOAD_TARGET_DEFAULT=1]
  ignore line: [Target: x86_64-linux-gnu]
  ignore line: [Configured with: ../src/configure -v --with-pkgversion='Ubuntu 11.4.0-1ubuntu1~22.04' --with-bugurl=file:///usr/share/doc/gcc-11/README.Bugs --enable-languages=c ada c++ go brig d fortran objc obj-c++ m2 --prefix=/usr --with-gcc-major-version-only --program-suffix=-11 --program-prefix=x86_64-linux-gnu- --enable-shared --enable-linker-build-id --libexecdir=/usr/lib --without-included-gettext --enable-threads=posix --libdir=/usr/lib --enable-nls --enable-bootstrap --enable-clocale=gnu --enable-libstdcxx-debug --enable-libstdcxx-time=yes --with-default-libstdcxx-abi=new --enable-gnu-unique-object --disable-vtable-verify --enable-plugin --enable-default-pie --with-system-zlib --enable-libphobos-checking=release --with-target-system-zlib=auto --enable-objc-gc=auto --enable-multiarch --disable-werror --enable-cet --with-arch-32=i686 --with-abi=m64 --with-multilib-list=m32 m64 mx32 --enable-multilib --with-tune=generic --enable-offload-targets=nvptx-none=/build/gcc-11-XeT9lY/gcc-11-11.4.0/debian/tmp-nvptx/usr amdgcn-amdhsa=/build/gcc-11-XeT9lY/gcc-11-11.4.0/debian/tmp-gcn/usr --without-cuda-driver --enable-checking=release --build=x86_64-linux-gnu --host=x86_64-linux-gnu --target=x86_64-linux-gnu --with-build-config=bootstrap-lto-lean --enable-link-serialization=2]
  ignore line: [Thread model: posix]
  ignore line: [Supported LTO compression algorithms: zlib zstd]
  ignore line: [gcc version 11.4.0 (Ubuntu 11.4.0-1ubuntu1~22.04) ]
  ignore line: [COLLECT_GCC_OPTIONS='-v' '-o' 'CMakeFiles/cmTC_22070.dir/CMakeCCompilerABI.c.o' '-c' '-mtune=generic' '-march=x86-64' '-dumpdir' 'CMakeFiles/cmTC_22070.dir/']
  ignore line: [ /usr/lib/gcc/x86_64-linux-gnu/11/cc1 -quiet -v -imultiarch x86_64-linux-gnu /tools/Xilinx/Vitis/2023.2/tps/lnx64/cmake-3.24.2/share/cmake-3.24/Modules/CMakeCCompilerABI.c -quiet -dumpdir CMakeFiles/cmTC_22070.dir/ -dumpbase CMakeCCompilerABI.c.c -dumpbase-ext .c -mtune=generic -march=x86-64 -version -fasynchronous-unwind-tables -fstack-protector-strong -Wformat -Wformat-security -fstack-clash-protection -fcf-protection -o /tmp/ccNpJBkx.s]
  ignore line: [GNU C17 (Ubuntu 11.4.0-1ubuntu1~22.04) version 11.4.0 (x86_64-linux-gnu)]
  ignore line: [	compiled by GNU C version 11.4.0  GMP version 6.2.1  MPFR version 4.1.0  MPC version 1.2.1  isl version isl-0.24-GMP]
  ignore line: []
  ignore line: [GGC heuristics: --param ggc-min-expand=100 --param ggc-min-heapsize=131072]
  ignore line: [ignoring nonexistent directory "/usr/local/include/x86_64-linux-gnu"]
  ignore line: [ignoring nonexistent directory "/usr/lib/gcc/x86_64-linux-gnu/11/include-fixed"]
  ignore line: [ignoring nonexistent directory "/usr/lib/gcc/x86_64-linux-gnu/11/../../../../x86_64-linux-gnu/include"]
  ignore line: [#include "..." search starts here:]
  ignore line: [#include <...> search starts here:]
  ignore line: [ /usr/lib/gcc/x86_64-linux-gnu/11/include]
  ignore line: [ /usr/local/include]
  ignore line: [ /usr/include/x86_64-linux-gnu]
  ignore line: [ /usr/include]
  ignore line: [End of search list.]
  ignore line: [GNU C17 (Ubuntu 11.4.0-1ubuntu1~22.04) version 11.4.0 (x86_64-linux-gnu)]
  ignore line: [	compiled by GNU C version 11.4.0  GMP version 6.2.1  MPFR version 4.1.0  MPC version 1.2.1  isl version isl-0.24-GMP]
  ignore line: []
  ignore line: [GGC heuristics: --param ggc-min-expand=100 --param ggc-min-heapsize=131072]
  ignore line: [Compiler executable checksum: 50eaa2331df977b8016186198deb2d18]
  ignore line: [COLLECT_GCC_OPTIONS='-v' '-o' 'CMakeFiles/cmTC_22070.dir/CMakeCCompilerABI.c.o' '-c' '-mtune=generic' '-march=x86-64' '-dumpdir' 'CMakeFiles/cmTC_22070.dir/']
  ignore line: [ as -v --64 -o CMakeFiles/cmTC_22070.dir/CMakeCCompilerABI.c.o /tmp/ccNpJBkx.s]
  ignore line: [GNU assembler version 2.38 (x86_64-linux-gnu) using BFD version (GNU Binutils for Ubuntu) 2.38]
  ignore line: [COMPILER_PATH=/usr/lib/gcc/x86_64-linux-gnu/11/:/usr/lib/gcc/x86_64-linux-gnu/11/:/usr/lib/gcc/x86_64-linux-gnu/:/usr/lib/gcc/x86_64-linux-gnu/11/:/usr/lib/gcc/x86_64-linux-gnu/]
  ignore line: [LIBRARY_PATH=/usr/lib/gcc/x86_64-linux-gnu/11/:/usr/lib/gcc/x86_64-linux-gnu/11/../../../x86_64-linux-gnu/:/usr/lib/gcc/x86_64-linux-gnu/11/../../../../lib/:/lib/x86_64-linux-gnu/:/lib/../lib/:/usr/lib/x86_64-linux-gnu/:/usr/lib/../lib/:/usr/lib/gcc/x86_64-linux-gnu/11/../../../:/lib/:/usr/lib/]
  ignore line: [COLLECT_GCC_OPTIONS='-v' '-o' 'CMakeFiles/cmTC_22070.dir/CMakeCCompilerABI.c.o' '-c' '-mtune=generic' '-march=x86-64' '-dumpdir' 'CMakeFiles/cmTC_22070.dir/CMakeCCompilerABI.c.']
  ignore line: [Linking C executable cmTC_22070]
  ignore line: [/tools/Xilinx/Vitis/2023.2/tps/lnx64/cmake-3.24.2/bin/cmake -E cmake_link_script CMakeFiles/cmTC_22070.dir/link.txt --verbose=1]
  ignore line: [/usr/bin/gcc  -v CMakeFiles/cmTC_22070.dir/CMakeCCompilerABI.c.o -o cmTC_22070 ]
  ignore line: [Using built-in specs.]
  ignore line: [COLLECT_GCC=/usr/bin/gcc]
  ignore line: [COLLECT_LTO_WRAPPER=/usr/lib/gcc/x86_64-linux-gnu/11/lto-wrapper]
  ignore line: [OFFLOAD_TARGET_NAMES=nvptx-none:amdgcn-amdhsa]
  ignore line: [OFFLOAD_TARGET_DEFAULT=1]
  ignore line: [Target: x86_64-linux-gnu]
  ignore line: [Configured with: ../src/configure -v --with-pkgversion='Ubuntu 11.4.0-1ubuntu1~22.04' --with-bugurl=file:///usr/share/doc/gcc-11/README.Bugs --enable-languages=c ada c++ go brig d fortran objc obj-c++ m2 --prefix=/usr --with-gcc-major-version-only --program-suffix=-11 --program-prefix=x86_64-linux-gnu- --enable-shared --enable-linker-build-id --libexecdir=/usr/lib --without-included-gettext --enable-threads=posix --libdir=/usr/lib --enable-nls --enable-bootstrap --enable-clocale=gnu --enable-libstdcxx-debug --enable-libstdcxx-time=yes --with-default-libstdcxx-abi=new --enable-gnu-unique-object --disable-vtable-verify --enable-plugin --enable-default-pie --with-system-zlib --enable-libphobos-checking=release --with-target-system-zlib=auto --enable-objc-gc=auto --enable-multiarch --disable-werror --enable-cet --with-arch-32=i686 --with-abi=m64 --with-multilib-list=m32 m64 mx32 --enable-multilib --with-tune=generic --enable-offload-targets=nvptx-none=/build/gcc-11-XeT9lY/gcc-11-11.4.0/debian/tmp-nvptx/usr amdgcn-amdhsa=/build/gcc-11-XeT9lY/gcc-11-11.4.0/debian/tmp-gcn/usr --without-cuda-driver --enable-checking=release --build=x86_64-linux-gnu --host=x86_64-linux-gnu --target=x86_64-linux-gnu --with-build-config=bootstrap-lto-lean --enable-link-serialization=2]
  ignore line: [Thread model: posix]
  ignore line: [Supported LTO compression algorithms: zlib zstd]
  ignore line: [gcc version 11.4.0 (Ubuntu 11.4.0-1ubuntu1~22.04) ]
  ignore line: [COMPILER_PATH=/usr/lib/gcc/x86_64-linux-gnu/11/:/usr/lib/gcc/x86_64-linux-gnu/11/:/usr/lib/gcc/x86_64-linux-gnu/:/usr/lib/gcc/x86_64-linux-gnu/11/:/usr/lib/gcc/x86_64-linux-gnu/]
  ignore line: [LIBRARY_PATH=/usr/lib/gcc/x86_64-linux-gnu/11/:/usr/lib/gcc/x86_64-linux-gnu/11/../../../x86_64-linux-gnu/:/usr/lib/gcc/x86_64-linux-gnu/11/../../../../lib/:/lib/x86_64-linux-gnu/:/lib/../lib/:/usr/lib/x86_64-linux-gnu/:/usr/lib/../lib/:/usr/lib/gcc/x86_64-linux-gnu/11/../../../:/lib/:/usr/lib/]
  ignore line: [COLLECT_GCC_OPTIONS='-v' '-o' 'cmTC_22070' '-mtune=generic' '-march=x86-64' '-dumpdir' 'cmTC_22070.']
  link line: [ /usr/lib/gcc/x86_64-linux-gnu/11/collect2 -plugin /usr/lib/gcc/x86_64-linux-gnu/11/liblto_plugin.so -plugin-opt=/usr/lib/gcc/x86_64-linux-gnu/11/lto-wrapper -plugin-opt=-fresolution=/tmp/cc62M12n.res -plugin-opt=-pass-through=-lgcc -plugin-opt=-pass-through=-lgcc_s -plugin-opt=-pass-through=-lc -plugin-opt=-pass-through=-lgcc -plugin-opt=-pass-through=-lgcc_s --build-id --eh-frame-hdr -m elf_x86_64 --hash-style=gnu --as-needed -dynamic-linker /lib64/ld-linux-x86-64.so.2 -pie -z now -z relro -o cmTC_22070 /usr/lib/gcc/x86_64-linux-gnu/11/../../../x86_64-linux-gnu/Scrt1.o /usr/lib/gcc/x86_64-linux-gnu/11/../../../x86_64-linux-gnu/crti.o /usr/lib/gcc/x86_64-linux-gnu/11/crtbeginS.o -L/usr/lib/gcc/x86_64-linux-gnu/11 -L/usr/lib/gcc/x86_64-linux-gnu/11/../../../x86_64-linux-gnu -L/usr/lib/gcc/x86_64-linux-gnu/11/../../../../lib -L/lib/x86_64-linux-gnu -L/lib/../lib -L/usr/lib/x86_64-linux-gnu -L/usr/lib/../lib -L/usr/lib/gcc/x86_64-linux-gnu/11/../../.. CMakeFiles/cmTC_22070.dir/CMakeCCompilerABI.c.o -lgcc --push-state --as-needed -lgcc_s --pop-state -lc -lgcc --push-state --as-needed -lgcc_s --pop-state /usr/lib/gcc/x86_64-linux-gnu/11/crtendS.o /usr/lib/gcc/x86_64-linux-gnu/11/../../../x86_64-linux-gnu/crtn.o]
    arg [/usr/lib/gcc/x86_64-linux-gnu/11/collect2] ==> ignore
    arg [-plugin] ==> ignore
    arg [/usr/lib/gcc/x86_64-linux-gnu/11/liblto_plugin.so] ==> ignore
    arg [-plugin-opt=/usr/lib/gcc/x86_64-linux-gnu/11/lto-wrapper] ==> ignore
    arg [-plugin-opt=-fresolution=/tmp/cc62M12n.res] ==> ignore
    arg [-plugin-opt=-pass-through=-lgcc] ==> ignore
    arg [-plugin-opt=-pass-through=-lgcc_s] ==> ignore
    arg [-plugin-opt=-pass-through=-lc] ==> ignore
    arg [-plugin-opt=-pass-through=-lgcc] ==> ignore
    arg [-plugin-opt=-pass-through=-lgcc_s] ==> ignore
    arg [--build-id] ==> ignore
    arg [--eh-frame-hdr] ==> ignore
    arg [-m] ==> ignore
    arg [elf_x86_64] ==> ignore
    arg [--hash-style=gnu] ==> ignore
    arg [--as-needed] ==> ignore
    arg [-dynamic-linker] ==> ignore
    arg [/lib64/ld-linux-x86-64.so.2] ==> ignore
    arg [-pie] ==> ignore
    arg [-znow] ==> ignore
    arg [-zrelro] ==> ignore
    arg [-o] ==> ignore
    arg [cmTC_22070] ==> ignore
    arg [/usr/lib/gcc/x86_64-linux-gnu/11/../../../x86_64-linux-gnu/Scrt1.o] ==> obj [/usr/lib/gcc/x86_64-linux-gnu/11/../../../x86_64-linux-gnu/Scrt1.o]
    arg [/usr/lib/gcc/x86_64-linux-gnu/11/../../../x86_64-linux-gnu/crti.o] ==> obj [/usr/lib/gcc/x86_64-linux-gnu/11/../../../x86_64-linux-gnu/crti.o]
    arg [/usr/lib/gcc/x86_64-linux-gnu/11/crtbeginS.o] ==> obj [/usr/lib/gcc/x86_64-linux-gnu/11/crtbeginS.o]
    arg [-L/usr/lib/gcc/x86_64-linux-gnu/11] ==> dir [/usr/lib/gcc/x86_64-linux-gnu/11]
    arg [-L/usr/lib/gcc/x86_64-linux-gnu/11/../../../x86_64-linux-gnu] ==> dir [/usr/lib/gcc/x86_64-linux-gnu/11/../../../x86_64-linux-gnu]
    arg [-L/usr/lib/gcc/x86_64-linux-gnu/11/../../../../lib] ==> dir [/usr/lib/gcc/x86_64-linux-gnu/11/../../../../lib]
    arg [-L/lib/x86_64-linux-gnu] ==> dir [/lib/x86_64-linux-gnu]
    arg [-L/lib/../lib] ==> dir [/lib/../lib]
    arg [-L/usr/lib/x86_64-linux-gnu] ==> dir [/usr/lib/x86_64-linux-gnu]
    arg [-L/usr/lib/../lib] ==> dir [/usr/lib/../lib]
    arg [-L/usr/lib/gcc/x86_64-linux-gnu/11/../../..] ==> dir [/usr/lib/gcc/x86_64-linux-gnu/11/../../..]
    arg [CMakeFiles/cmTC_22070.dir/CMakeCCompilerABI.c.o] ==> ignore
    arg [-lgcc] ==> lib [gcc]
    arg [--push-state] ==> ignore
    arg [--as-needed] ==> ignore
    arg [-lgcc_s] ==> lib [gcc_s]
    arg [--pop-state] ==> ignore
    arg [-lc] ==> lib [c]
    arg [-lgcc] ==> lib [gcc]
    arg [--push-state] ==> ignore
    arg [--as-needed] ==> ignore
    arg [-lgcc_s] ==> lib [gcc_s]
    arg [--pop-state] ==> ignore
    arg [/usr/lib/gcc/x86_64-linux-gnu/11/crtendS.o] ==> obj [/usr/lib/gcc/x86_64-linux-gnu/11/crtendS.o]
    arg [/usr/lib/gcc/x86_64-linux-gnu/11/../../../x86_64-linux-gnu/crtn.o] ==> obj [/usr/lib/gcc/x86_64-linux-gnu/11/../../../x86_64-linux-gnu/crtn.o]
  collapse obj [/usr/lib/gcc/x86_64-linux-gnu/11/../../../x86_64-linux-gnu/Scrt1.o] ==> [/usr/lib/x86_64-linux-gnu/Scrt1.o]
  collapse obj [/usr/lib/gcc/x86_64-linux-gnu/11/../../../x86_64-linux-gnu/crti.o] ==> [/usr/lib/x86_64-linux-gnu/crti.o]
  collapse obj [/usr/lib/gcc/x86_64-linux-gnu/11/../../../x86_64-linux-gnu/crtn.o] ==> [/usr/lib/x86_64-linux-gnu/crtn.o]
  collapse library dir [/usr/lib/gcc/x86_64-linux-gnu/11] ==> [/usr/lib/gcc/x86_64-linux-gnu/11]
  collapse library dir [/usr/lib/gcc/x86_64-linux-gnu/11/../../../x86_64-linux-gnu] ==> [/usr/lib/x86_64-linux-gnu]
  collapse library dir [/usr/lib/gcc/x86_64-linux-gnu/11/../../../../lib] ==> [/usr/lib]
  collapse library dir [/lib/x86_64-linux-gnu] ==> [/lib/x86_64-linux-gnu]
  collapse library dir [/lib/../lib] ==> [/lib]
  collapse library dir [/usr/lib/x86_64-linux-gnu] ==> [/usr/lib/x86_64-linux-gnu]
  collapse library dir [/usr/lib/../lib] ==> [/usr/lib]
  collapse library dir [/usr/lib/gcc/x86_64-linux-gnu/11/../../..] ==> [/usr/lib]
  implicit libs: [gcc;gcc_s;c;gcc;gcc_s]
  implicit objs: [/usr/lib/x86_64-linux-gnu/Scrt1.o;/usr/lib/x86_64-linux-gnu/crti.o;/usr/lib/gcc/x86_64-linux-gnu/11/crtbeginS.o;/usr/lib/gcc/x86_64-linux-gnu/11/crtendS.o;/usr/lib/x86_64-linux-gnu/crtn.o]
  implicit dirs: [/usr/lib/gcc/x86_64-linux-gnu/11;/usr/lib/x86_64-linux-gnu;/usr/lib;/lib/x86_64-linux-gnu;/lib]
  implicit fwks: []


Detecting CXX compiler ABI info compiled with the following output:
Change Dir: /home/yzwu/Desktop/soc_test/vadd_host/build/x86sim/CMakeFiles/CMakeTmp

Run Build Command(s):/usr/bin/gmake -f Makefile cmTC_137e5/fast && /usr/bin/gmake  -f CMakeFiles/cmTC_137e5.dir/build.make CMakeFiles/cmTC_137e5.dir/build
gmake[1]: Entering directory '/home/yzwu/Desktop/soc_test/vadd_host/build/x86sim/CMakeFiles/CMakeTmp'
Building CXX object CMakeFiles/cmTC_137e5.dir/CMakeCXXCompilerABI.cpp.o
/usr/bin/g++   -v -o CMakeFiles/cmTC_137e5.dir/CMakeCXXCompilerABI.cpp.o -c /tools/Xilinx/Vitis/2023.2/tps/lnx64/cmake-3.24.2/share/cmake-3.24/Modules/CMakeCXXCompilerABI.cpp
Using built-in specs.
COLLECT_GCC=/usr/bin/g++
OFFLOAD_TARGET_NAMES=nvptx-none:amdgcn-amdhsa
OFFLOAD_TARGET_DEFAULT=1
Target: x86_64-linux-gnu
Configured with: ../src/configure -v --with-pkgversion='Ubuntu 11.4.0-1ubuntu1~22.04' --with-bugurl=file:///usr/share/doc/gcc-11/README.Bugs --enable-languages=c,ada,c++,go,brig,d,fortran,objc,obj-c++,m2 --prefix=/usr --with-gcc-major-version-only --program-suffix=-11 --program-prefix=x86_64-linux-gnu- --enable-shared --enable-linker-build-id --libexecdir=/usr/lib --without-included-gettext --enable-threads=posix --libdir=/usr/lib --enable-nls --enable-bootstrap --enable-clocale=gnu --enable-libstdcxx-debug --enable-libstdcxx-time=yes --with-default-libstdcxx-abi=new --enable-gnu-unique-object --disable-vtable-verify --enable-plugin --enable-default-pie --with-system-zlib --enable-libphobos-checking=release --with-target-system-zlib=auto --enable-objc-gc=auto --enable-multiarch --disable-werror --enable-cet --with-arch-32=i686 --with-abi=m64 --with-multilib-list=m32,m64,mx32 --enable-multilib --with-tune=generic --enable-offload-targets=nvptx-none=/build/gcc-11-XeT9lY/gcc-11-11.4.0/debian/tmp-nvptx/usr,amdgcn-amdhsa=/build/gcc-11-XeT9lY/gcc-11-11.4.0/debian/tmp-gcn/usr --without-cuda-driver --enable-checking=release --build=x86_64-linux-gnu --host=x86_64-linux-gnu --target=x86_64-linux-gnu --with-build-config=bootstrap-lto-lean --enable-link-serialization=2
Thread model: posix
Supported LTO compression algorithms: zlib zstd
gcc version 11.4.0 (Ubuntu 11.4.0-1ubuntu1~22.04) 
COLLECT_GCC_OPTIONS='-v' '-o' 'CMakeFiles/cmTC_137e5.dir/CMakeCXXCompilerABI.cpp.o' '-c' '-shared-libgcc' '-mtune=generic' '-march=x86-64' '-dumpdir' 'CMakeFiles/cmTC_137e5.dir/'
 /usr/lib/gcc/x86_64-linux-gnu/11/cc1plus -quiet -v -imultiarch x86_64-linux-gnu -D_GNU_SOURCE /tools/Xilinx/Vitis/2023.2/tps/lnx64/cmake-3.24.2/share/cmake-3.24/Modules/CMakeCXXCompilerABI.cpp -quiet -dumpdir CMakeFiles/cmTC_137e5.dir/ -dumpbase CMakeCXXCompilerABI.cpp.cpp -dumpbase-ext .cpp -mtune=generic -march=x86-64 -version -fasynchronous-unwind-tables -fstack-protector-strong -Wformat -Wformat-security -fstack-clash-protection -fcf-protection -o /tmp/ccevXOfR.s
GNU C++17 (Ubuntu 11.4.0-1ubuntu1~22.04) version 11.4.0 (x86_64-linux-gnu)
	compiled by GNU C version 11.4.0, GMP version 6.2.1, MPFR version 4.1.0, MPC version 1.2.1, isl version isl-0.24-GMP

GGC heuristics: --param ggc-min-expand=100 --param ggc-min-heapsize=131072
ignoring duplicate directory "/usr/include/x86_64-linux-gnu/c++/11"
ignoring nonexistent directory "/usr/local/include/x86_64-linux-gnu"
ignoring nonexistent directory "/usr/lib/gcc/x86_64-linux-gnu/11/include-fixed"
ignoring nonexistent directory "/usr/lib/gcc/x86_64-linux-gnu/11/../../../../x86_64-linux-gnu/include"
#include "..." search starts here:
#include <...> search starts here:
 /usr/include/c++/11
 /usr/include/x86_64-linux-gnu/c++/11
 /usr/include/c++/11/backward
 /usr/lib/gcc/x86_64-linux-gnu/11/include
 /usr/local/include
 /usr/include/x86_64-linux-gnu
 /usr/include
End of search list.
GNU C++17 (Ubuntu 11.4.0-1ubuntu1~22.04) version 11.4.0 (x86_64-linux-gnu)
	compiled by GNU C version 11.4.0, GMP version 6.2.1, MPFR version 4.1.0, MPC version 1.2.1, isl version isl-0.24-GMP

GGC heuristics: --param ggc-min-expand=100 --param ggc-min-heapsize=131072
Compiler executable checksum: d591828bb4d392ae8b7b160e5bb0b95f
COLLECT_GCC_OPTIONS='-v' '-o' 'CMakeFiles/cmTC_137e5.dir/CMakeCXXCompilerABI.cpp.o' '-c' '-shared-libgcc' '-mtune=generic' '-march=x86-64' '-dumpdir' 'CMakeFiles/cmTC_137e5.dir/'
 as -v --64 -o CMakeFiles/cmTC_137e5.dir/CMakeCXXCompilerABI.cpp.o /tmp/ccevXOfR.s
GNU assembler version 2.38 (x86_64-linux-gnu) using BFD version (GNU Binutils for Ubuntu) 2.38
COMPILER_PATH=/usr/lib/gcc/x86_64-linux-gnu/11/:/usr/lib/gcc/x86_64-linux-gnu/11/:/usr/lib/gcc/x86_64-linux-gnu/:/usr/lib/gcc/x86_64-linux-gnu/11/:/usr/lib/gcc/x86_64-linux-gnu/
LIBRARY_PATH=/usr/lib/gcc/x86_64-linux-gnu/11/:/usr/lib/gcc/x86_64-linux-gnu/11/../../../x86_64-linux-gnu/:/usr/lib/gcc/x86_64-linux-gnu/11/../../../../lib/:/lib/x86_64-linux-gnu/:/lib/../lib/:/usr/lib/x86_64-linux-gnu/:/usr/lib/../lib/:/usr/lib/gcc/x86_64-linux-gnu/11/../../../:/lib/:/usr/lib/
COLLECT_GCC_OPTIONS='-v' '-o' 'CMakeFiles/cmTC_137e5.dir/CMakeCXXCompilerABI.cpp.o' '-c' '-shared-libgcc' '-mtune=generic' '-march=x86-64' '-dumpdir' 'CMakeFiles/cmTC_137e5.dir/CMakeCXXCompilerABI.cpp.'
Linking CXX executable cmTC_137e5
/tools/Xilinx/Vitis/2023.2/tps/lnx64/cmake-3.24.2/bin/cmake -E cmake_link_script CMakeFiles/cmTC_137e5.dir/link.txt --verbose=1
/usr/bin/g++  -v CMakeFiles/cmTC_137e5.dir/CMakeCXXCompilerABI.cpp.o -o cmTC_137e5 
Using built-in specs.
COLLECT_GCC=/usr/bin/g++
COLLECT_LTO_WRAPPER=/usr/lib/gcc/x86_64-linux-gnu/11/lto-wrapper
OFFLOAD_TARGET_NAMES=nvptx-none:amdgcn-amdhsa
OFFLOAD_TARGET_DEFAULT=1
Target: x86_64-linux-gnu
Configured with: ../src/configure -v --with-pkgversion='Ubuntu 11.4.0-1ubuntu1~22.04' --with-bugurl=file:///usr/share/doc/gcc-11/README.Bugs --enable-languages=c,ada,c++,go,brig,d,fortran,objc,obj-c++,m2 --prefix=/usr --with-gcc-major-version-only --program-suffix=-11 --program-prefix=x86_64-linux-gnu- --enable-shared --enable-linker-build-id --libexecdir=/usr/lib --without-included-gettext --enable-threads=posix --libdir=/usr/lib --enable-nls --enable-bootstrap --enable-clocale=gnu --enable-libstdcxx-debug --enable-libstdcxx-time=yes --with-default-libstdcxx-abi=new --enable-gnu-unique-object --disable-vtable-verify --enable-plugin --enable-default-pie --with-system-zlib --enable-libphobos-checking=release --with-target-system-zlib=auto --enable-objc-gc=auto --enable-multiarch --disable-werror --enable-cet --with-arch-32=i686 --with-abi=m64 --with-multilib-list=m32,m64,mx32 --enable-multilib --with-tune=generic --enable-offload-targets=nvptx-none=/build/gcc-11-XeT9lY/gcc-11-11.4.0/debian/tmp-nvptx/usr,amdgcn-amdhsa=/build/gcc-11-XeT9lY/gcc-11-11.4.0/debian/tmp-gcn/usr --without-cuda-driver --enable-checking=release --build=x86_64-linux-gnu --host=x86_64-linux-gnu --target=x86_64-linux-gnu --with-build-config=bootstrap-lto-lean --enable-link-serialization=2
Thread model: posix
Supported LTO compression algorithms: zlib zstd
gcc version 11.4.0 (Ubuntu 11.4.0-1ubuntu1~22.04) 
COMPILER_PATH=/usr/lib/gcc/x86_64-linux-gnu/11/:/usr/lib/gcc/x86_64-linux-gnu/11/:/usr/lib/gcc/x86_64-linux-gnu/:/usr/lib/gcc/x86_64-linux-gnu/11/:/usr/lib/gcc/x86_64-linux-gnu/
LIBRARY_PATH=/usr/lib/gcc/x86_64-linux-gnu/11/:/usr/lib/gcc/x86_64-linux-gnu/11/../../../x86_64-linux-gnu/:/usr/lib/gcc/x86_64-linux-gnu/11/../../../../lib/:/lib/x86_64-linux-gnu/:/lib/../lib/:/usr/lib/x86_64-linux-gnu/:/usr/lib/../lib/:/usr/lib/gcc/x86_64-linux-gnu/11/../../../:/lib/:/usr/lib/
COLLECT_GCC_OPTIONS='-v' '-o' 'cmTC_137e5' '-shared-libgcc' '-mtune=generic' '-march=x86-64' '-dumpdir' 'cmTC_137e5.'
 /usr/lib/gcc/x86_64-linux-gnu/11/collect2 -plugin /usr/lib/gcc/x86_64-linux-gnu/11/liblto_plugin.so -plugin-opt=/usr/lib/gcc/x86_64-linux-gnu/11/lto-wrapper -plugin-opt=-fresolution=/tmp/ccNcQUfN.res -plugin-opt=-pass-through=-lgcc_s -plugin-opt=-pass-through=-lgcc -plugin-opt=-pass-through=-lc -plugin-opt=-pass-through=-lgcc_s -plugin-opt=-pass-through=-lgcc --build-id --eh-frame-hdr -m elf_x86_64 --hash-style=gnu --as-needed -dynamic-linker /lib64/ld-linux-x86-64.so.2 -pie -z now -z relro -o cmTC_137e5 /usr/lib/gcc/x86_64-linux-gnu/11/../../../x86_64-linux-gnu/Scrt1.o /usr/lib/gcc/x86_64-linux-gnu/11/../../../x86_64-linux-gnu/crti.o /usr/lib/gcc/x86_64-linux-gnu/11/crtbeginS.o -L/usr/lib/gcc/x86_64-linux-gnu/11 -L/usr/lib/gcc/x86_64-linux-gnu/11/../../../x86_64-linux-gnu -L/usr/lib/gcc/x86_64-linux-gnu/11/../../../../lib -L/lib/x86_64-linux-gnu -L/lib/../lib -L/usr/lib/x86_64-linux-gnu -L/usr/lib/../lib -L/usr/lib/gcc/x86_64-linux-gnu/11/../../.. CMakeFiles/cmTC_137e5.dir/CMakeCXXCompilerABI.cpp.o -lstdc++ -lm -lgcc_s -lgcc -lc -lgcc_s -lgcc /usr/lib/gcc/x86_64-linux-gnu/11/crtendS.o /usr/lib/gcc/x86_64-linux-gnu/11/../../../x86_64-linux-gnu/crtn.o
COLLECT_GCC_OPTIONS='-v' '-o' 'cmTC_137e5' '-shared-libgcc' '-mtune=generic' '-march=x86-64' '-dumpdir' 'cmTC_137e5.'
gmake[1]: Leaving directory '/home/yzwu/Desktop/soc_test/vadd_host/build/x86sim/CMakeFiles/CMakeTmp'



Parsed CXX implicit include dir info from above output: rv=done
  found start of include info
  found start of implicit include info
    add: [/usr/include/c++/11]
    add: [/usr/include/x86_64-linux-gnu/c++/11]
    add: [/usr/include/c++/11/backward]
    add: [/usr/lib/gcc/x86_64-linux-gnu/11/include]
    add: [/usr/local/include]
    add: [/usr/include/x86_64-linux-gnu]
    add: [/usr/include]
  end of search list found
  collapse include dir [/usr/include/c++/11] ==> [/usr/include/c++/11]
  collapse include dir [/usr/include/x86_64-linux-gnu/c++/11] ==> [/usr/include/x86_64-linux-gnu/c++/11]
  collapse include dir [/usr/include/c++/11/backward] ==> [/usr/include/c++/11/backward]
  collapse include dir [/usr/lib/gcc/x86_64-linux-gnu/11/include] ==> [/usr/lib/gcc/x86_64-linux-gnu/11/include]
  collapse include dir [/usr/local/include] ==> [/usr/local/include]
  collapse include dir [/usr/include/x86_64-linux-gnu] ==> [/usr/include/x86_64-linux-gnu]
  collapse include dir [/usr/include] ==> [/usr/include]
  implicit include dirs: [/usr/include/c++/11;/usr/include/x86_64-linux-gnu/c++/11;/usr/include/c++/11/backward;/usr/lib/gcc/x86_64-linux-gnu/11/include;/usr/local/include;/usr/include/x86_64-linux-gnu;/usr/include]


Parsed CXX implicit link information from above output:
  link line regex: [^( *|.*[/\])(ld|CMAKE_LINK_STARTFILE-NOTFOUND|([^/\]+-)?ld|collect2)[^/\]*( |$)]
  ignore line: [Change Dir: /home/yzwu/Desktop/soc_test/vadd_host/build/x86sim/CMakeFiles/CMakeTmp]
  ignore line: []
  ignore line: [Run Build Command(s):/usr/bin/gmake -f Makefile cmTC_137e5/fast && /usr/bin/gmake  -f CMakeFiles/cmTC_137e5.dir/build.make CMakeFiles/cmTC_137e5.dir/build]
  ignore line: [gmake[1]: Entering directory '/home/yzwu/Desktop/soc_test/vadd_host/build/x86sim/CMakeFiles/CMakeTmp']
  ignore line: [Building CXX object CMakeFiles/cmTC_137e5.dir/CMakeCXXCompilerABI.cpp.o]
  ignore line: [/usr/bin/g++   -v -o CMakeFiles/cmTC_137e5.dir/CMakeCXXCompilerABI.cpp.o -c /tools/Xilinx/Vitis/2023.2/tps/lnx64/cmake-3.24.2/share/cmake-3.24/Modules/CMakeCXXCompilerABI.cpp]
  ignore line: [Using built-in specs.]
  ignore line: [COLLECT_GCC=/usr/bin/g++]
  ignore line: [OFFLOAD_TARGET_NAMES=nvptx-none:amdgcn-amdhsa]
  ignore line: [OFFLOAD_TARGET_DEFAULT=1]
  ignore line: [Target: x86_64-linux-gnu]
  ignore line: [Configured with: ../src/configure -v --with-pkgversion='Ubuntu 11.4.0-1ubuntu1~22.04' --with-bugurl=file:///usr/share/doc/gcc-11/README.Bugs --enable-languages=c ada c++ go brig d fortran objc obj-c++ m2 --prefix=/usr --with-gcc-major-version-only --program-suffix=-11 --program-prefix=x86_64-linux-gnu- --enable-shared --enable-linker-build-id --libexecdir=/usr/lib --without-included-gettext --enable-threads=posix --libdir=/usr/lib --enable-nls --enable-bootstrap --enable-clocale=gnu --enable-libstdcxx-debug --enable-libstdcxx-time=yes --with-default-libstdcxx-abi=new --enable-gnu-unique-object --disable-vtable-verify --enable-plugin --enable-default-pie --with-system-zlib --enable-libphobos-checking=release --with-target-system-zlib=auto --enable-objc-gc=auto --enable-multiarch --disable-werror --enable-cet --with-arch-32=i686 --with-abi=m64 --with-multilib-list=m32 m64 mx32 --enable-multilib --with-tune=generic --enable-offload-targets=nvptx-none=/build/gcc-11-XeT9lY/gcc-11-11.4.0/debian/tmp-nvptx/usr amdgcn-amdhsa=/build/gcc-11-XeT9lY/gcc-11-11.4.0/debian/tmp-gcn/usr --without-cuda-driver --enable-checking=release --build=x86_64-linux-gnu --host=x86_64-linux-gnu --target=x86_64-linux-gnu --with-build-config=bootstrap-lto-lean --enable-link-serialization=2]
  ignore line: [Thread model: posix]
  ignore line: [Supported LTO compression algorithms: zlib zstd]
  ignore line: [gcc version 11.4.0 (Ubuntu 11.4.0-1ubuntu1~22.04) ]
  ignore line: [COLLECT_GCC_OPTIONS='-v' '-o' 'CMakeFiles/cmTC_137e5.dir/CMakeCXXCompilerABI.cpp.o' '-c' '-shared-libgcc' '-mtune=generic' '-march=x86-64' '-dumpdir' 'CMakeFiles/cmTC_137e5.dir/']
  ignore line: [ /usr/lib/gcc/x86_64-linux-gnu/11/cc1plus -quiet -v -imultiarch x86_64-linux-gnu -D_GNU_SOURCE /tools/Xilinx/Vitis/2023.2/tps/lnx64/cmake-3.24.2/share/cmake-3.24/Modules/CMakeCXXCompilerABI.cpp -quiet -dumpdir CMakeFiles/cmTC_137e5.dir/ -dumpbase CMakeCXXCompilerABI.cpp.cpp -dumpbase-ext .cpp -mtune=generic -march=x86-64 -version -fasynchronous-unwind-tables -fstack-protector-strong -Wformat -Wformat-security -fstack-clash-protection -fcf-protection -o /tmp/ccevXOfR.s]
  ignore line: [GNU C++17 (Ubuntu 11.4.0-1ubuntu1~22.04) version 11.4.0 (x86_64-linux-gnu)]
  ignore line: [	compiled by GNU C version 11.4.0  GMP version 6.2.1  MPFR version 4.1.0  MPC version 1.2.1  isl version isl-0.24-GMP]
  ignore line: []
  ignore line: [GGC heuristics: --param ggc-min-expand=100 --param ggc-min-heapsize=131072]
  ignore line: [ignoring duplicate directory "/usr/include/x86_64-linux-gnu/c++/11"]
  ignore line: [ignoring nonexistent directory "/usr/local/include/x86_64-linux-gnu"]
  ignore line: [ignoring nonexistent directory "/usr/lib/gcc/x86_64-linux-gnu/11/include-fixed"]
  ignore line: [ignoring nonexistent directory "/usr/lib/gcc/x86_64-linux-gnu/11/../../../../x86_64-linux-gnu/include"]
  ignore line: [#include "..." search starts here:]
  ignore line: [#include <...> search starts here:]
  ignore line: [ /usr/include/c++/11]
  ignore line: [ /usr/include/x86_64-linux-gnu/c++/11]
  ignore line: [ /usr/include/c++/11/backward]
  ignore line: [ /usr/lib/gcc/x86_64-linux-gnu/11/include]
  ignore line: [ /usr/local/include]
  ignore line: [ /usr/include/x86_64-linux-gnu]
  ignore line: [ /usr/include]
  ignore line: [End of search list.]
  ignore line: [GNU C++17 (Ubuntu 11.4.0-1ubuntu1~22.04) version 11.4.0 (x86_64-linux-gnu)]
  ignore line: [	compiled by GNU C version 11.4.0  GMP version 6.2.1  MPFR version 4.1.0  MPC version 1.2.1  isl version isl-0.24-GMP]
  ignore line: []
  ignore line: [GGC heuristics: --param ggc-min-expand=100 --param ggc-min-heapsize=131072]
  ignore line: [Compiler executable checksum: d591828bb4d392ae8b7b160e5bb0b95f]
  ignore line: [COLLECT_GCC_OPTIONS='-v' '-o' 'CMakeFiles/cmTC_137e5.dir/CMakeCXXCompilerABI.cpp.o' '-c' '-shared-libgcc' '-mtune=generic' '-march=x86-64' '-dumpdir' 'CMakeFiles/cmTC_137e5.dir/']
  ignore line: [ as -v --64 -o CMakeFiles/cmTC_137e5.dir/CMakeCXXCompilerABI.cpp.o /tmp/ccevXOfR.s]
  ignore line: [GNU assembler version 2.38 (x86_64-linux-gnu) using BFD version (GNU Binutils for Ubuntu) 2.38]
  ignore line: [COMPILER_PATH=/usr/lib/gcc/x86_64-linux-gnu/11/:/usr/lib/gcc/x86_64-linux-gnu/11/:/usr/lib/gcc/x86_64-linux-gnu/:/usr/lib/gcc/x86_64-linux-gnu/11/:/usr/lib/gcc/x86_64-linux-gnu/]
  ignore line: [LIBRARY_PATH=/usr/lib/gcc/x86_64-linux-gnu/11/:/usr/lib/gcc/x86_64-linux-gnu/11/../../../x86_64-linux-gnu/:/usr/lib/gcc/x86_64-linux-gnu/11/../../../../lib/:/lib/x86_64-linux-gnu/:/lib/../lib/:/usr/lib/x86_64-linux-gnu/:/usr/lib/../lib/:/usr/lib/gcc/x86_64-linux-gnu/11/../../../:/lib/:/usr/lib/]
  ignore line: [COLLECT_GCC_OPTIONS='-v' '-o' 'CMakeFiles/cmTC_137e5.dir/CMakeCXXCompilerABI.cpp.o' '-c' '-shared-libgcc' '-mtune=generic' '-march=x86-64' '-dumpdir' 'CMakeFiles/cmTC_137e5.dir/CMakeCXXCompilerABI.cpp.']
  ignore line: [Linking CXX executable cmTC_137e5]
  ignore line: [/tools/Xilinx/Vitis/2023.2/tps/lnx64/cmake-3.24.2/bin/cmake -E cmake_link_script CMakeFiles/cmTC_137e5.dir/link.txt --verbose=1]
  ignore line: [/usr/bin/g++  -v CMakeFiles/cmTC_137e5.dir/CMakeCXXCompilerABI.cpp.o -o cmTC_137e5 ]
  ignore line: [Using built-in specs.]
  ignore line: [COLLECT_GCC=/usr/bin/g++]
  ignore line: [COLLECT_LTO_WRAPPER=/usr/lib/gcc/x86_64-linux-gnu/11/lto-wrapper]
  ignore line: [OFFLOAD_TARGET_NAMES=nvptx-none:amdgcn-amdhsa]
  ignore line: [OFFLOAD_TARGET_DEFAULT=1]
  ignore line: [Target: x86_64-linux-gnu]
  ignore line: [Configured with: ../src/configure -v --with-pkgversion='Ubuntu 11.4.0-1ubuntu1~22.04' --with-bugurl=file:///usr/share/doc/gcc-11/README.Bugs --enable-languages=c ada c++ go brig d fortran objc obj-c++ m2 --prefix=/usr --with-gcc-major-version-only --program-suffix=-11 --program-prefix=x86_64-linux-gnu- --enable-shared --enable-linker-build-id --libexecdir=/usr/lib --without-included-gettext --enable-threads=posix --libdir=/usr/lib --enable-nls --enable-bootstrap --enable-clocale=gnu --enable-libstdcxx-debug --enable-libstdcxx-time=yes --with-default-libstdcxx-abi=new --enable-gnu-unique-object --disable-vtable-verify --enable-plugin --enable-default-pie --with-system-zlib --enable-libphobos-checking=release --with-target-system-zlib=auto --enable-objc-gc=auto --enable-multiarch --disable-werror --enable-cet --with-arch-32=i686 --with-abi=m64 --with-multilib-list=m32 m64 mx32 --enable-multilib --with-tune=generic --enable-offload-targets=nvptx-none=/build/gcc-11-XeT9lY/gcc-11-11.4.0/debian/tmp-nvptx/usr amdgcn-amdhsa=/build/gcc-11-XeT9lY/gcc-11-11.4.0/debian/tmp-gcn/usr --without-cuda-driver --enable-checking=release --build=x86_64-linux-gnu --host=x86_64-linux-gnu --target=x86_64-linux-gnu --with-build-config=bootstrap-lto-lean --enable-link-serialization=2]
  ignore line: [Thread model: posix]
  ignore line: [Supported LTO compression algorithms: zlib zstd]
  ignore line: [gcc version 11.4.0 (Ubuntu 11.4.0-1ubuntu1~22.04) ]
  ignore line: [COMPILER_PATH=/usr/lib/gcc/x86_64-linux-gnu/11/:/usr/lib/gcc/x86_64-linux-gnu/11/:/usr/lib/gcc/x86_64-linux-gnu/:/usr/lib/gcc/x86_64-linux-gnu/11/:/usr/lib/gcc/x86_64-linux-gnu/]
  ignore line: [LIBRARY_PATH=/usr/lib/gcc/x86_64-linux-gnu/11/:/usr/lib/gcc/x86_64-linux-gnu/11/../../../x86_64-linux-gnu/:/usr/lib/gcc/x86_64-linux-gnu/11/../../../../lib/:/lib/x86_64-linux-gnu/:/lib/../lib/:/usr/lib/x86_64-linux-gnu/:/usr/lib/../lib/:/usr/lib/gcc/x86_64-linux-gnu/11/../../../:/lib/:/usr/lib/]
  ignore line: [COLLECT_GCC_OPTIONS='-v' '-o' 'cmTC_137e5' '-shared-libgcc' '-mtune=generic' '-march=x86-64' '-dumpdir' 'cmTC_137e5.']
  link line: [ /usr/lib/gcc/x86_64-linux-gnu/11/collect2 -plugin /usr/lib/gcc/x86_64-linux-gnu/11/liblto_plugin.so -plugin-opt=/usr/lib/gcc/x86_64-linux-gnu/11/lto-wrapper -plugin-opt=-fresolution=/tmp/ccNcQUfN.res -plugin-opt=-pass-through=-lgcc_s -plugin-opt=-pass-through=-lgcc -plugin-opt=-pass-through=-lc -plugin-opt=-pass-through=-lgcc_s -plugin-opt=-pass-through=-lgcc --build-id --eh-frame-hdr -m elf_x86_64 --hash-style=gnu --as-needed -dynamic-linker /lib64/ld-linux-x86-64.so.2 -pie -z now -z relro -o cmTC_137e5 /usr/lib/gcc/x86_64-linux-gnu/11/../../../x86_64-linux-gnu/Scrt1.o /usr/lib/gcc/x86_64-linux-gnu/11/../../../x86_64-linux-gnu/crti.o /usr/lib/gcc/x86_64-linux-gnu/11/crtbeginS.o -L/usr/lib/gcc/x86_64-linux-gnu/11 -L/usr/lib/gcc/x86_64-linux-gnu/11/../../../x86_64-linux-gnu -L/usr/lib/gcc/x86_64-linux-gnu/11/../../../../lib -L/lib/x86_64-linux-gnu -L/lib/../lib -L/usr/lib/x86_64-linux-gnu -L/usr/lib/../lib -L/usr/lib/gcc/x86_64-linux-gnu/11/../../.. CMakeFiles/cmTC_137e5.dir/CMakeCXXCompilerABI.cpp.o -lstdc++ -lm -lgcc_s -lgcc -lc -lgcc_s -lgcc /usr/lib/gcc/x86_64-linux-gnu/11/crtendS.o /usr/lib/gcc/x86_64-linux-gnu/11/../../../x86_64-linux-gnu/crtn.o]
    arg [/usr/lib/gcc/x86_64-linux-gnu/11/collect2] ==> ignore
    arg [-plugin] ==> ignore
    arg [/usr/lib/gcc/x86_64-linux-gnu/11/liblto_plugin.so] ==> ignore
    arg [-plugin-opt=/usr/lib/gcc/x86_64-linux-gnu/11/lto-wrapper] ==> ignore
    arg [-plugin-opt=-fresolution=/tmp/ccNcQUfN.res] ==> ignore
    arg [-plugin-opt=-pass-through=-lgcc_s] ==> ignore
    arg [-plugin-opt=-pass-through=-lgcc] ==> ignore
    arg [-plugin-opt=-pass-through=-lc] ==> ignore
    arg [-plugin-opt=-pass-through=-lgcc_s] ==> ignore
    arg [-plugin-opt=-pass-through=-lgcc] ==> ignore
    arg [--build-id] ==> ignore
    arg [--eh-frame-hdr] ==> ignore
    arg [-m] ==> ignore
    arg [elf_x86_64] ==> ignore
    arg [--hash-style=gnu] ==> ignore
    arg [--as-needed] ==> ignore
    arg [-dynamic-linker] ==> ignore
    arg [/lib64/ld-linux-x86-64.so.2] ==> ignore
    arg [-pie] ==> ignore
    arg [-znow] ==> ignore
    arg [-zrelro] ==> ignore
    arg [-o] ==> ignore
    arg [cmTC_137e5] ==> ignore
    arg [/usr/lib/gcc/x86_64-linux-gnu/11/../../../x86_64-linux-gnu/Scrt1.o] ==> obj [/usr/lib/gcc/x86_64-linux-gnu/11/../../../x86_64-linux-gnu/Scrt1.o]
    arg [/usr/lib/gcc/x86_64-linux-gnu/11/../../../x86_64-linux-gnu/crti.o] ==> obj [/usr/lib/gcc/x86_64-linux-gnu/11/../../../x86_64-linux-gnu/crti.o]
    arg [/usr/lib/gcc/x86_64-linux-gnu/11/crtbeginS.o] ==> obj [/usr/lib/gcc/x86_64-linux-gnu/11/crtbeginS.o]
    arg [-L/usr/lib/gcc/x86_64-linux-gnu/11] ==> dir [/usr/lib/gcc/x86_64-linux-gnu/11]
    arg [-L/usr/lib/gcc/x86_64-linux-gnu/11/../../../x86_64-linux-gnu] ==> dir [/usr/lib/gcc/x86_64-linux-gnu/11/../../../x86_64-linux-gnu]
    arg [-L/usr/lib/gcc/x86_64-linux-gnu/11/../../../../lib] ==> dir [/usr/lib/gcc/x86_64-linux-gnu/11/../../../../lib]
    arg [-L/lib/x86_64-linux-gnu] ==> dir [/lib/x86_64-linux-gnu]
    arg [-L/lib/../lib] ==> dir [/lib/../lib]
    arg [-L/usr/lib/x86_64-linux-gnu] ==> dir [/usr/lib/x86_64-linux-gnu]
    arg [-L/usr/lib/../lib] ==> dir [/usr/lib/../lib]
    arg [-L/usr/lib/gcc/x86_64-linux-gnu/11/../../..] ==> dir [/usr/lib/gcc/x86_64-linux-gnu/11/../../..]
    arg [CMakeFiles/cmTC_137e5.dir/CMakeCXXCompilerABI.cpp.o] ==> ignore
    arg [-lstdc++] ==> lib [stdc++]
    arg [-lm] ==> lib [m]
    arg [-lgcc_s] ==> lib [gcc_s]
    arg [-lgcc] ==> lib [gcc]
    arg [-lc] ==> lib [c]
    arg [-lgcc_s] ==> lib [gcc_s]
    arg [-lgcc] ==> lib [gcc]
    arg [/usr/lib/gcc/x86_64-linux-gnu/11/crtendS.o] ==> obj [/usr/lib/gcc/x86_64-linux-gnu/11/crtendS.o]
    arg [/usr/lib/gcc/x86_64-linux-gnu/11/../../../x86_64-linux-gnu/crtn.o] ==> obj [/usr/lib/gcc/x86_64-linux-gnu/11/../../../x86_64-linux-gnu/crtn.o]
  collapse obj [/usr/lib/gcc/x86_64-linux-gnu/11/../../../x86_64-linux-gnu/Scrt1.o] ==> [/usr/lib/x86_64-linux-gnu/Scrt1.o]
  collapse obj [/usr/lib/gcc/x86_64-linux-gnu/11/../../../x86_64-linux-gnu/crti.o] ==> [/usr/lib/x86_64-linux-gnu/crti.o]
  collapse obj [/usr/lib/gcc/x86_64-linux-gnu/11/../../../x86_64-linux-gnu/crtn.o] ==> [/usr/lib/x86_64-linux-gnu/crtn.o]
  collapse library dir [/usr/lib/gcc/x86_64-linux-gnu/11] ==> [/usr/lib/gcc/x86_64-linux-gnu/11]
  collapse library dir [/usr/lib/gcc/x86_64-linux-gnu/11/../../../x86_64-linux-gnu] ==> [/usr/lib/x86_64-linux-gnu]
  collapse library dir [/usr/lib/gcc/x86_64-linux-gnu/11/../../../../lib] ==> [/usr/lib]
  collapse library dir [/lib/x86_64-linux-gnu] ==> [/lib/x86_64-linux-gnu]
  collapse library dir [/lib/../lib] ==> [/lib]
  collapse library dir [/usr/lib/x86_64-linux-gnu] ==> [/usr/lib/x86_64-linux-gnu]
  collapse library dir [/usr/lib/../lib] ==> [/usr/lib]
  collapse library dir [/usr/lib/gcc/x86_64-linux-gnu/11/../../..] ==> [/usr/lib]
  implicit libs: [stdc++;m;gcc_s;gcc;c;gcc_s;gcc]
  implicit objs: [/usr/lib/x86_64-linux-gnu/Scrt1.o;/usr/lib/x86_64-linux-gnu/crti.o;/usr/lib/gcc/x86_64-linux-gnu/11/crtbeginS.o;/usr/lib/gcc/x86_64-linux-gnu/11/crtendS.o;/usr/lib/x86_64-linux-gnu/crtn.o]
  implicit dirs: [/usr/lib/gcc/x86_64-linux-gnu/11;/usr/lib/x86_64-linux-gnu;/usr/lib;/lib/x86_64-linux-gnu;/lib]
  implicit fwks: []


Determining if the CL_VERSION_3_0 exist passed with the following output:
Change Dir: /home/yzwu/Desktop/soc_test/vadd_host/build/x86sim/CMakeFiles/CMakeTmp

Run Build Command(s):/usr/bin/gmake -f Makefile cmTC_7a611/fast && /usr/bin/gmake  -f CMakeFiles/cmTC_7a611.dir/build.make CMakeFiles/cmTC_7a611.dir/build
gmake[1]: Entering directory '/home/yzwu/Desktop/soc_test/vadd_host/build/x86sim/CMakeFiles/CMakeTmp'
Building C object CMakeFiles/cmTC_7a611.dir/CheckSymbolExists.c.o
/usr/bin/gcc    -o CMakeFiles/cmTC_7a611.dir/CheckSymbolExists.c.o -c /home/yzwu/Desktop/soc_test/vadd_host/build/x86sim/CMakeFiles/CMakeTmp/CheckSymbolExists.c
In file included from /usr/include/CL/cl.h:20,
                 from /home/yzwu/Desktop/soc_test/vadd_host/build/x86sim/CMakeFiles/CMakeTmp/CheckSymbolExists.c:2:
/usr/include/CL/cl_version.h:22:9: note: ‘#pragma message: cl_version.h: CL_TARGET_OPENCL_VERSION is not defined. Defaulting to 300 (OpenCL 3.0)’
   22 | #pragma message("cl_version.h: CL_TARGET_OPENCL_VERSION is not defined. Defaulting to 300 (OpenCL 3.0)")
      |         ^~~~~~~
Linking C executable cmTC_7a611
/tools/Xilinx/Vitis/2023.2/tps/lnx64/cmake-3.24.2/bin/cmake -E cmake_link_script CMakeFiles/cmTC_7a611.dir/link.txt --verbose=1
/usr/bin/gcc CMakeFiles/cmTC_7a611.dir/CheckSymbolExists.c.o -o cmTC_7a611 
gmake[1]: Leaving directory '/home/yzwu/Desktop/soc_test/vadd_host/build/x86sim/CMakeFiles/CMakeTmp'


File /home/yzwu/Desktop/soc_test/vadd_host/build/x86sim/CMakeFiles/CMakeTmp/CheckSymbolExists.c:
/* */
#include </usr/include/CL/cl.h>

int main(int argc, char** argv)
{
  (void)argv;
#ifndef CL_VERSION_3_0
  return ((int*)(&CL_VERSION_3_0))[argc];
#else
  (void)argc;
  return 0;
#endif
}
