Fri Feb  9 17:36:48 2024: Running xcd server. This server was built by gradle.
Fri Feb  9 17:36:48 2024: Server was asked to start on port: '45235'
Fri Feb  9 17:36:48 2024: Server is using token UUID: 'ea005c9e-eea6-4fa1-870c-892bca500ca8'
Fri Feb  9 17:36:48 2024: SESSION_MGR: creating session with session uuid: '6d04a3e9-ade5-4ab9-8d63-1f78fcd2ec76' and name 'default'
Fri Feb  9 17:36:48 2024: Attempting to start server on port '45235'
Fri Feb  9 17:36:48 2024: XCD main fifo: created main fifo '/tmp/xcdmainea005c9e-eea6-4fa1-870c-892bca500ca8', fd read = 13
Fri Feb  9 17:36:48 2024: Running Dispatch Server
Fri Feb  9 17:36:48 2024: Version 2.2.0
Fri Feb  9 17:36:50 2024: Dispatch Server: Accepted socket connection from client
Fri Feb  9 17:36:50 2024: Starting Socket connection
Fri Feb  9 17:36:50 2024: EXCHANGE_TOKEN received, server token: ea005c9e-eea6-4fa1-870c-892bca500ca8, passed token: ea005c9e-eea6-4fa1-870c-892bca500ca8
Fri Feb  9 17:36:50 2024: DISPATCH_HANDLER: Adding handler from function makeHandler in library libxv_system_diagram
Fri Feb  9 17:36:50 2024: SESSION_MGR: creating session with session uuid: 'aa012c9d-7e70-491e-89c5-6132ffa53a64' and name 'v++_compile_Work'
Fri Feb  9 17:36:50 2024: KERNEL_SVC: creating session with uuid: 'aa012c9d-7e70-491e-89c5-6132ffa53a64' and name 'v++_compile_Work'
Fri Feb  9 17:36:50 2024: GUIDANCE_SMGR: creating guidance session with uuid: 'aa012c9d-7e70-491e-89c5-6132ffa53a64' and name 'v++_compile_Work'
Fri Feb  9 17:36:50 2024: SYSTEM_DIAGRAM: creating session with uuid: 'aa012c9d-7e70-491e-89c5-6132ffa53a64' and name 'v++_compile_Work'
Fri Feb  9 17:36:58 2024: Dispatch Server: Accepted socket connection from client
Fri Feb  9 17:36:58 2024: Starting Socket connection
Fri Feb  9 17:36:58 2024: SESSION_MGR: creating session with session uuid: '90c55109-af18-4795-8c54-3135bc99e302' and name 'AIE Compilation'
Fri Feb  9 17:36:58 2024: KERNEL_SVC: creating session with uuid: '90c55109-af18-4795-8c54-3135bc99e302' and name 'AIE Compilation'
Fri Feb  9 17:36:58 2024: GUIDANCE_SMGR: creating guidance session with uuid: '90c55109-af18-4795-8c54-3135bc99e302' and name 'AIE Compilation'
Fri Feb  9 17:36:58 2024: SYSTEM_DIAGRAM: creating session with uuid: '90c55109-af18-4795-8c54-3135bc99e302' and name 'AIE Compilation'
Fri Feb  9 17:37:00 2024: SESSION_MGR: closing session for UUID '90c55109-af18-4795-8c54-3135bc99e302' with name ''
Fri Feb  9 17:37:00 2024: KERNEL_SVC: closing session for UUID '90c55109-af18-4795-8c54-3135bc99e302' with name ''
Fri Feb  9 17:37:00 2024: GUIDANCE_SMGR: closing session for UUID '90c55109-af18-4795-8c54-3135bc99e302' with name ''
Fri Feb  9 17:37:00 2024: SYSTEM_DIAGRAM: closing session for UUID '90c55109-af18-4795-8c54-3135bc99e302' with name ''
Fri Feb  9 17:37:00 2024: SESSION_MGR: closing session for UUID 'aa012c9d-7e70-491e-89c5-6132ffa53a64' with name 'v++_compile_Work'
Fri Feb  9 17:37:00 2024: KERNEL_SVC: closing session for UUID 'aa012c9d-7e70-491e-89c5-6132ffa53a64' with name 'v++_compile_Work'
Fri Feb  9 17:37:00 2024: GUIDANCE_SMGR: closing session for UUID 'aa012c9d-7e70-491e-89c5-6132ffa53a64' with name 'v++_compile_Work'
Fri Feb  9 17:37:00 2024: SYSTEM_DIAGRAM: closing session for UUID 'aa012c9d-7e70-491e-89c5-6132ffa53a64' with name 'v++_compile_Work'
Fri Feb  9 17:37:00 2024: STOP_SERVER received, server token: ea005c9e-eea6-4fa1-870c-892bca500ca8, passed token: ea005c9e-eea6-4fa1-870c-892bca500ca8
Fri Feb  9 17:37:00 2024: Socket received request to stop server.
Fri Feb  9 17:37:00 2024: Dispatch Server: do_await_stop
Fri Feb  9 17:37:00 2024: Dispatch Server: stopping mainFifo_
Fri Feb  9 17:37:00 2024: XCD main fifo: Stopping
Fri Feb  9 17:37:00 2024: XCD main fifo: do_read error code: Operation canceled
Fri Feb  9 17:37:00 2024: XCD main fifo: bytes_transferred: 0
Fri Feb  9 17:37:00 2024: SERVER: destructor for server bound to port 45235
Fri Feb  9 17:37:00 2024: XCD main fifo: Good unlink of /tmp/xcdmainea005c9e-eea6-4fa1-870c-892bca500ca8
Fri Feb  9 17:37:00 2024: Server exiting with status 0.
Fri Feb  9 17:37:00 2024: Closing log file.
Fri Feb  9 17:38:09 2024: Running xcd server. This server was built by gradle.
Fri Feb  9 17:38:09 2024: Server was asked to start on port: '42259'
Fri Feb  9 17:38:09 2024: Server is using token UUID: '065c1f4a-61f5-4739-808e-09c3d77db3b9'
Fri Feb  9 17:38:09 2024: SESSION_MGR: creating session with session uuid: '6d04a3e9-ade5-4ab9-8d63-1f78fcd2ec76' and name 'default'
Fri Feb  9 17:38:09 2024: Attempting to start server on port '42259'
Fri Feb  9 17:38:09 2024: XCD main fifo: created main fifo '/tmp/xcdmain065c1f4a-61f5-4739-808e-09c3d77db3b9', fd read = 13
Fri Feb  9 17:38:09 2024: Running Dispatch Server
Fri Feb  9 17:38:09 2024: Version 2.2.0
Fri Feb  9 17:38:11 2024: Dispatch Server: Accepted socket connection from client
Fri Feb  9 17:38:11 2024: Starting Socket connection
Fri Feb  9 17:38:11 2024: EXCHANGE_TOKEN received, server token: 065c1f4a-61f5-4739-808e-09c3d77db3b9, passed token: 065c1f4a-61f5-4739-808e-09c3d77db3b9
Fri Feb  9 17:38:11 2024: DISPATCH_HANDLER: Adding handler from function makeHandler in library libxv_system_diagram
Fri Feb  9 17:38:11 2024: SESSION_MGR: creating session with session uuid: 'ed267521-af49-4dc4-8d39-dbca6ccf4913' and name 'v++_compile_Work'
Fri Feb  9 17:38:11 2024: KERNEL_SVC: creating session with uuid: 'ed267521-af49-4dc4-8d39-dbca6ccf4913' and name 'v++_compile_Work'
Fri Feb  9 17:38:11 2024: GUIDANCE_SMGR: creating guidance session with uuid: 'ed267521-af49-4dc4-8d39-dbca6ccf4913' and name 'v++_compile_Work'
Fri Feb  9 17:38:11 2024: SYSTEM_DIAGRAM: creating session with uuid: 'ed267521-af49-4dc4-8d39-dbca6ccf4913' and name 'v++_compile_Work'
Fri Feb  9 17:38:19 2024: Dispatch Server: Accepted socket connection from client
Fri Feb  9 17:38:19 2024: Starting Socket connection
Fri Feb  9 17:38:19 2024: SESSION_MGR: creating session with session uuid: 'a416973c-d791-43c9-9e19-4f34666e88d5' and name 'AIE Compilation'
Fri Feb  9 17:38:19 2024: KERNEL_SVC: creating session with uuid: 'a416973c-d791-43c9-9e19-4f34666e88d5' and name 'AIE Compilation'
Fri Feb  9 17:38:19 2024: GUIDANCE_SMGR: creating guidance session with uuid: 'a416973c-d791-43c9-9e19-4f34666e88d5' and name 'AIE Compilation'
Fri Feb  9 17:38:19 2024: SYSTEM_DIAGRAM: creating session with uuid: 'a416973c-d791-43c9-9e19-4f34666e88d5' and name 'AIE Compilation'
Fri Feb  9 17:38:21 2024: Dispatch Server: Accepted socket connection from client
Fri Feb  9 17:38:21 2024: Starting Socket connection
Fri Feb  9 17:38:28 2024: SESSION_MGR: closing session for UUID 'a416973c-d791-43c9-9e19-4f34666e88d5' with name ''
Fri Feb  9 17:38:28 2024: KERNEL_SVC: closing session for UUID 'a416973c-d791-43c9-9e19-4f34666e88d5' with name ''
Fri Feb  9 17:38:28 2024: GUIDANCE_SMGR: closing session for UUID 'a416973c-d791-43c9-9e19-4f34666e88d5' with name ''
Fri Feb  9 17:38:28 2024: SYSTEM_DIAGRAM: closing session for UUID 'a416973c-d791-43c9-9e19-4f34666e88d5' with name ''
Fri Feb  9 17:38:28 2024: SESSION_MGR: closing session for UUID 'ed267521-af49-4dc4-8d39-dbca6ccf4913' with name 'v++_compile_Work'
Fri Feb  9 17:38:28 2024: KERNEL_SVC: closing session for UUID 'ed267521-af49-4dc4-8d39-dbca6ccf4913' with name 'v++_compile_Work'
Fri Feb  9 17:38:28 2024: GUIDANCE_SMGR: closing session for UUID 'ed267521-af49-4dc4-8d39-dbca6ccf4913' with name 'v++_compile_Work'
Fri Feb  9 17:38:28 2024: SYSTEM_DIAGRAM: closing session for UUID 'ed267521-af49-4dc4-8d39-dbca6ccf4913' with name 'v++_compile_Work'
Fri Feb  9 17:38:28 2024: STOP_SERVER received, server token: 065c1f4a-61f5-4739-808e-09c3d77db3b9, passed token: 065c1f4a-61f5-4739-808e-09c3d77db3b9
Fri Feb  9 17:38:28 2024: Socket received request to stop server.
Fri Feb  9 17:38:28 2024: Dispatch Server: do_await_stop
Fri Feb  9 17:38:28 2024: Dispatch Server: stopping mainFifo_
Fri Feb  9 17:38:28 2024: XCD main fifo: Stopping
Fri Feb  9 17:38:28 2024: XCD main fifo: do_read error code: Operation canceled
Fri Feb  9 17:38:28 2024: XCD main fifo: bytes_transferred: 0
Fri Feb  9 17:38:28 2024: SERVER: destructor for server bound to port 42259
Fri Feb  9 17:38:28 2024: XCD main fifo: Good unlink of /tmp/xcdmain065c1f4a-61f5-4739-808e-09c3d77db3b9
Fri Feb  9 17:38:28 2024: Server exiting with status 0.
Fri Feb  9 17:38:28 2024: Closing log file.
Fri Feb  9 17:41:43 2024: Running xcd server. This server was built by gradle.
Fri Feb  9 17:41:43 2024: Server was asked to start on port: '40019'
Fri Feb  9 17:41:43 2024: Server is using token UUID: 'c08c8bef-1e28-44d3-b298-42844627b2e9'
Fri Feb  9 17:41:43 2024: SESSION_MGR: creating session with session uuid: '6d04a3e9-ade5-4ab9-8d63-1f78fcd2ec76' and name 'default'
Fri Feb  9 17:41:43 2024: Attempting to start server on port '40019'
Fri Feb  9 17:41:43 2024: XCD main fifo: created main fifo '/tmp/xcdmainc08c8bef-1e28-44d3-b298-42844627b2e9', fd read = 13
Fri Feb  9 17:41:43 2024: Running Dispatch Server
Fri Feb  9 17:41:43 2024: Version 2.2.0
Fri Feb  9 17:41:45 2024: Dispatch Server: Accepted socket connection from client
Fri Feb  9 17:41:45 2024: Starting Socket connection
Fri Feb  9 17:41:45 2024: EXCHANGE_TOKEN received, server token: c08c8bef-1e28-44d3-b298-42844627b2e9, passed token: c08c8bef-1e28-44d3-b298-42844627b2e9
Fri Feb  9 17:41:45 2024: DISPATCH_HANDLER: Adding handler from function makeHandler in library libxv_system_diagram
Fri Feb  9 17:41:45 2024: SESSION_MGR: creating session with session uuid: '99f171d8-1a60-43b7-9712-480afd75be0f' and name 'v++_compile_Work'
Fri Feb  9 17:41:45 2024: KERNEL_SVC: creating session with uuid: '99f171d8-1a60-43b7-9712-480afd75be0f' and name 'v++_compile_Work'
Fri Feb  9 17:41:45 2024: GUIDANCE_SMGR: creating guidance session with uuid: '99f171d8-1a60-43b7-9712-480afd75be0f' and name 'v++_compile_Work'
Fri Feb  9 17:41:45 2024: SYSTEM_DIAGRAM: creating session with uuid: '99f171d8-1a60-43b7-9712-480afd75be0f' and name 'v++_compile_Work'
Fri Feb  9 17:41:53 2024: Dispatch Server: Accepted socket connection from client
Fri Feb  9 17:41:53 2024: Starting Socket connection
Fri Feb  9 17:41:53 2024: SESSION_MGR: creating session with session uuid: 'e874429c-ffca-4df6-86f4-53b32a161559' and name 'AIE Compilation'
Fri Feb  9 17:41:53 2024: KERNEL_SVC: creating session with uuid: 'e874429c-ffca-4df6-86f4-53b32a161559' and name 'AIE Compilation'
Fri Feb  9 17:41:53 2024: GUIDANCE_SMGR: creating guidance session with uuid: 'e874429c-ffca-4df6-86f4-53b32a161559' and name 'AIE Compilation'
Fri Feb  9 17:41:53 2024: SYSTEM_DIAGRAM: creating session with uuid: 'e874429c-ffca-4df6-86f4-53b32a161559' and name 'AIE Compilation'
Fri Feb  9 17:41:55 2024: Dispatch Server: Accepted socket connection from client
Fri Feb  9 17:41:55 2024: Starting Socket connection
Fri Feb  9 17:42:02 2024: SESSION_MGR: closing session for UUID 'e874429c-ffca-4df6-86f4-53b32a161559' with name ''
Fri Feb  9 17:42:02 2024: KERNEL_SVC: closing session for UUID 'e874429c-ffca-4df6-86f4-53b32a161559' with name ''
Fri Feb  9 17:42:02 2024: GUIDANCE_SMGR: closing session for UUID 'e874429c-ffca-4df6-86f4-53b32a161559' with name ''
Fri Feb  9 17:42:02 2024: SYSTEM_DIAGRAM: closing session for UUID 'e874429c-ffca-4df6-86f4-53b32a161559' with name ''
Fri Feb  9 17:42:02 2024: SESSION_MGR: closing session for UUID '99f171d8-1a60-43b7-9712-480afd75be0f' with name 'v++_compile_Work'
Fri Feb  9 17:42:02 2024: KERNEL_SVC: closing session for UUID '99f171d8-1a60-43b7-9712-480afd75be0f' with name 'v++_compile_Work'
Fri Feb  9 17:42:02 2024: GUIDANCE_SMGR: closing session for UUID '99f171d8-1a60-43b7-9712-480afd75be0f' with name 'v++_compile_Work'
Fri Feb  9 17:42:02 2024: SYSTEM_DIAGRAM: closing session for UUID '99f171d8-1a60-43b7-9712-480afd75be0f' with name 'v++_compile_Work'
Fri Feb  9 17:42:02 2024: STOP_SERVER received, server token: c08c8bef-1e28-44d3-b298-42844627b2e9, passed token: c08c8bef-1e28-44d3-b298-42844627b2e9
Fri Feb  9 17:42:02 2024: Socket received request to stop server.
Fri Feb  9 17:42:02 2024: Dispatch Server: do_await_stop
Fri Feb  9 17:42:02 2024: Dispatch Server: stopping mainFifo_
Fri Feb  9 17:42:02 2024: XCD main fifo: Stopping
Fri Feb  9 17:42:02 2024: XCD main fifo: do_read error code: Operation canceled
Fri Feb  9 17:42:02 2024: XCD main fifo: bytes_transferred: 0
Fri Feb  9 17:42:02 2024: SERVER: destructor for server bound to port 40019
Fri Feb  9 17:42:02 2024: XCD main fifo: Good unlink of /tmp/xcdmainc08c8bef-1e28-44d3-b298-42844627b2e9
Fri Feb  9 17:42:02 2024: Server exiting with status 0.
Fri Feb  9 17:42:02 2024: Closing log file.
Fri Feb  9 17:46:38 2024: Running xcd server. This server was built by gradle.
Fri Feb  9 17:46:38 2024: Server was asked to start on port: '46695'
Fri Feb  9 17:46:38 2024: Server is using token UUID: 'cc33dc3d-09ba-4f4c-8955-0f88a4f2342d'
Fri Feb  9 17:46:38 2024: SESSION_MGR: creating session with session uuid: '6d04a3e9-ade5-4ab9-8d63-1f78fcd2ec76' and name 'default'
Fri Feb  9 17:46:38 2024: Attempting to start server on port '46695'
Fri Feb  9 17:46:38 2024: XCD main fifo: created main fifo '/tmp/xcdmaincc33dc3d-09ba-4f4c-8955-0f88a4f2342d', fd read = 13
Fri Feb  9 17:46:38 2024: Running Dispatch Server
Fri Feb  9 17:46:38 2024: Version 2.2.0
Fri Feb  9 17:46:40 2024: Dispatch Server: Accepted socket connection from client
Fri Feb  9 17:46:40 2024: Starting Socket connection
Fri Feb  9 17:46:40 2024: EXCHANGE_TOKEN received, server token: cc33dc3d-09ba-4f4c-8955-0f88a4f2342d, passed token: cc33dc3d-09ba-4f4c-8955-0f88a4f2342d
Fri Feb  9 17:46:40 2024: DISPATCH_HANDLER: Adding handler from function makeHandler in library libxv_system_diagram
Fri Feb  9 17:46:40 2024: SESSION_MGR: creating session with session uuid: '90761beb-6916-4e05-b945-eedfd2b4070d' and name 'v++_compile_Work'
Fri Feb  9 17:46:40 2024: KERNEL_SVC: creating session with uuid: '90761beb-6916-4e05-b945-eedfd2b4070d' and name 'v++_compile_Work'
Fri Feb  9 17:46:40 2024: GUIDANCE_SMGR: creating guidance session with uuid: '90761beb-6916-4e05-b945-eedfd2b4070d' and name 'v++_compile_Work'
Fri Feb  9 17:46:40 2024: SYSTEM_DIAGRAM: creating session with uuid: '90761beb-6916-4e05-b945-eedfd2b4070d' and name 'v++_compile_Work'
Fri Feb  9 17:46:48 2024: Dispatch Server: Accepted socket connection from client
Fri Feb  9 17:46:48 2024: Starting Socket connection
Fri Feb  9 17:46:48 2024: SESSION_MGR: creating session with session uuid: '5b51b786-033e-42bf-9f3a-cad5ecb5165a' and name 'AIE Compilation'
Fri Feb  9 17:46:48 2024: KERNEL_SVC: creating session with uuid: '5b51b786-033e-42bf-9f3a-cad5ecb5165a' and name 'AIE Compilation'
Fri Feb  9 17:46:48 2024: GUIDANCE_SMGR: creating guidance session with uuid: '5b51b786-033e-42bf-9f3a-cad5ecb5165a' and name 'AIE Compilation'
Fri Feb  9 17:46:48 2024: SYSTEM_DIAGRAM: creating session with uuid: '5b51b786-033e-42bf-9f3a-cad5ecb5165a' and name 'AIE Compilation'
Fri Feb  9 17:46:50 2024: Dispatch Server: Accepted socket connection from client
Fri Feb  9 17:46:50 2024: Starting Socket connection
Fri Feb  9 17:46:57 2024: SESSION_MGR: closing session for UUID '5b51b786-033e-42bf-9f3a-cad5ecb5165a' with name ''
Fri Feb  9 17:46:57 2024: KERNEL_SVC: closing session for UUID '5b51b786-033e-42bf-9f3a-cad5ecb5165a' with name ''
Fri Feb  9 17:46:57 2024: GUIDANCE_SMGR: closing session for UUID '5b51b786-033e-42bf-9f3a-cad5ecb5165a' with name ''
Fri Feb  9 17:46:57 2024: SYSTEM_DIAGRAM: closing session for UUID '5b51b786-033e-42bf-9f3a-cad5ecb5165a' with name ''
Fri Feb  9 17:46:58 2024: SESSION_MGR: closing session for UUID '90761beb-6916-4e05-b945-eedfd2b4070d' with name 'v++_compile_Work'
Fri Feb  9 17:46:58 2024: KERNEL_SVC: closing session for UUID '90761beb-6916-4e05-b945-eedfd2b4070d' with name 'v++_compile_Work'
Fri Feb  9 17:46:58 2024: GUIDANCE_SMGR: closing session for UUID '90761beb-6916-4e05-b945-eedfd2b4070d' with name 'v++_compile_Work'
Fri Feb  9 17:46:58 2024: SYSTEM_DIAGRAM: closing session for UUID '90761beb-6916-4e05-b945-eedfd2b4070d' with name 'v++_compile_Work'
Fri Feb  9 17:46:58 2024: STOP_SERVER received, server token: cc33dc3d-09ba-4f4c-8955-0f88a4f2342d, passed token: cc33dc3d-09ba-4f4c-8955-0f88a4f2342d
Fri Feb  9 17:46:58 2024: Socket received request to stop server.
Fri Feb  9 17:46:58 2024: Dispatch Server: do_await_stop
Fri Feb  9 17:46:58 2024: Dispatch Server: stopping mainFifo_
Fri Feb  9 17:46:58 2024: XCD main fifo: Stopping
Fri Feb  9 17:46:58 2024: XCD main fifo: do_read error code: Operation canceled
Fri Feb  9 17:46:58 2024: XCD main fifo: bytes_transferred: 0
Fri Feb  9 17:46:58 2024: SERVER: destructor for server bound to port 46695
Fri Feb  9 17:46:58 2024: XCD main fifo: Good unlink of /tmp/xcdmaincc33dc3d-09ba-4f4c-8955-0f88a4f2342d
Fri Feb  9 17:46:58 2024: Server exiting with status 0.
Fri Feb  9 17:46:58 2024: Closing log file.
Fri Feb  9 17:50:33 2024: Running xcd server. This server was built by gradle.
Fri Feb  9 17:50:33 2024: Server was asked to start on port: '33347'
Fri Feb  9 17:50:33 2024: Server is using token UUID: 'bf6386e5-397a-49ff-958b-3dd7cf38065f'
Fri Feb  9 17:50:33 2024: SESSION_MGR: creating session with session uuid: '6d04a3e9-ade5-4ab9-8d63-1f78fcd2ec76' and name 'default'
Fri Feb  9 17:50:33 2024: Attempting to start server on port '33347'
Fri Feb  9 17:50:33 2024: XCD main fifo: created main fifo '/tmp/xcdmainbf6386e5-397a-49ff-958b-3dd7cf38065f', fd read = 13
Fri Feb  9 17:50:33 2024: Running Dispatch Server
Fri Feb  9 17:50:33 2024: Version 2.2.0
Fri Feb  9 17:50:35 2024: Dispatch Server: Accepted socket connection from client
Fri Feb  9 17:50:35 2024: Starting Socket connection
Fri Feb  9 17:50:35 2024: EXCHANGE_TOKEN received, server token: bf6386e5-397a-49ff-958b-3dd7cf38065f, passed token: bf6386e5-397a-49ff-958b-3dd7cf38065f
Fri Feb  9 17:50:35 2024: DISPATCH_HANDLER: Adding handler from function makeHandler in library libxv_system_diagram
Fri Feb  9 17:50:35 2024: SESSION_MGR: creating session with session uuid: 'ffeeddca-ed1e-4313-97a0-bb36c7e4f4e9' and name 'v++_compile_Work'
Fri Feb  9 17:50:35 2024: KERNEL_SVC: creating session with uuid: 'ffeeddca-ed1e-4313-97a0-bb36c7e4f4e9' and name 'v++_compile_Work'
Fri Feb  9 17:50:35 2024: GUIDANCE_SMGR: creating guidance session with uuid: 'ffeeddca-ed1e-4313-97a0-bb36c7e4f4e9' and name 'v++_compile_Work'
Fri Feb  9 17:50:35 2024: SYSTEM_DIAGRAM: creating session with uuid: 'ffeeddca-ed1e-4313-97a0-bb36c7e4f4e9' and name 'v++_compile_Work'
Fri Feb  9 17:50:43 2024: Dispatch Server: Accepted socket connection from client
Fri Feb  9 17:50:43 2024: Starting Socket connection
Fri Feb  9 17:50:43 2024: SESSION_MGR: creating session with session uuid: 'eaf25ed6-228e-4fd6-87a9-86eb6a60360c' and name 'AIE Compilation'
Fri Feb  9 17:50:43 2024: KERNEL_SVC: creating session with uuid: 'eaf25ed6-228e-4fd6-87a9-86eb6a60360c' and name 'AIE Compilation'
Fri Feb  9 17:50:43 2024: GUIDANCE_SMGR: creating guidance session with uuid: 'eaf25ed6-228e-4fd6-87a9-86eb6a60360c' and name 'AIE Compilation'
Fri Feb  9 17:50:43 2024: SYSTEM_DIAGRAM: creating session with uuid: 'eaf25ed6-228e-4fd6-87a9-86eb6a60360c' and name 'AIE Compilation'
Fri Feb  9 17:50:43 2024: SESSION_MGR: closing session for UUID 'eaf25ed6-228e-4fd6-87a9-86eb6a60360c' with name ''
Fri Feb  9 17:50:43 2024: KERNEL_SVC: closing session for UUID 'eaf25ed6-228e-4fd6-87a9-86eb6a60360c' with name ''
Fri Feb  9 17:50:43 2024: GUIDANCE_SMGR: closing session for UUID 'eaf25ed6-228e-4fd6-87a9-86eb6a60360c' with name ''
Fri Feb  9 17:50:43 2024: SYSTEM_DIAGRAM: closing session for UUID 'eaf25ed6-228e-4fd6-87a9-86eb6a60360c' with name ''
Fri Feb  9 17:50:43 2024: SESSION_MGR: closing session for UUID 'ffeeddca-ed1e-4313-97a0-bb36c7e4f4e9' with name 'v++_compile_Work'
Fri Feb  9 17:50:43 2024: KERNEL_SVC: closing session for UUID 'ffeeddca-ed1e-4313-97a0-bb36c7e4f4e9' with name 'v++_compile_Work'
Fri Feb  9 17:50:43 2024: GUIDANCE_SMGR: closing session for UUID 'ffeeddca-ed1e-4313-97a0-bb36c7e4f4e9' with name 'v++_compile_Work'
Fri Feb  9 17:50:43 2024: SYSTEM_DIAGRAM: closing session for UUID 'ffeeddca-ed1e-4313-97a0-bb36c7e4f4e9' with name 'v++_compile_Work'
Fri Feb  9 17:50:43 2024: STOP_SERVER received, server token: bf6386e5-397a-49ff-958b-3dd7cf38065f, passed token: bf6386e5-397a-49ff-958b-3dd7cf38065f
Fri Feb  9 17:50:43 2024: Socket received request to stop server.
Fri Feb  9 17:50:43 2024: Dispatch Server: do_await_stop
Fri Feb  9 17:50:43 2024: Dispatch Server: stopping mainFifo_
Fri Feb  9 17:50:43 2024: XCD main fifo: Stopping
Fri Feb  9 17:50:43 2024: XCD main fifo: do_read error code: Operation canceled
Fri Feb  9 17:50:43 2024: XCD main fifo: bytes_transferred: 0
Fri Feb  9 17:50:43 2024: SERVER: destructor for server bound to port 33347
Fri Feb  9 17:50:43 2024: XCD main fifo: Good unlink of /tmp/xcdmainbf6386e5-397a-49ff-958b-3dd7cf38065f
Fri Feb  9 17:50:43 2024: Server exiting with status 0.
Fri Feb  9 17:50:43 2024: Closing log file.
Fri Feb  9 17:50:50 2024: Running xcd server. This server was built by gradle.
Fri Feb  9 17:50:50 2024: Server was asked to start on port: '38441'
Fri Feb  9 17:50:50 2024: Server is using token UUID: '257c17f1-71f3-43c6-89da-a319966fe4f4'
Fri Feb  9 17:50:50 2024: SESSION_MGR: creating session with session uuid: '6d04a3e9-ade5-4ab9-8d63-1f78fcd2ec76' and name 'default'
Fri Feb  9 17:50:50 2024: Attempting to start server on port '38441'
Fri Feb  9 17:50:50 2024: XCD main fifo: created main fifo '/tmp/xcdmain257c17f1-71f3-43c6-89da-a319966fe4f4', fd read = 13
Fri Feb  9 17:50:50 2024: Running Dispatch Server
Fri Feb  9 17:50:50 2024: Version 2.2.0
Fri Feb  9 17:50:52 2024: Dispatch Server: Accepted socket connection from client
Fri Feb  9 17:50:52 2024: Starting Socket connection
Fri Feb  9 17:50:52 2024: EXCHANGE_TOKEN received, server token: 257c17f1-71f3-43c6-89da-a319966fe4f4, passed token: 257c17f1-71f3-43c6-89da-a319966fe4f4
Fri Feb  9 17:50:52 2024: DISPATCH_HANDLER: Adding handler from function makeHandler in library libxv_system_diagram
Fri Feb  9 17:50:52 2024: SESSION_MGR: creating session with session uuid: '0f2ca0c2-c252-419e-9fb3-10e899173641' and name 'v++_compile_Work'
Fri Feb  9 17:50:52 2024: KERNEL_SVC: creating session with uuid: '0f2ca0c2-c252-419e-9fb3-10e899173641' and name 'v++_compile_Work'
Fri Feb  9 17:50:52 2024: GUIDANCE_SMGR: creating guidance session with uuid: '0f2ca0c2-c252-419e-9fb3-10e899173641' and name 'v++_compile_Work'
Fri Feb  9 17:50:52 2024: SYSTEM_DIAGRAM: creating session with uuid: '0f2ca0c2-c252-419e-9fb3-10e899173641' and name 'v++_compile_Work'
Fri Feb  9 17:51:00 2024: Dispatch Server: Accepted socket connection from client
Fri Feb  9 17:51:00 2024: Starting Socket connection
Fri Feb  9 17:51:00 2024: SESSION_MGR: creating session with session uuid: 'd59aa429-3d75-4ee1-be1b-b571c342bff4' and name 'AIE Compilation'
Fri Feb  9 17:51:00 2024: KERNEL_SVC: creating session with uuid: 'd59aa429-3d75-4ee1-be1b-b571c342bff4' and name 'AIE Compilation'
Fri Feb  9 17:51:00 2024: GUIDANCE_SMGR: creating guidance session with uuid: 'd59aa429-3d75-4ee1-be1b-b571c342bff4' and name 'AIE Compilation'
Fri Feb  9 17:51:00 2024: SYSTEM_DIAGRAM: creating session with uuid: 'd59aa429-3d75-4ee1-be1b-b571c342bff4' and name 'AIE Compilation'
Fri Feb  9 17:51:02 2024: Dispatch Server: Accepted socket connection from client
Fri Feb  9 17:51:02 2024: Starting Socket connection
Fri Feb  9 17:51:09 2024: SESSION_MGR: closing session for UUID 'd59aa429-3d75-4ee1-be1b-b571c342bff4' with name ''
Fri Feb  9 17:51:09 2024: KERNEL_SVC: closing session for UUID 'd59aa429-3d75-4ee1-be1b-b571c342bff4' with name ''
Fri Feb  9 17:51:09 2024: GUIDANCE_SMGR: closing session for UUID 'd59aa429-3d75-4ee1-be1b-b571c342bff4' with name ''
Fri Feb  9 17:51:09 2024: SYSTEM_DIAGRAM: closing session for UUID 'd59aa429-3d75-4ee1-be1b-b571c342bff4' with name ''
Fri Feb  9 17:51:09 2024: SESSION_MGR: closing session for UUID '0f2ca0c2-c252-419e-9fb3-10e899173641' with name 'v++_compile_Work'
Fri Feb  9 17:51:09 2024: KERNEL_SVC: closing session for UUID '0f2ca0c2-c252-419e-9fb3-10e899173641' with name 'v++_compile_Work'
Fri Feb  9 17:51:09 2024: GUIDANCE_SMGR: closing session for UUID '0f2ca0c2-c252-419e-9fb3-10e899173641' with name 'v++_compile_Work'
Fri Feb  9 17:51:09 2024: SYSTEM_DIAGRAM: closing session for UUID '0f2ca0c2-c252-419e-9fb3-10e899173641' with name 'v++_compile_Work'
Fri Feb  9 17:51:09 2024: STOP_SERVER received, server token: 257c17f1-71f3-43c6-89da-a319966fe4f4, passed token: 257c17f1-71f3-43c6-89da-a319966fe4f4
Fri Feb  9 17:51:09 2024: Socket received request to stop server.
Fri Feb  9 17:51:09 2024: Dispatch Server: do_await_stop
Fri Feb  9 17:51:09 2024: Dispatch Server: stopping mainFifo_
Fri Feb  9 17:51:09 2024: XCD main fifo: Stopping
Fri Feb  9 17:51:09 2024: XCD main fifo: do_read error code: Operation canceled
Fri Feb  9 17:51:09 2024: XCD main fifo: bytes_transferred: 0
Fri Feb  9 17:51:09 2024: SERVER: destructor for server bound to port 38441
Fri Feb  9 17:51:09 2024: XCD main fifo: Good unlink of /tmp/xcdmain257c17f1-71f3-43c6-89da-a319966fe4f4
Fri Feb  9 17:51:09 2024: Server exiting with status 0.
Fri Feb  9 17:51:09 2024: Closing log file.
Fri Feb  9 17:54:47 2024: Running xcd server. This server was built by gradle.
Fri Feb  9 17:54:47 2024: Server was asked to start on port: '39585'
Fri Feb  9 17:54:47 2024: Server is using token UUID: '0f05a4ba-459d-4e3e-8a79-1362958bc57d'
Fri Feb  9 17:54:47 2024: SESSION_MGR: creating session with session uuid: '6d04a3e9-ade5-4ab9-8d63-1f78fcd2ec76' and name 'default'
Fri Feb  9 17:54:47 2024: Attempting to start server on port '39585'
Fri Feb  9 17:54:47 2024: XCD main fifo: created main fifo '/tmp/xcdmain0f05a4ba-459d-4e3e-8a79-1362958bc57d', fd read = 13
Fri Feb  9 17:54:47 2024: Running Dispatch Server
Fri Feb  9 17:54:47 2024: Version 2.2.0
Fri Feb  9 17:54:49 2024: Dispatch Server: Accepted socket connection from client
Fri Feb  9 17:54:49 2024: Starting Socket connection
Fri Feb  9 17:54:49 2024: EXCHANGE_TOKEN received, server token: 0f05a4ba-459d-4e3e-8a79-1362958bc57d, passed token: 0f05a4ba-459d-4e3e-8a79-1362958bc57d
Fri Feb  9 17:54:49 2024: DISPATCH_HANDLER: Adding handler from function makeHandler in library libxv_system_diagram
Fri Feb  9 17:54:49 2024: SESSION_MGR: creating session with session uuid: '3088410f-55f2-423e-bc32-b2a91037e552' and name 'v++_compile_Work'
Fri Feb  9 17:54:49 2024: KERNEL_SVC: creating session with uuid: '3088410f-55f2-423e-bc32-b2a91037e552' and name 'v++_compile_Work'
Fri Feb  9 17:54:49 2024: GUIDANCE_SMGR: creating guidance session with uuid: '3088410f-55f2-423e-bc32-b2a91037e552' and name 'v++_compile_Work'
Fri Feb  9 17:54:49 2024: SYSTEM_DIAGRAM: creating session with uuid: '3088410f-55f2-423e-bc32-b2a91037e552' and name 'v++_compile_Work'
Fri Feb  9 17:54:57 2024: Dispatch Server: Accepted socket connection from client
Fri Feb  9 17:54:57 2024: Starting Socket connection
Fri Feb  9 17:54:57 2024: SESSION_MGR: creating session with session uuid: '998ee739-7ed2-4176-9289-643aed6decb1' and name 'AIE Compilation'
Fri Feb  9 17:54:57 2024: KERNEL_SVC: creating session with uuid: '998ee739-7ed2-4176-9289-643aed6decb1' and name 'AIE Compilation'
Fri Feb  9 17:54:57 2024: GUIDANCE_SMGR: creating guidance session with uuid: '998ee739-7ed2-4176-9289-643aed6decb1' and name 'AIE Compilation'
Fri Feb  9 17:54:57 2024: SYSTEM_DIAGRAM: creating session with uuid: '998ee739-7ed2-4176-9289-643aed6decb1' and name 'AIE Compilation'
Fri Feb  9 17:54:59 2024: Dispatch Server: Accepted socket connection from client
Fri Feb  9 17:54:59 2024: Starting Socket connection
Fri Feb  9 17:55:07 2024: SESSION_MGR: closing session for UUID '998ee739-7ed2-4176-9289-643aed6decb1' with name ''
Fri Feb  9 17:55:07 2024: KERNEL_SVC: closing session for UUID '998ee739-7ed2-4176-9289-643aed6decb1' with name ''
Fri Feb  9 17:55:07 2024: GUIDANCE_SMGR: closing session for UUID '998ee739-7ed2-4176-9289-643aed6decb1' with name ''
Fri Feb  9 17:55:07 2024: SYSTEM_DIAGRAM: closing session for UUID '998ee739-7ed2-4176-9289-643aed6decb1' with name ''
Fri Feb  9 17:55:07 2024: SESSION_MGR: closing session for UUID '3088410f-55f2-423e-bc32-b2a91037e552' with name 'v++_compile_Work'
Fri Feb  9 17:55:07 2024: KERNEL_SVC: closing session for UUID '3088410f-55f2-423e-bc32-b2a91037e552' with name 'v++_compile_Work'
Fri Feb  9 17:55:07 2024: GUIDANCE_SMGR: closing session for UUID '3088410f-55f2-423e-bc32-b2a91037e552' with name 'v++_compile_Work'
Fri Feb  9 17:55:07 2024: SYSTEM_DIAGRAM: closing session for UUID '3088410f-55f2-423e-bc32-b2a91037e552' with name 'v++_compile_Work'
Fri Feb  9 17:55:07 2024: STOP_SERVER received, server token: 0f05a4ba-459d-4e3e-8a79-1362958bc57d, passed token: 0f05a4ba-459d-4e3e-8a79-1362958bc57d
Fri Feb  9 17:55:07 2024: Socket received request to stop server.
Fri Feb  9 17:55:07 2024: Dispatch Server: do_await_stop
Fri Feb  9 17:55:07 2024: Dispatch Server: stopping mainFifo_
Fri Feb  9 17:55:07 2024: XCD main fifo: Stopping
Fri Feb  9 17:55:07 2024: XCD main fifo: do_read error code: Operation canceled
Fri Feb  9 17:55:07 2024: XCD main fifo: bytes_transferred: 0
Fri Feb  9 17:55:07 2024: SERVER: destructor for server bound to port 39585
Fri Feb  9 17:55:07 2024: XCD main fifo: Good unlink of /tmp/xcdmain0f05a4ba-459d-4e3e-8a79-1362958bc57d
Fri Feb  9 17:55:07 2024: Server exiting with status 0.
Fri Feb  9 17:55:07 2024: Closing log file.
Fri Feb  9 17:59:44 2024: Running xcd server. This server was built by gradle.
Fri Feb  9 17:59:44 2024: Server was asked to start on port: '35661'
Fri Feb  9 17:59:44 2024: Server is using token UUID: '2ae52666-3ba7-4507-94e3-a0abbdb44d87'
Fri Feb  9 17:59:44 2024: SESSION_MGR: creating session with session uuid: '6d04a3e9-ade5-4ab9-8d63-1f78fcd2ec76' and name 'default'
Fri Feb  9 17:59:44 2024: Attempting to start server on port '35661'
Fri Feb  9 17:59:44 2024: XCD main fifo: created main fifo '/tmp/xcdmain2ae52666-3ba7-4507-94e3-a0abbdb44d87', fd read = 13
Fri Feb  9 17:59:44 2024: Running Dispatch Server
Fri Feb  9 17:59:44 2024: Version 2.2.0
Fri Feb  9 17:59:46 2024: Dispatch Server: Accepted socket connection from client
Fri Feb  9 17:59:46 2024: Starting Socket connection
Fri Feb  9 17:59:46 2024: EXCHANGE_TOKEN received, server token: 2ae52666-3ba7-4507-94e3-a0abbdb44d87, passed token: 2ae52666-3ba7-4507-94e3-a0abbdb44d87
Fri Feb  9 17:59:46 2024: DISPATCH_HANDLER: Adding handler from function makeHandler in library libxv_system_diagram
Fri Feb  9 17:59:46 2024: SESSION_MGR: creating session with session uuid: 'b3f73112-dbf3-4b2a-97d3-de61b284dbe8' and name 'v++_compile_Work'
Fri Feb  9 17:59:46 2024: KERNEL_SVC: creating session with uuid: 'b3f73112-dbf3-4b2a-97d3-de61b284dbe8' and name 'v++_compile_Work'
Fri Feb  9 17:59:46 2024: GUIDANCE_SMGR: creating guidance session with uuid: 'b3f73112-dbf3-4b2a-97d3-de61b284dbe8' and name 'v++_compile_Work'
Fri Feb  9 17:59:46 2024: SYSTEM_DIAGRAM: creating session with uuid: 'b3f73112-dbf3-4b2a-97d3-de61b284dbe8' and name 'v++_compile_Work'
Fri Feb  9 17:59:54 2024: Dispatch Server: Accepted socket connection from client
Fri Feb  9 17:59:54 2024: Starting Socket connection
Fri Feb  9 17:59:54 2024: SESSION_MGR: creating session with session uuid: 'e8593890-4a8d-4b6e-81ce-835d3a1c5804' and name 'AIE Compilation'
Fri Feb  9 17:59:54 2024: KERNEL_SVC: creating session with uuid: 'e8593890-4a8d-4b6e-81ce-835d3a1c5804' and name 'AIE Compilation'
Fri Feb  9 17:59:54 2024: GUIDANCE_SMGR: creating guidance session with uuid: 'e8593890-4a8d-4b6e-81ce-835d3a1c5804' and name 'AIE Compilation'
Fri Feb  9 17:59:54 2024: SYSTEM_DIAGRAM: creating session with uuid: 'e8593890-4a8d-4b6e-81ce-835d3a1c5804' and name 'AIE Compilation'
Fri Feb  9 17:59:56 2024: Dispatch Server: Accepted socket connection from client
Fri Feb  9 17:59:56 2024: Starting Socket connection
Fri Feb  9 18:00:03 2024: SESSION_MGR: closing session for UUID 'e8593890-4a8d-4b6e-81ce-835d3a1c5804' with name ''
Fri Feb  9 18:00:03 2024: KERNEL_SVC: closing session for UUID 'e8593890-4a8d-4b6e-81ce-835d3a1c5804' with name ''
Fri Feb  9 18:00:03 2024: GUIDANCE_SMGR: closing session for UUID 'e8593890-4a8d-4b6e-81ce-835d3a1c5804' with name ''
Fri Feb  9 18:00:03 2024: SYSTEM_DIAGRAM: closing session for UUID 'e8593890-4a8d-4b6e-81ce-835d3a1c5804' with name ''
Fri Feb  9 18:00:04 2024: SESSION_MGR: closing session for UUID 'b3f73112-dbf3-4b2a-97d3-de61b284dbe8' with name 'v++_compile_Work'
Fri Feb  9 18:00:04 2024: KERNEL_SVC: closing session for UUID 'b3f73112-dbf3-4b2a-97d3-de61b284dbe8' with name 'v++_compile_Work'
Fri Feb  9 18:00:04 2024: GUIDANCE_SMGR: closing session for UUID 'b3f73112-dbf3-4b2a-97d3-de61b284dbe8' with name 'v++_compile_Work'
Fri Feb  9 18:00:04 2024: SYSTEM_DIAGRAM: closing session for UUID 'b3f73112-dbf3-4b2a-97d3-de61b284dbe8' with name 'v++_compile_Work'
Fri Feb  9 18:00:04 2024: STOP_SERVER received, server token: 2ae52666-3ba7-4507-94e3-a0abbdb44d87, passed token: 2ae52666-3ba7-4507-94e3-a0abbdb44d87
Fri Feb  9 18:00:04 2024: Socket received request to stop server.
Fri Feb  9 18:00:04 2024: Dispatch Server: do_await_stop
Fri Feb  9 18:00:04 2024: Dispatch Server: stopping mainFifo_
Fri Feb  9 18:00:04 2024: XCD main fifo: Stopping
Fri Feb  9 18:00:04 2024: XCD main fifo: do_read error code: Operation canceled
Fri Feb  9 18:00:04 2024: XCD main fifo: bytes_transferred: 0
Fri Feb  9 18:00:04 2024: SERVER: destructor for server bound to port 35661
Fri Feb  9 18:00:04 2024: XCD main fifo: Good unlink of /tmp/xcdmain2ae52666-3ba7-4507-94e3-a0abbdb44d87
Fri Feb  9 18:00:04 2024: Server exiting with status 0.
Fri Feb  9 18:00:04 2024: Closing log file.
Fri Feb  9 18:14:30 2024: Running xcd server. This server was built by gradle.
Fri Feb  9 18:14:30 2024: Server was asked to start on port: '37891'
Fri Feb  9 18:14:30 2024: Server is using token UUID: 'cdeeae75-9dfd-405f-82b7-b28293a15089'
Fri Feb  9 18:14:30 2024: SESSION_MGR: creating session with session uuid: '6d04a3e9-ade5-4ab9-8d63-1f78fcd2ec76' and name 'default'
Fri Feb  9 18:14:30 2024: Attempting to start server on port '37891'
Fri Feb  9 18:14:30 2024: XCD main fifo: created main fifo '/tmp/xcdmaincdeeae75-9dfd-405f-82b7-b28293a15089', fd read = 13
Fri Feb  9 18:14:30 2024: Running Dispatch Server
Fri Feb  9 18:14:30 2024: Version 2.2.0
Fri Feb  9 18:14:32 2024: Dispatch Server: Accepted socket connection from client
Fri Feb  9 18:14:32 2024: Starting Socket connection
Fri Feb  9 18:14:32 2024: EXCHANGE_TOKEN received, server token: cdeeae75-9dfd-405f-82b7-b28293a15089, passed token: cdeeae75-9dfd-405f-82b7-b28293a15089
Fri Feb  9 18:14:32 2024: DISPATCH_HANDLER: Adding handler from function makeHandler in library libxv_system_diagram
Fri Feb  9 18:14:32 2024: SESSION_MGR: creating session with session uuid: '424cbe39-6877-4744-81eb-07cae63a3d6d' and name 'v++_compile_Work'
Fri Feb  9 18:14:32 2024: KERNEL_SVC: creating session with uuid: '424cbe39-6877-4744-81eb-07cae63a3d6d' and name 'v++_compile_Work'
Fri Feb  9 18:14:32 2024: GUIDANCE_SMGR: creating guidance session with uuid: '424cbe39-6877-4744-81eb-07cae63a3d6d' and name 'v++_compile_Work'
Fri Feb  9 18:14:32 2024: SYSTEM_DIAGRAM: creating session with uuid: '424cbe39-6877-4744-81eb-07cae63a3d6d' and name 'v++_compile_Work'
Fri Feb  9 18:14:40 2024: Dispatch Server: Accepted socket connection from client
Fri Feb  9 18:14:40 2024: Starting Socket connection
Fri Feb  9 18:14:40 2024: SESSION_MGR: creating session with session uuid: 'dbbbb709-1732-4a44-bffc-96a0d2353984' and name 'AIE Compilation'
Fri Feb  9 18:14:40 2024: KERNEL_SVC: creating session with uuid: 'dbbbb709-1732-4a44-bffc-96a0d2353984' and name 'AIE Compilation'
Fri Feb  9 18:14:40 2024: GUIDANCE_SMGR: creating guidance session with uuid: 'dbbbb709-1732-4a44-bffc-96a0d2353984' and name 'AIE Compilation'
Fri Feb  9 18:14:40 2024: SYSTEM_DIAGRAM: creating session with uuid: 'dbbbb709-1732-4a44-bffc-96a0d2353984' and name 'AIE Compilation'
Fri Feb  9 18:14:42 2024: Dispatch Server: Accepted socket connection from client
Fri Feb  9 18:14:42 2024: Starting Socket connection
Fri Feb  9 18:14:49 2024: SESSION_MGR: closing session for UUID 'dbbbb709-1732-4a44-bffc-96a0d2353984' with name ''
Fri Feb  9 18:14:49 2024: KERNEL_SVC: closing session for UUID 'dbbbb709-1732-4a44-bffc-96a0d2353984' with name ''
Fri Feb  9 18:14:49 2024: GUIDANCE_SMGR: closing session for UUID 'dbbbb709-1732-4a44-bffc-96a0d2353984' with name ''
Fri Feb  9 18:14:49 2024: SYSTEM_DIAGRAM: closing session for UUID 'dbbbb709-1732-4a44-bffc-96a0d2353984' with name ''
Fri Feb  9 18:14:50 2024: SESSION_MGR: closing session for UUID '424cbe39-6877-4744-81eb-07cae63a3d6d' with name 'v++_compile_Work'
Fri Feb  9 18:14:50 2024: KERNEL_SVC: closing session for UUID '424cbe39-6877-4744-81eb-07cae63a3d6d' with name 'v++_compile_Work'
Fri Feb  9 18:14:50 2024: GUIDANCE_SMGR: closing session for UUID '424cbe39-6877-4744-81eb-07cae63a3d6d' with name 'v++_compile_Work'
Fri Feb  9 18:14:50 2024: SYSTEM_DIAGRAM: closing session for UUID '424cbe39-6877-4744-81eb-07cae63a3d6d' with name 'v++_compile_Work'
Fri Feb  9 18:14:50 2024: STOP_SERVER received, server token: cdeeae75-9dfd-405f-82b7-b28293a15089, passed token: cdeeae75-9dfd-405f-82b7-b28293a15089
Fri Feb  9 18:14:50 2024: Socket received request to stop server.
Fri Feb  9 18:14:50 2024: Dispatch Server: do_await_stop
Fri Feb  9 18:14:50 2024: Dispatch Server: stopping mainFifo_
Fri Feb  9 18:14:50 2024: XCD main fifo: Stopping
Fri Feb  9 18:14:50 2024: XCD main fifo: do_read error code: Operation canceled
Fri Feb  9 18:14:50 2024: XCD main fifo: bytes_transferred: 0
Fri Feb  9 18:14:50 2024: SERVER: destructor for server bound to port 37891
Fri Feb  9 18:14:50 2024: XCD main fifo: Good unlink of /tmp/xcdmaincdeeae75-9dfd-405f-82b7-b28293a15089
Fri Feb  9 18:14:50 2024: Server exiting with status 0.
Fri Feb  9 18:14:50 2024: Closing log file.
Fri Feb  9 18:18:07 2024: Running xcd server. This server was built by gradle.
Fri Feb  9 18:18:07 2024: Server was asked to start on port: '33867'
Fri Feb  9 18:18:07 2024: Server is using token UUID: 'c9cd9f29-caa2-4b5b-a6d8-966245e8fc81'
Fri Feb  9 18:18:07 2024: SESSION_MGR: creating session with session uuid: '6d04a3e9-ade5-4ab9-8d63-1f78fcd2ec76' and name 'default'
Fri Feb  9 18:18:07 2024: Attempting to start server on port '33867'
Fri Feb  9 18:18:07 2024: XCD main fifo: created main fifo '/tmp/xcdmainc9cd9f29-caa2-4b5b-a6d8-966245e8fc81', fd read = 13
Fri Feb  9 18:18:07 2024: Running Dispatch Server
Fri Feb  9 18:18:07 2024: Version 2.2.0
Fri Feb  9 18:18:09 2024: Dispatch Server: Accepted socket connection from client
Fri Feb  9 18:18:09 2024: Starting Socket connection
Fri Feb  9 18:18:09 2024: EXCHANGE_TOKEN received, server token: c9cd9f29-caa2-4b5b-a6d8-966245e8fc81, passed token: c9cd9f29-caa2-4b5b-a6d8-966245e8fc81
Fri Feb  9 18:18:09 2024: DISPATCH_HANDLER: Adding handler from function makeHandler in library libxv_system_diagram
Fri Feb  9 18:18:09 2024: SESSION_MGR: creating session with session uuid: 'b40ed7a4-fc7f-448f-8995-7f318c5be1c3' and name 'v++_compile_Work'
Fri Feb  9 18:18:09 2024: KERNEL_SVC: creating session with uuid: 'b40ed7a4-fc7f-448f-8995-7f318c5be1c3' and name 'v++_compile_Work'
Fri Feb  9 18:18:09 2024: GUIDANCE_SMGR: creating guidance session with uuid: 'b40ed7a4-fc7f-448f-8995-7f318c5be1c3' and name 'v++_compile_Work'
Fri Feb  9 18:18:09 2024: SYSTEM_DIAGRAM: creating session with uuid: 'b40ed7a4-fc7f-448f-8995-7f318c5be1c3' and name 'v++_compile_Work'
Fri Feb  9 18:18:17 2024: Dispatch Server: Accepted socket connection from client
Fri Feb  9 18:18:17 2024: Starting Socket connection
Fri Feb  9 18:18:17 2024: SESSION_MGR: creating session with session uuid: '20f57214-1ae6-4ada-9523-20feaccea9fe' and name 'AIE Compilation'
Fri Feb  9 18:18:17 2024: KERNEL_SVC: creating session with uuid: '20f57214-1ae6-4ada-9523-20feaccea9fe' and name 'AIE Compilation'
Fri Feb  9 18:18:17 2024: GUIDANCE_SMGR: creating guidance session with uuid: '20f57214-1ae6-4ada-9523-20feaccea9fe' and name 'AIE Compilation'
Fri Feb  9 18:18:17 2024: SYSTEM_DIAGRAM: creating session with uuid: '20f57214-1ae6-4ada-9523-20feaccea9fe' and name 'AIE Compilation'
Fri Feb  9 18:18:19 2024: Dispatch Server: Accepted socket connection from client
Fri Feb  9 18:18:19 2024: Starting Socket connection
Fri Feb  9 18:18:26 2024: SESSION_MGR: closing session for UUID '20f57214-1ae6-4ada-9523-20feaccea9fe' with name ''
Fri Feb  9 18:18:26 2024: KERNEL_SVC: closing session for UUID '20f57214-1ae6-4ada-9523-20feaccea9fe' with name ''
Fri Feb  9 18:18:26 2024: GUIDANCE_SMGR: closing session for UUID '20f57214-1ae6-4ada-9523-20feaccea9fe' with name ''
Fri Feb  9 18:18:26 2024: SYSTEM_DIAGRAM: closing session for UUID '20f57214-1ae6-4ada-9523-20feaccea9fe' with name ''
Fri Feb  9 18:18:26 2024: SESSION_MGR: closing session for UUID 'b40ed7a4-fc7f-448f-8995-7f318c5be1c3' with name 'v++_compile_Work'
Fri Feb  9 18:18:26 2024: KERNEL_SVC: closing session for UUID 'b40ed7a4-fc7f-448f-8995-7f318c5be1c3' with name 'v++_compile_Work'
Fri Feb  9 18:18:26 2024: GUIDANCE_SMGR: closing session for UUID 'b40ed7a4-fc7f-448f-8995-7f318c5be1c3' with name 'v++_compile_Work'
Fri Feb  9 18:18:26 2024: SYSTEM_DIAGRAM: closing session for UUID 'b40ed7a4-fc7f-448f-8995-7f318c5be1c3' with name 'v++_compile_Work'
Fri Feb  9 18:18:26 2024: STOP_SERVER received, server token: c9cd9f29-caa2-4b5b-a6d8-966245e8fc81, passed token: c9cd9f29-caa2-4b5b-a6d8-966245e8fc81
Fri Feb  9 18:18:26 2024: Socket received request to stop server.
Fri Feb  9 18:18:26 2024: Dispatch Server: do_await_stop
Fri Feb  9 18:18:26 2024: Dispatch Server: stopping mainFifo_
Fri Feb  9 18:18:26 2024: XCD main fifo: Stopping
Fri Feb  9 18:18:26 2024: XCD main fifo: do_read error code: Operation canceled
Fri Feb  9 18:18:26 2024: XCD main fifo: bytes_transferred: 0
Fri Feb  9 18:18:26 2024: SERVER: destructor for server bound to port 33867
Fri Feb  9 18:18:26 2024: XCD main fifo: Good unlink of /tmp/xcdmainc9cd9f29-caa2-4b5b-a6d8-966245e8fc81
Fri Feb  9 18:18:26 2024: Server exiting with status 0.
Fri Feb  9 18:18:26 2024: Closing log file.
Fri Feb  9 21:55:23 2024: Running xcd server. This server was built by gradle.
Fri Feb  9 21:55:23 2024: Server was asked to start on port: '39029'
Fri Feb  9 21:55:23 2024: Server is using token UUID: '37a639ef-7d0c-4af8-88e0-1e6a50605050'
Fri Feb  9 21:55:23 2024: SESSION_MGR: creating session with session uuid: '6d04a3e9-ade5-4ab9-8d63-1f78fcd2ec76' and name 'default'
Fri Feb  9 21:55:23 2024: Attempting to start server on port '39029'
Fri Feb  9 21:55:23 2024: XCD main fifo: created main fifo '/tmp/xcdmain37a639ef-7d0c-4af8-88e0-1e6a50605050', fd read = 13
Fri Feb  9 21:55:23 2024: Running Dispatch Server
Fri Feb  9 21:55:23 2024: Version 2.2.0
Fri Feb  9 21:55:25 2024: Dispatch Server: Accepted socket connection from client
Fri Feb  9 21:55:25 2024: Starting Socket connection
Fri Feb  9 21:55:25 2024: EXCHANGE_TOKEN received, server token: 37a639ef-7d0c-4af8-88e0-1e6a50605050, passed token: 37a639ef-7d0c-4af8-88e0-1e6a50605050
Fri Feb  9 21:55:25 2024: DISPATCH_HANDLER: Adding handler from function makeHandler in library libxv_system_diagram
Fri Feb  9 21:55:25 2024: SESSION_MGR: creating session with session uuid: '0ba85b71-efce-43c5-919b-b42fc15711b7' and name 'v++_compile_Work'
Fri Feb  9 21:55:25 2024: KERNEL_SVC: creating session with uuid: '0ba85b71-efce-43c5-919b-b42fc15711b7' and name 'v++_compile_Work'
Fri Feb  9 21:55:25 2024: GUIDANCE_SMGR: creating guidance session with uuid: '0ba85b71-efce-43c5-919b-b42fc15711b7' and name 'v++_compile_Work'
Fri Feb  9 21:55:25 2024: SYSTEM_DIAGRAM: creating session with uuid: '0ba85b71-efce-43c5-919b-b42fc15711b7' and name 'v++_compile_Work'
Fri Feb  9 21:55:33 2024: Dispatch Server: Accepted socket connection from client
Fri Feb  9 21:55:33 2024: Starting Socket connection
Fri Feb  9 21:55:33 2024: SESSION_MGR: creating session with session uuid: '388476ad-8238-481e-9fee-c15e3e270183' and name 'AIE Compilation'
Fri Feb  9 21:55:33 2024: KERNEL_SVC: creating session with uuid: '388476ad-8238-481e-9fee-c15e3e270183' and name 'AIE Compilation'
Fri Feb  9 21:55:33 2024: GUIDANCE_SMGR: creating guidance session with uuid: '388476ad-8238-481e-9fee-c15e3e270183' and name 'AIE Compilation'
Fri Feb  9 21:55:33 2024: SYSTEM_DIAGRAM: creating session with uuid: '388476ad-8238-481e-9fee-c15e3e270183' and name 'AIE Compilation'
Fri Feb  9 21:55:35 2024: Dispatch Server: Accepted socket connection from client
Fri Feb  9 21:55:35 2024: Starting Socket connection
Fri Feb  9 21:55:42 2024: SESSION_MGR: closing session for UUID '388476ad-8238-481e-9fee-c15e3e270183' with name ''
Fri Feb  9 21:55:42 2024: KERNEL_SVC: closing session for UUID '388476ad-8238-481e-9fee-c15e3e270183' with name ''
Fri Feb  9 21:55:42 2024: GUIDANCE_SMGR: closing session for UUID '388476ad-8238-481e-9fee-c15e3e270183' with name ''
Fri Feb  9 21:55:42 2024: SYSTEM_DIAGRAM: closing session for UUID '388476ad-8238-481e-9fee-c15e3e270183' with name ''
Fri Feb  9 21:55:43 2024: SESSION_MGR: closing session for UUID '0ba85b71-efce-43c5-919b-b42fc15711b7' with name 'v++_compile_Work'
Fri Feb  9 21:55:43 2024: KERNEL_SVC: closing session for UUID '0ba85b71-efce-43c5-919b-b42fc15711b7' with name 'v++_compile_Work'
Fri Feb  9 21:55:43 2024: GUIDANCE_SMGR: closing session for UUID '0ba85b71-efce-43c5-919b-b42fc15711b7' with name 'v++_compile_Work'
Fri Feb  9 21:55:43 2024: SYSTEM_DIAGRAM: closing session for UUID '0ba85b71-efce-43c5-919b-b42fc15711b7' with name 'v++_compile_Work'
Fri Feb  9 21:55:43 2024: STOP_SERVER received, server token: 37a639ef-7d0c-4af8-88e0-1e6a50605050, passed token: 37a639ef-7d0c-4af8-88e0-1e6a50605050
Fri Feb  9 21:55:43 2024: Socket received request to stop server.
Fri Feb  9 21:55:43 2024: Dispatch Server: do_await_stop
Fri Feb  9 21:55:43 2024: Dispatch Server: stopping mainFifo_
Fri Feb  9 21:55:43 2024: XCD main fifo: Stopping
Fri Feb  9 21:55:43 2024: XCD main fifo: do_read error code: Operation canceled
Fri Feb  9 21:55:43 2024: XCD main fifo: bytes_transferred: 0
Fri Feb  9 21:55:43 2024: SERVER: destructor for server bound to port 39029
Fri Feb  9 21:55:43 2024: XCD main fifo: Good unlink of /tmp/xcdmain37a639ef-7d0c-4af8-88e0-1e6a50605050
Fri Feb  9 21:55:43 2024: Server exiting with status 0.
Fri Feb  9 21:55:43 2024: Closing log file.
Fri Feb  9 21:56:47 2024: Running xcd server. This server was built by gradle.
Fri Feb  9 21:56:47 2024: Server was asked to start on port: '35855'
Fri Feb  9 21:56:47 2024: Server is using token UUID: '3ed4a94c-8da3-4471-8c76-027cae930448'
Fri Feb  9 21:56:47 2024: SESSION_MGR: creating session with session uuid: '6d04a3e9-ade5-4ab9-8d63-1f78fcd2ec76' and name 'default'
Fri Feb  9 21:56:47 2024: Attempting to start server on port '35855'
Fri Feb  9 21:56:47 2024: XCD main fifo: created main fifo '/tmp/xcdmain3ed4a94c-8da3-4471-8c76-027cae930448', fd read = 13
Fri Feb  9 21:56:47 2024: Running Dispatch Server
Fri Feb  9 21:56:47 2024: Version 2.2.0
Fri Feb  9 21:56:49 2024: Dispatch Server: Accepted socket connection from client
Fri Feb  9 21:56:49 2024: Starting Socket connection
Fri Feb  9 21:56:49 2024: EXCHANGE_TOKEN received, server token: 3ed4a94c-8da3-4471-8c76-027cae930448, passed token: 3ed4a94c-8da3-4471-8c76-027cae930448
Fri Feb  9 21:56:49 2024: DISPATCH_HANDLER: Adding handler from function makeHandler in library libxv_system_diagram
Fri Feb  9 21:56:49 2024: SESSION_MGR: creating session with session uuid: 'ea3469bc-cba9-474e-b331-d9e2eefe1853' and name 'v++_compile_Work'
Fri Feb  9 21:56:49 2024: KERNEL_SVC: creating session with uuid: 'ea3469bc-cba9-474e-b331-d9e2eefe1853' and name 'v++_compile_Work'
Fri Feb  9 21:56:49 2024: GUIDANCE_SMGR: creating guidance session with uuid: 'ea3469bc-cba9-474e-b331-d9e2eefe1853' and name 'v++_compile_Work'
Fri Feb  9 21:56:49 2024: SYSTEM_DIAGRAM: creating session with uuid: 'ea3469bc-cba9-474e-b331-d9e2eefe1853' and name 'v++_compile_Work'
Fri Feb  9 21:56:57 2024: Dispatch Server: Accepted socket connection from client
Fri Feb  9 21:56:57 2024: Starting Socket connection
Fri Feb  9 21:56:57 2024: SESSION_MGR: creating session with session uuid: 'eb0d0fad-c918-468e-9993-f3527a95e30e' and name 'AIE Compilation'
Fri Feb  9 21:56:57 2024: KERNEL_SVC: creating session with uuid: 'eb0d0fad-c918-468e-9993-f3527a95e30e' and name 'AIE Compilation'
Fri Feb  9 21:56:57 2024: GUIDANCE_SMGR: creating guidance session with uuid: 'eb0d0fad-c918-468e-9993-f3527a95e30e' and name 'AIE Compilation'
Fri Feb  9 21:56:57 2024: SYSTEM_DIAGRAM: creating session with uuid: 'eb0d0fad-c918-468e-9993-f3527a95e30e' and name 'AIE Compilation'
Fri Feb  9 21:56:59 2024: Dispatch Server: Accepted socket connection from client
Fri Feb  9 21:56:59 2024: Starting Socket connection
Fri Feb  9 21:57:06 2024: SESSION_MGR: closing session for UUID 'eb0d0fad-c918-468e-9993-f3527a95e30e' with name ''
Fri Feb  9 21:57:06 2024: KERNEL_SVC: closing session for UUID 'eb0d0fad-c918-468e-9993-f3527a95e30e' with name ''
Fri Feb  9 21:57:06 2024: GUIDANCE_SMGR: closing session for UUID 'eb0d0fad-c918-468e-9993-f3527a95e30e' with name ''
Fri Feb  9 21:57:06 2024: SYSTEM_DIAGRAM: closing session for UUID 'eb0d0fad-c918-468e-9993-f3527a95e30e' with name ''
Fri Feb  9 21:57:06 2024: SESSION_MGR: closing session for UUID 'ea3469bc-cba9-474e-b331-d9e2eefe1853' with name 'v++_compile_Work'
Fri Feb  9 21:57:06 2024: KERNEL_SVC: closing session for UUID 'ea3469bc-cba9-474e-b331-d9e2eefe1853' with name 'v++_compile_Work'
Fri Feb  9 21:57:06 2024: GUIDANCE_SMGR: closing session for UUID 'ea3469bc-cba9-474e-b331-d9e2eefe1853' with name 'v++_compile_Work'
Fri Feb  9 21:57:06 2024: SYSTEM_DIAGRAM: closing session for UUID 'ea3469bc-cba9-474e-b331-d9e2eefe1853' with name 'v++_compile_Work'
Fri Feb  9 21:57:06 2024: STOP_SERVER received, server token: 3ed4a94c-8da3-4471-8c76-027cae930448, passed token: 3ed4a94c-8da3-4471-8c76-027cae930448
Fri Feb  9 21:57:06 2024: Socket received request to stop server.
Fri Feb  9 21:57:06 2024: Dispatch Server: do_await_stop
Fri Feb  9 21:57:06 2024: Dispatch Server: stopping mainFifo_
Fri Feb  9 21:57:06 2024: XCD main fifo: Stopping
Fri Feb  9 21:57:06 2024: XCD main fifo: do_read error code: Operation canceled
Fri Feb  9 21:57:06 2024: XCD main fifo: bytes_transferred: 0
Fri Feb  9 21:57:06 2024: SERVER: destructor for server bound to port 35855
Fri Feb  9 21:57:06 2024: XCD main fifo: Good unlink of /tmp/xcdmain3ed4a94c-8da3-4471-8c76-027cae930448
Fri Feb  9 21:57:06 2024: Server exiting with status 0.
Fri Feb  9 21:57:06 2024: Closing log file.
Fri Feb  9 22:11:57 2024: Running xcd server. This server was built by gradle.
Fri Feb  9 22:11:57 2024: Server was asked to start on port: '36767'
Fri Feb  9 22:11:57 2024: Server is using token UUID: '0febaff0-8c8c-4f5a-9576-f76436c3942a'
Fri Feb  9 22:11:57 2024: SESSION_MGR: creating session with session uuid: '6d04a3e9-ade5-4ab9-8d63-1f78fcd2ec76' and name 'default'
Fri Feb  9 22:11:57 2024: Attempting to start server on port '36767'
Fri Feb  9 22:11:57 2024: XCD main fifo: created main fifo '/tmp/xcdmain0febaff0-8c8c-4f5a-9576-f76436c3942a', fd read = 13
Fri Feb  9 22:11:57 2024: Running Dispatch Server
Fri Feb  9 22:11:57 2024: Version 2.2.0
Fri Feb  9 22:11:59 2024: Dispatch Server: Accepted socket connection from client
Fri Feb  9 22:11:59 2024: Starting Socket connection
Fri Feb  9 22:11:59 2024: EXCHANGE_TOKEN received, server token: 0febaff0-8c8c-4f5a-9576-f76436c3942a, passed token: 0febaff0-8c8c-4f5a-9576-f76436c3942a
Fri Feb  9 22:11:59 2024: DISPATCH_HANDLER: Adding handler from function makeHandler in library libxv_system_diagram
Fri Feb  9 22:11:59 2024: SESSION_MGR: creating session with session uuid: '1d64c7eb-9b9d-4f3d-8c48-2f05fde4de83' and name 'v++_compile_Work'
Fri Feb  9 22:11:59 2024: KERNEL_SVC: creating session with uuid: '1d64c7eb-9b9d-4f3d-8c48-2f05fde4de83' and name 'v++_compile_Work'
Fri Feb  9 22:11:59 2024: GUIDANCE_SMGR: creating guidance session with uuid: '1d64c7eb-9b9d-4f3d-8c48-2f05fde4de83' and name 'v++_compile_Work'
Fri Feb  9 22:11:59 2024: SYSTEM_DIAGRAM: creating session with uuid: '1d64c7eb-9b9d-4f3d-8c48-2f05fde4de83' and name 'v++_compile_Work'
Fri Feb  9 22:12:07 2024: Dispatch Server: Accepted socket connection from client
Fri Feb  9 22:12:07 2024: Starting Socket connection
Fri Feb  9 22:12:07 2024: SESSION_MGR: creating session with session uuid: '0c5fd560-4431-4d91-909c-150fa87ea8b0' and name 'AIE Compilation'
Fri Feb  9 22:12:07 2024: KERNEL_SVC: creating session with uuid: '0c5fd560-4431-4d91-909c-150fa87ea8b0' and name 'AIE Compilation'
Fri Feb  9 22:12:07 2024: GUIDANCE_SMGR: creating guidance session with uuid: '0c5fd560-4431-4d91-909c-150fa87ea8b0' and name 'AIE Compilation'
Fri Feb  9 22:12:07 2024: SYSTEM_DIAGRAM: creating session with uuid: '0c5fd560-4431-4d91-909c-150fa87ea8b0' and name 'AIE Compilation'
Fri Feb  9 22:12:09 2024: Dispatch Server: Accepted socket connection from client
Fri Feb  9 22:12:09 2024: Starting Socket connection
Fri Feb  9 22:12:16 2024: SESSION_MGR: closing session for UUID '0c5fd560-4431-4d91-909c-150fa87ea8b0' with name ''
Fri Feb  9 22:12:16 2024: KERNEL_SVC: closing session for UUID '0c5fd560-4431-4d91-909c-150fa87ea8b0' with name ''
Fri Feb  9 22:12:16 2024: GUIDANCE_SMGR: closing session for UUID '0c5fd560-4431-4d91-909c-150fa87ea8b0' with name ''
Fri Feb  9 22:12:16 2024: SYSTEM_DIAGRAM: closing session for UUID '0c5fd560-4431-4d91-909c-150fa87ea8b0' with name ''
Fri Feb  9 22:12:16 2024: SESSION_MGR: closing session for UUID '1d64c7eb-9b9d-4f3d-8c48-2f05fde4de83' with name 'v++_compile_Work'
Fri Feb  9 22:12:16 2024: KERNEL_SVC: closing session for UUID '1d64c7eb-9b9d-4f3d-8c48-2f05fde4de83' with name 'v++_compile_Work'
Fri Feb  9 22:12:16 2024: GUIDANCE_SMGR: closing session for UUID '1d64c7eb-9b9d-4f3d-8c48-2f05fde4de83' with name 'v++_compile_Work'
Fri Feb  9 22:12:16 2024: SYSTEM_DIAGRAM: closing session for UUID '1d64c7eb-9b9d-4f3d-8c48-2f05fde4de83' with name 'v++_compile_Work'
Fri Feb  9 22:12:16 2024: STOP_SERVER received, server token: 0febaff0-8c8c-4f5a-9576-f76436c3942a, passed token: 0febaff0-8c8c-4f5a-9576-f76436c3942a
Fri Feb  9 22:12:16 2024: Socket received request to stop server.
Fri Feb  9 22:12:16 2024: Dispatch Server: do_await_stop
Fri Feb  9 22:12:16 2024: Dispatch Server: stopping mainFifo_
Fri Feb  9 22:12:16 2024: XCD main fifo: Stopping
Fri Feb  9 22:12:16 2024: XCD main fifo: do_read error code: Operation canceled
Fri Feb  9 22:12:16 2024: XCD main fifo: bytes_transferred: 0
Fri Feb  9 22:12:16 2024: SERVER: destructor for server bound to port 36767
Fri Feb  9 22:12:16 2024: XCD main fifo: Good unlink of /tmp/xcdmain0febaff0-8c8c-4f5a-9576-f76436c3942a
Fri Feb  9 22:12:16 2024: Server exiting with status 0.
Fri Feb  9 22:12:16 2024: Closing log file.
Fri Feb  9 22:14:17 2024: Running xcd server. This server was built by gradle.
Fri Feb  9 22:14:17 2024: Server was asked to start on port: '40693'
Fri Feb  9 22:14:17 2024: Server is using token UUID: 'ba7d63b5-bf78-4a66-90b2-8a710976bce4'
Fri Feb  9 22:14:17 2024: SESSION_MGR: creating session with session uuid: '6d04a3e9-ade5-4ab9-8d63-1f78fcd2ec76' and name 'default'
Fri Feb  9 22:14:17 2024: Attempting to start server on port '40693'
Fri Feb  9 22:14:17 2024: XCD main fifo: created main fifo '/tmp/xcdmainba7d63b5-bf78-4a66-90b2-8a710976bce4', fd read = 13
Fri Feb  9 22:14:17 2024: Running Dispatch Server
Fri Feb  9 22:14:17 2024: Version 2.2.0
Fri Feb  9 22:14:19 2024: Dispatch Server: Accepted socket connection from client
Fri Feb  9 22:14:19 2024: Starting Socket connection
Fri Feb  9 22:14:19 2024: EXCHANGE_TOKEN received, server token: ba7d63b5-bf78-4a66-90b2-8a710976bce4, passed token: ba7d63b5-bf78-4a66-90b2-8a710976bce4
Fri Feb  9 22:14:19 2024: DISPATCH_HANDLER: Adding handler from function makeHandler in library libxv_system_diagram
Fri Feb  9 22:14:19 2024: SESSION_MGR: creating session with session uuid: 'e39f6baa-fe00-4ca9-9df5-db269b2c5c4f' and name 'v++_compile_Work'
Fri Feb  9 22:14:19 2024: KERNEL_SVC: creating session with uuid: 'e39f6baa-fe00-4ca9-9df5-db269b2c5c4f' and name 'v++_compile_Work'
Fri Feb  9 22:14:19 2024: GUIDANCE_SMGR: creating guidance session with uuid: 'e39f6baa-fe00-4ca9-9df5-db269b2c5c4f' and name 'v++_compile_Work'
Fri Feb  9 22:14:19 2024: SYSTEM_DIAGRAM: creating session with uuid: 'e39f6baa-fe00-4ca9-9df5-db269b2c5c4f' and name 'v++_compile_Work'
Fri Feb  9 22:14:27 2024: Dispatch Server: Accepted socket connection from client
Fri Feb  9 22:14:27 2024: Starting Socket connection
Fri Feb  9 22:14:27 2024: SESSION_MGR: creating session with session uuid: '36f1ea60-6f3a-410c-b598-4d6c3663ce91' and name 'AIE Compilation'
Fri Feb  9 22:14:27 2024: KERNEL_SVC: creating session with uuid: '36f1ea60-6f3a-410c-b598-4d6c3663ce91' and name 'AIE Compilation'
Fri Feb  9 22:14:27 2024: GUIDANCE_SMGR: creating guidance session with uuid: '36f1ea60-6f3a-410c-b598-4d6c3663ce91' and name 'AIE Compilation'
Fri Feb  9 22:14:27 2024: SYSTEM_DIAGRAM: creating session with uuid: '36f1ea60-6f3a-410c-b598-4d6c3663ce91' and name 'AIE Compilation'
Fri Feb  9 22:14:29 2024: Dispatch Server: Accepted socket connection from client
Fri Feb  9 22:14:29 2024: Starting Socket connection
Fri Feb  9 22:14:36 2024: SESSION_MGR: closing session for UUID '36f1ea60-6f3a-410c-b598-4d6c3663ce91' with name ''
Fri Feb  9 22:14:36 2024: KERNEL_SVC: closing session for UUID '36f1ea60-6f3a-410c-b598-4d6c3663ce91' with name ''
Fri Feb  9 22:14:36 2024: GUIDANCE_SMGR: closing session for UUID '36f1ea60-6f3a-410c-b598-4d6c3663ce91' with name ''
Fri Feb  9 22:14:36 2024: SYSTEM_DIAGRAM: closing session for UUID '36f1ea60-6f3a-410c-b598-4d6c3663ce91' with name ''
Fri Feb  9 22:14:37 2024: SESSION_MGR: closing session for UUID 'e39f6baa-fe00-4ca9-9df5-db269b2c5c4f' with name 'v++_compile_Work'
Fri Feb  9 22:14:37 2024: KERNEL_SVC: closing session for UUID 'e39f6baa-fe00-4ca9-9df5-db269b2c5c4f' with name 'v++_compile_Work'
Fri Feb  9 22:14:37 2024: GUIDANCE_SMGR: closing session for UUID 'e39f6baa-fe00-4ca9-9df5-db269b2c5c4f' with name 'v++_compile_Work'
Fri Feb  9 22:14:37 2024: SYSTEM_DIAGRAM: closing session for UUID 'e39f6baa-fe00-4ca9-9df5-db269b2c5c4f' with name 'v++_compile_Work'
Fri Feb  9 22:14:37 2024: STOP_SERVER received, server token: ba7d63b5-bf78-4a66-90b2-8a710976bce4, passed token: ba7d63b5-bf78-4a66-90b2-8a710976bce4
Fri Feb  9 22:14:37 2024: Socket received request to stop server.
Fri Feb  9 22:14:37 2024: Dispatch Server: do_await_stop
Fri Feb  9 22:14:37 2024: Dispatch Server: stopping mainFifo_
Fri Feb  9 22:14:37 2024: XCD main fifo: Stopping
Fri Feb  9 22:14:37 2024: XCD main fifo: do_read error code: Operation canceled
Fri Feb  9 22:14:37 2024: XCD main fifo: bytes_transferred: 0
Fri Feb  9 22:14:37 2024: SERVER: destructor for server bound to port 40693
Fri Feb  9 22:14:37 2024: XCD main fifo: Good unlink of /tmp/xcdmainba7d63b5-bf78-4a66-90b2-8a710976bce4
Fri Feb  9 22:14:37 2024: Server exiting with status 0.
Fri Feb  9 22:14:37 2024: Closing log file.
Fri Feb  9 22:15:21 2024: Running xcd server. This server was built by gradle.
Fri Feb  9 22:15:21 2024: Server was asked to start on port: '46479'
Fri Feb  9 22:15:21 2024: Server is using token UUID: '4ed0d548-6b31-4451-98d5-e02076fa9d5c'
Fri Feb  9 22:15:21 2024: SESSION_MGR: creating session with session uuid: '6d04a3e9-ade5-4ab9-8d63-1f78fcd2ec76' and name 'default'
Fri Feb  9 22:15:21 2024: Attempting to start server on port '46479'
Fri Feb  9 22:15:21 2024: XCD main fifo: created main fifo '/tmp/xcdmain4ed0d548-6b31-4451-98d5-e02076fa9d5c', fd read = 13
Fri Feb  9 22:15:21 2024: Running Dispatch Server
Fri Feb  9 22:15:21 2024: Version 2.2.0
Fri Feb  9 22:15:23 2024: Dispatch Server: Accepted socket connection from client
Fri Feb  9 22:15:23 2024: Starting Socket connection
Fri Feb  9 22:15:23 2024: EXCHANGE_TOKEN received, server token: 4ed0d548-6b31-4451-98d5-e02076fa9d5c, passed token: 4ed0d548-6b31-4451-98d5-e02076fa9d5c
Fri Feb  9 22:15:24 2024: DISPATCH_HANDLER: Adding handler from function makeHandler in library libxv_system_diagram
Fri Feb  9 22:15:24 2024: SESSION_MGR: creating session with session uuid: '64844159-f485-42fa-9703-c907c7f5e0c0' and name 'v++_compile_Work'
Fri Feb  9 22:15:24 2024: KERNEL_SVC: creating session with uuid: '64844159-f485-42fa-9703-c907c7f5e0c0' and name 'v++_compile_Work'
Fri Feb  9 22:15:24 2024: GUIDANCE_SMGR: creating guidance session with uuid: '64844159-f485-42fa-9703-c907c7f5e0c0' and name 'v++_compile_Work'
Fri Feb  9 22:15:24 2024: SYSTEM_DIAGRAM: creating session with uuid: '64844159-f485-42fa-9703-c907c7f5e0c0' and name 'v++_compile_Work'
Fri Feb  9 22:15:31 2024: Dispatch Server: Accepted socket connection from client
Fri Feb  9 22:15:31 2024: Starting Socket connection
Fri Feb  9 22:15:31 2024: SESSION_MGR: creating session with session uuid: '68bbe4a6-6faf-415d-9524-9b329edadfed' and name 'AIE Compilation'
Fri Feb  9 22:15:31 2024: KERNEL_SVC: creating session with uuid: '68bbe4a6-6faf-415d-9524-9b329edadfed' and name 'AIE Compilation'
Fri Feb  9 22:15:31 2024: GUIDANCE_SMGR: creating guidance session with uuid: '68bbe4a6-6faf-415d-9524-9b329edadfed' and name 'AIE Compilation'
Fri Feb  9 22:15:31 2024: SYSTEM_DIAGRAM: creating session with uuid: '68bbe4a6-6faf-415d-9524-9b329edadfed' and name 'AIE Compilation'
Fri Feb  9 22:15:33 2024: Dispatch Server: Accepted socket connection from client
Fri Feb  9 22:15:33 2024: Starting Socket connection
Fri Feb  9 22:15:41 2024: SESSION_MGR: closing session for UUID '68bbe4a6-6faf-415d-9524-9b329edadfed' with name ''
Fri Feb  9 22:15:41 2024: KERNEL_SVC: closing session for UUID '68bbe4a6-6faf-415d-9524-9b329edadfed' with name ''
Fri Feb  9 22:15:41 2024: GUIDANCE_SMGR: closing session for UUID '68bbe4a6-6faf-415d-9524-9b329edadfed' with name ''
Fri Feb  9 22:15:41 2024: SYSTEM_DIAGRAM: closing session for UUID '68bbe4a6-6faf-415d-9524-9b329edadfed' with name ''
Fri Feb  9 22:15:41 2024: SESSION_MGR: closing session for UUID '64844159-f485-42fa-9703-c907c7f5e0c0' with name 'v++_compile_Work'
Fri Feb  9 22:15:41 2024: KERNEL_SVC: closing session for UUID '64844159-f485-42fa-9703-c907c7f5e0c0' with name 'v++_compile_Work'
Fri Feb  9 22:15:41 2024: GUIDANCE_SMGR: closing session for UUID '64844159-f485-42fa-9703-c907c7f5e0c0' with name 'v++_compile_Work'
Fri Feb  9 22:15:41 2024: SYSTEM_DIAGRAM: closing session for UUID '64844159-f485-42fa-9703-c907c7f5e0c0' with name 'v++_compile_Work'
Fri Feb  9 22:15:41 2024: STOP_SERVER received, server token: 4ed0d548-6b31-4451-98d5-e02076fa9d5c, passed token: 4ed0d548-6b31-4451-98d5-e02076fa9d5c
Fri Feb  9 22:15:41 2024: Socket received request to stop server.
Fri Feb  9 22:15:41 2024: Dispatch Server: do_await_stop
Fri Feb  9 22:15:41 2024: Dispatch Server: stopping mainFifo_
Fri Feb  9 22:15:41 2024: XCD main fifo: Stopping
Fri Feb  9 22:15:41 2024: XCD main fifo: do_read error code: Operation canceled
Fri Feb  9 22:15:41 2024: XCD main fifo: bytes_transferred: 0
Fri Feb  9 22:15:41 2024: SERVER: destructor for server bound to port 46479
Fri Feb  9 22:15:41 2024: XCD main fifo: Good unlink of /tmp/xcdmain4ed0d548-6b31-4451-98d5-e02076fa9d5c
Fri Feb  9 22:15:41 2024: Server exiting with status 0.
Fri Feb  9 22:15:41 2024: Closing log file.
Fri Feb  9 22:17:39 2024: Running xcd server. This server was built by gradle.
Fri Feb  9 22:17:39 2024: Server was asked to start on port: '36091'
Fri Feb  9 22:17:39 2024: Server is using token UUID: '5c968e8c-6836-48e8-aaf5-b39416169732'
Fri Feb  9 22:17:39 2024: SESSION_MGR: creating session with session uuid: '6d04a3e9-ade5-4ab9-8d63-1f78fcd2ec76' and name 'default'
Fri Feb  9 22:17:39 2024: Attempting to start server on port '36091'
Fri Feb  9 22:17:39 2024: XCD main fifo: created main fifo '/tmp/xcdmain5c968e8c-6836-48e8-aaf5-b39416169732', fd read = 13
Fri Feb  9 22:17:39 2024: Running Dispatch Server
Fri Feb  9 22:17:39 2024: Version 2.2.0
Fri Feb  9 22:17:41 2024: Dispatch Server: Accepted socket connection from client
Fri Feb  9 22:17:41 2024: Starting Socket connection
Fri Feb  9 22:17:41 2024: EXCHANGE_TOKEN received, server token: 5c968e8c-6836-48e8-aaf5-b39416169732, passed token: 5c968e8c-6836-48e8-aaf5-b39416169732
Fri Feb  9 22:17:41 2024: DISPATCH_HANDLER: Adding handler from function makeHandler in library libxv_system_diagram
Fri Feb  9 22:17:41 2024: SESSION_MGR: creating session with session uuid: '279c24d9-bf9e-4560-b023-2924d85dd0cf' and name 'v++_compile_Work'
Fri Feb  9 22:17:41 2024: KERNEL_SVC: creating session with uuid: '279c24d9-bf9e-4560-b023-2924d85dd0cf' and name 'v++_compile_Work'
Fri Feb  9 22:17:41 2024: GUIDANCE_SMGR: creating guidance session with uuid: '279c24d9-bf9e-4560-b023-2924d85dd0cf' and name 'v++_compile_Work'
Fri Feb  9 22:17:41 2024: SYSTEM_DIAGRAM: creating session with uuid: '279c24d9-bf9e-4560-b023-2924d85dd0cf' and name 'v++_compile_Work'
Fri Feb  9 22:17:49 2024: Dispatch Server: Accepted socket connection from client
Fri Feb  9 22:17:49 2024: Starting Socket connection
Fri Feb  9 22:17:49 2024: SESSION_MGR: creating session with session uuid: '0c4a4f19-48b1-40f8-a798-c6632ced6478' and name 'AIE Compilation'
Fri Feb  9 22:17:49 2024: KERNEL_SVC: creating session with uuid: '0c4a4f19-48b1-40f8-a798-c6632ced6478' and name 'AIE Compilation'
Fri Feb  9 22:17:49 2024: GUIDANCE_SMGR: creating guidance session with uuid: '0c4a4f19-48b1-40f8-a798-c6632ced6478' and name 'AIE Compilation'
Fri Feb  9 22:17:49 2024: SYSTEM_DIAGRAM: creating session with uuid: '0c4a4f19-48b1-40f8-a798-c6632ced6478' and name 'AIE Compilation'
Fri Feb  9 22:17:51 2024: Dispatch Server: Accepted socket connection from client
Fri Feb  9 22:17:51 2024: Starting Socket connection
Fri Feb  9 22:17:58 2024: SESSION_MGR: closing session for UUID '0c4a4f19-48b1-40f8-a798-c6632ced6478' with name ''
Fri Feb  9 22:17:58 2024: KERNEL_SVC: closing session for UUID '0c4a4f19-48b1-40f8-a798-c6632ced6478' with name ''
Fri Feb  9 22:17:58 2024: GUIDANCE_SMGR: closing session for UUID '0c4a4f19-48b1-40f8-a798-c6632ced6478' with name ''
Fri Feb  9 22:17:58 2024: SYSTEM_DIAGRAM: closing session for UUID '0c4a4f19-48b1-40f8-a798-c6632ced6478' with name ''
Fri Feb  9 22:17:59 2024: SESSION_MGR: closing session for UUID '279c24d9-bf9e-4560-b023-2924d85dd0cf' with name 'v++_compile_Work'
Fri Feb  9 22:17:59 2024: KERNEL_SVC: closing session for UUID '279c24d9-bf9e-4560-b023-2924d85dd0cf' with name 'v++_compile_Work'
Fri Feb  9 22:17:59 2024: GUIDANCE_SMGR: closing session for UUID '279c24d9-bf9e-4560-b023-2924d85dd0cf' with name 'v++_compile_Work'
Fri Feb  9 22:17:59 2024: SYSTEM_DIAGRAM: closing session for UUID '279c24d9-bf9e-4560-b023-2924d85dd0cf' with name 'v++_compile_Work'
Fri Feb  9 22:17:59 2024: STOP_SERVER received, server token: 5c968e8c-6836-48e8-aaf5-b39416169732, passed token: 5c968e8c-6836-48e8-aaf5-b39416169732
Fri Feb  9 22:17:59 2024: Socket received request to stop server.
Fri Feb  9 22:17:59 2024: Dispatch Server: do_await_stop
Fri Feb  9 22:17:59 2024: Dispatch Server: stopping mainFifo_
Fri Feb  9 22:17:59 2024: XCD main fifo: Stopping
Fri Feb  9 22:17:59 2024: XCD main fifo: do_read error code: Operation canceled
Fri Feb  9 22:17:59 2024: XCD main fifo: bytes_transferred: 0
Fri Feb  9 22:17:59 2024: SERVER: destructor for server bound to port 36091
Fri Feb  9 22:17:59 2024: XCD main fifo: Good unlink of /tmp/xcdmain5c968e8c-6836-48e8-aaf5-b39416169732
Fri Feb  9 22:17:59 2024: Server exiting with status 0.
Fri Feb  9 22:17:59 2024: Closing log file.
Fri Feb  9 22:29:46 2024: Running xcd server. This server was built by gradle.
Fri Feb  9 22:29:46 2024: Server was asked to start on port: '37623'
Fri Feb  9 22:29:46 2024: Server is using token UUID: '11e3ec1b-db00-4ad9-b9ef-3a4d891491e8'
Fri Feb  9 22:29:46 2024: SESSION_MGR: creating session with session uuid: '6d04a3e9-ade5-4ab9-8d63-1f78fcd2ec76' and name 'default'
Fri Feb  9 22:29:46 2024: Attempting to start server on port '37623'
Fri Feb  9 22:29:46 2024: XCD main fifo: created main fifo '/tmp/xcdmain11e3ec1b-db00-4ad9-b9ef-3a4d891491e8', fd read = 13
Fri Feb  9 22:29:46 2024: Running Dispatch Server
Fri Feb  9 22:29:46 2024: Version 2.2.0
Fri Feb  9 22:29:48 2024: Dispatch Server: Accepted socket connection from client
Fri Feb  9 22:29:48 2024: Starting Socket connection
Fri Feb  9 22:29:48 2024: EXCHANGE_TOKEN received, server token: 11e3ec1b-db00-4ad9-b9ef-3a4d891491e8, passed token: 11e3ec1b-db00-4ad9-b9ef-3a4d891491e8
Fri Feb  9 22:29:48 2024: DISPATCH_HANDLER: Adding handler from function makeHandler in library libxv_system_diagram
Fri Feb  9 22:29:48 2024: SESSION_MGR: creating session with session uuid: '02a9f0b0-9c32-4fa6-a9b9-359dc5e3c06b' and name 'v++_compile_Work'
Fri Feb  9 22:29:48 2024: KERNEL_SVC: creating session with uuid: '02a9f0b0-9c32-4fa6-a9b9-359dc5e3c06b' and name 'v++_compile_Work'
Fri Feb  9 22:29:48 2024: GUIDANCE_SMGR: creating guidance session with uuid: '02a9f0b0-9c32-4fa6-a9b9-359dc5e3c06b' and name 'v++_compile_Work'
Fri Feb  9 22:29:48 2024: SYSTEM_DIAGRAM: creating session with uuid: '02a9f0b0-9c32-4fa6-a9b9-359dc5e3c06b' and name 'v++_compile_Work'
Fri Feb  9 22:29:56 2024: Dispatch Server: Accepted socket connection from client
Fri Feb  9 22:29:56 2024: Starting Socket connection
Fri Feb  9 22:29:56 2024: SESSION_MGR: creating session with session uuid: 'add7b1c7-d0fb-4e0f-803c-5acbdc41bcb7' and name 'AIE Compilation'
Fri Feb  9 22:29:56 2024: KERNEL_SVC: creating session with uuid: 'add7b1c7-d0fb-4e0f-803c-5acbdc41bcb7' and name 'AIE Compilation'
Fri Feb  9 22:29:56 2024: GUIDANCE_SMGR: creating guidance session with uuid: 'add7b1c7-d0fb-4e0f-803c-5acbdc41bcb7' and name 'AIE Compilation'
Fri Feb  9 22:29:56 2024: SYSTEM_DIAGRAM: creating session with uuid: 'add7b1c7-d0fb-4e0f-803c-5acbdc41bcb7' and name 'AIE Compilation'
Fri Feb  9 22:29:57 2024: SESSION_MGR: closing session for UUID 'add7b1c7-d0fb-4e0f-803c-5acbdc41bcb7' with name ''
Fri Feb  9 22:29:57 2024: KERNEL_SVC: closing session for UUID 'add7b1c7-d0fb-4e0f-803c-5acbdc41bcb7' with name ''
Fri Feb  9 22:29:57 2024: GUIDANCE_SMGR: closing session for UUID 'add7b1c7-d0fb-4e0f-803c-5acbdc41bcb7' with name ''
Fri Feb  9 22:29:57 2024: SYSTEM_DIAGRAM: closing session for UUID 'add7b1c7-d0fb-4e0f-803c-5acbdc41bcb7' with name ''
Fri Feb  9 22:29:57 2024: SESSION_MGR: closing session for UUID '02a9f0b0-9c32-4fa6-a9b9-359dc5e3c06b' with name 'v++_compile_Work'
Fri Feb  9 22:29:57 2024: KERNEL_SVC: closing session for UUID '02a9f0b0-9c32-4fa6-a9b9-359dc5e3c06b' with name 'v++_compile_Work'
Fri Feb  9 22:29:57 2024: GUIDANCE_SMGR: closing session for UUID '02a9f0b0-9c32-4fa6-a9b9-359dc5e3c06b' with name 'v++_compile_Work'
Fri Feb  9 22:29:57 2024: SYSTEM_DIAGRAM: closing session for UUID '02a9f0b0-9c32-4fa6-a9b9-359dc5e3c06b' with name 'v++_compile_Work'
Fri Feb  9 22:29:57 2024: STOP_SERVER received, server token: 11e3ec1b-db00-4ad9-b9ef-3a4d891491e8, passed token: 11e3ec1b-db00-4ad9-b9ef-3a4d891491e8
Fri Feb  9 22:29:57 2024: Socket received request to stop server.
Fri Feb  9 22:29:57 2024: Dispatch Server: do_await_stop
Fri Feb  9 22:29:57 2024: Dispatch Server: stopping mainFifo_
Fri Feb  9 22:29:57 2024: XCD main fifo: Stopping
Fri Feb  9 22:29:57 2024: XCD main fifo: do_read error code: Operation canceled
Fri Feb  9 22:29:57 2024: XCD main fifo: bytes_transferred: 0
Fri Feb  9 22:29:57 2024: SERVER: destructor for server bound to port 37623
Fri Feb  9 22:29:57 2024: XCD main fifo: Good unlink of /tmp/xcdmain11e3ec1b-db00-4ad9-b9ef-3a4d891491e8
Fri Feb  9 22:29:57 2024: Server exiting with status 0.
Fri Feb  9 22:29:57 2024: Closing log file.
Fri Feb  9 22:30:16 2024: Running xcd server. This server was built by gradle.
Fri Feb  9 22:30:16 2024: Server was asked to start on port: '34899'
Fri Feb  9 22:30:16 2024: Server is using token UUID: '6f8117a1-f413-4fb7-96ce-7902b143cf53'
Fri Feb  9 22:30:16 2024: SESSION_MGR: creating session with session uuid: '6d04a3e9-ade5-4ab9-8d63-1f78fcd2ec76' and name 'default'
Fri Feb  9 22:30:16 2024: Attempting to start server on port '34899'
Fri Feb  9 22:30:16 2024: XCD main fifo: created main fifo '/tmp/xcdmain6f8117a1-f413-4fb7-96ce-7902b143cf53', fd read = 13
Fri Feb  9 22:30:16 2024: Running Dispatch Server
Fri Feb  9 22:30:16 2024: Version 2.2.0
Fri Feb  9 22:30:18 2024: Dispatch Server: Accepted socket connection from client
Fri Feb  9 22:30:18 2024: Starting Socket connection
Fri Feb  9 22:30:18 2024: EXCHANGE_TOKEN received, server token: 6f8117a1-f413-4fb7-96ce-7902b143cf53, passed token: 6f8117a1-f413-4fb7-96ce-7902b143cf53
Fri Feb  9 22:30:18 2024: DISPATCH_HANDLER: Adding handler from function makeHandler in library libxv_system_diagram
Fri Feb  9 22:30:18 2024: SESSION_MGR: creating session with session uuid: 'b151ee6b-3067-44cc-9f53-1ed2d19d99af' and name 'v++_compile_Work'
Fri Feb  9 22:30:18 2024: KERNEL_SVC: creating session with uuid: 'b151ee6b-3067-44cc-9f53-1ed2d19d99af' and name 'v++_compile_Work'
Fri Feb  9 22:30:18 2024: GUIDANCE_SMGR: creating guidance session with uuid: 'b151ee6b-3067-44cc-9f53-1ed2d19d99af' and name 'v++_compile_Work'
Fri Feb  9 22:30:18 2024: SYSTEM_DIAGRAM: creating session with uuid: 'b151ee6b-3067-44cc-9f53-1ed2d19d99af' and name 'v++_compile_Work'
Fri Feb  9 22:30:26 2024: Dispatch Server: Accepted socket connection from client
Fri Feb  9 22:30:26 2024: Starting Socket connection
Fri Feb  9 22:30:26 2024: SESSION_MGR: creating session with session uuid: '46e9a940-8686-4cdc-aef0-bc21ebc4d9fe' and name 'AIE Compilation'
Fri Feb  9 22:30:26 2024: KERNEL_SVC: creating session with uuid: '46e9a940-8686-4cdc-aef0-bc21ebc4d9fe' and name 'AIE Compilation'
Fri Feb  9 22:30:26 2024: GUIDANCE_SMGR: creating guidance session with uuid: '46e9a940-8686-4cdc-aef0-bc21ebc4d9fe' and name 'AIE Compilation'
Fri Feb  9 22:30:26 2024: SYSTEM_DIAGRAM: creating session with uuid: '46e9a940-8686-4cdc-aef0-bc21ebc4d9fe' and name 'AIE Compilation'
Fri Feb  9 22:30:27 2024: SESSION_MGR: closing session for UUID '46e9a940-8686-4cdc-aef0-bc21ebc4d9fe' with name ''
Fri Feb  9 22:30:27 2024: KERNEL_SVC: closing session for UUID '46e9a940-8686-4cdc-aef0-bc21ebc4d9fe' with name ''
Fri Feb  9 22:30:27 2024: GUIDANCE_SMGR: closing session for UUID '46e9a940-8686-4cdc-aef0-bc21ebc4d9fe' with name ''
Fri Feb  9 22:30:27 2024: SYSTEM_DIAGRAM: closing session for UUID '46e9a940-8686-4cdc-aef0-bc21ebc4d9fe' with name ''
Fri Feb  9 22:30:27 2024: SESSION_MGR: closing session for UUID 'b151ee6b-3067-44cc-9f53-1ed2d19d99af' with name 'v++_compile_Work'
Fri Feb  9 22:30:27 2024: KERNEL_SVC: closing session for UUID 'b151ee6b-3067-44cc-9f53-1ed2d19d99af' with name 'v++_compile_Work'
Fri Feb  9 22:30:27 2024: GUIDANCE_SMGR: closing session for UUID 'b151ee6b-3067-44cc-9f53-1ed2d19d99af' with name 'v++_compile_Work'
Fri Feb  9 22:30:27 2024: SYSTEM_DIAGRAM: closing session for UUID 'b151ee6b-3067-44cc-9f53-1ed2d19d99af' with name 'v++_compile_Work'
Fri Feb  9 22:30:27 2024: STOP_SERVER received, server token: 6f8117a1-f413-4fb7-96ce-7902b143cf53, passed token: 6f8117a1-f413-4fb7-96ce-7902b143cf53
Fri Feb  9 22:30:27 2024: Socket received request to stop server.
Fri Feb  9 22:30:27 2024: Dispatch Server: do_await_stop
Fri Feb  9 22:30:27 2024: Dispatch Server: stopping mainFifo_
Fri Feb  9 22:30:27 2024: XCD main fifo: Stopping
Fri Feb  9 22:30:27 2024: XCD main fifo: do_read error code: Operation canceled
Fri Feb  9 22:30:27 2024: XCD main fifo: bytes_transferred: 0
Fri Feb  9 22:30:27 2024: SERVER: destructor for server bound to port 34899
Fri Feb  9 22:30:27 2024: XCD main fifo: Good unlink of /tmp/xcdmain6f8117a1-f413-4fb7-96ce-7902b143cf53
Fri Feb  9 22:30:27 2024: Server exiting with status 0.
Fri Feb  9 22:30:27 2024: Closing log file.
Fri Feb  9 22:30:35 2024: Running xcd server. This server was built by gradle.
Fri Feb  9 22:30:35 2024: Server was asked to start on port: '42739'
Fri Feb  9 22:30:35 2024: Server is using token UUID: '2cd91fdc-95a5-445f-a69e-824ad7eee9b0'
Fri Feb  9 22:30:35 2024: SESSION_MGR: creating session with session uuid: '6d04a3e9-ade5-4ab9-8d63-1f78fcd2ec76' and name 'default'
Fri Feb  9 22:30:35 2024: Attempting to start server on port '42739'
Fri Feb  9 22:30:35 2024: XCD main fifo: created main fifo '/tmp/xcdmain2cd91fdc-95a5-445f-a69e-824ad7eee9b0', fd read = 13
Fri Feb  9 22:30:35 2024: Running Dispatch Server
Fri Feb  9 22:30:35 2024: Version 2.2.0
Fri Feb  9 22:30:37 2024: Dispatch Server: Accepted socket connection from client
Fri Feb  9 22:30:37 2024: Starting Socket connection
Fri Feb  9 22:30:37 2024: EXCHANGE_TOKEN received, server token: 2cd91fdc-95a5-445f-a69e-824ad7eee9b0, passed token: 2cd91fdc-95a5-445f-a69e-824ad7eee9b0
Fri Feb  9 22:30:37 2024: DISPATCH_HANDLER: Adding handler from function makeHandler in library libxv_system_diagram
Fri Feb  9 22:30:37 2024: SESSION_MGR: creating session with session uuid: 'd2307dda-8aba-46df-9d97-7b3de89ddfde' and name 'v++_compile_Work'
Fri Feb  9 22:30:37 2024: KERNEL_SVC: creating session with uuid: 'd2307dda-8aba-46df-9d97-7b3de89ddfde' and name 'v++_compile_Work'
Fri Feb  9 22:30:37 2024: GUIDANCE_SMGR: creating guidance session with uuid: 'd2307dda-8aba-46df-9d97-7b3de89ddfde' and name 'v++_compile_Work'
Fri Feb  9 22:30:37 2024: SYSTEM_DIAGRAM: creating session with uuid: 'd2307dda-8aba-46df-9d97-7b3de89ddfde' and name 'v++_compile_Work'
Fri Feb  9 22:30:45 2024: Dispatch Server: Accepted socket connection from client
Fri Feb  9 22:30:45 2024: Starting Socket connection
Fri Feb  9 22:30:45 2024: SESSION_MGR: creating session with session uuid: 'e95c6a1c-18db-4cb3-b386-dc1d18579bef' and name 'AIE Compilation'
Fri Feb  9 22:30:45 2024: KERNEL_SVC: creating session with uuid: 'e95c6a1c-18db-4cb3-b386-dc1d18579bef' and name 'AIE Compilation'
Fri Feb  9 22:30:45 2024: GUIDANCE_SMGR: creating guidance session with uuid: 'e95c6a1c-18db-4cb3-b386-dc1d18579bef' and name 'AIE Compilation'
Fri Feb  9 22:30:45 2024: SYSTEM_DIAGRAM: creating session with uuid: 'e95c6a1c-18db-4cb3-b386-dc1d18579bef' and name 'AIE Compilation'
Fri Feb  9 22:30:45 2024: SESSION_MGR: closing session for UUID 'e95c6a1c-18db-4cb3-b386-dc1d18579bef' with name ''
Fri Feb  9 22:30:45 2024: KERNEL_SVC: closing session for UUID 'e95c6a1c-18db-4cb3-b386-dc1d18579bef' with name ''
Fri Feb  9 22:30:45 2024: GUIDANCE_SMGR: closing session for UUID 'e95c6a1c-18db-4cb3-b386-dc1d18579bef' with name ''
Fri Feb  9 22:30:45 2024: SYSTEM_DIAGRAM: closing session for UUID 'e95c6a1c-18db-4cb3-b386-dc1d18579bef' with name ''
Fri Feb  9 22:30:45 2024: SESSION_MGR: closing session for UUID 'd2307dda-8aba-46df-9d97-7b3de89ddfde' with name 'v++_compile_Work'
Fri Feb  9 22:30:45 2024: KERNEL_SVC: closing session for UUID 'd2307dda-8aba-46df-9d97-7b3de89ddfde' with name 'v++_compile_Work'
Fri Feb  9 22:30:45 2024: GUIDANCE_SMGR: closing session for UUID 'd2307dda-8aba-46df-9d97-7b3de89ddfde' with name 'v++_compile_Work'
Fri Feb  9 22:30:45 2024: SYSTEM_DIAGRAM: closing session for UUID 'd2307dda-8aba-46df-9d97-7b3de89ddfde' with name 'v++_compile_Work'
Fri Feb  9 22:30:45 2024: STOP_SERVER received, server token: 2cd91fdc-95a5-445f-a69e-824ad7eee9b0, passed token: 2cd91fdc-95a5-445f-a69e-824ad7eee9b0
Fri Feb  9 22:30:45 2024: Socket received request to stop server.
Fri Feb  9 22:30:45 2024: Dispatch Server: do_await_stop
Fri Feb  9 22:30:45 2024: Dispatch Server: stopping mainFifo_
Fri Feb  9 22:30:45 2024: XCD main fifo: Stopping
Fri Feb  9 22:30:45 2024: XCD main fifo: do_read error code: Operation canceled
Fri Feb  9 22:30:45 2024: XCD main fifo: bytes_transferred: 0
Fri Feb  9 22:30:45 2024: SERVER: destructor for server bound to port 42739
Fri Feb  9 22:30:45 2024: XCD main fifo: Good unlink of /tmp/xcdmain2cd91fdc-95a5-445f-a69e-824ad7eee9b0
Fri Feb  9 22:30:45 2024: Server exiting with status 0.
Fri Feb  9 22:30:45 2024: Closing log file.
Fri Feb  9 22:30:54 2024: Running xcd server. This server was built by gradle.
Fri Feb  9 22:30:54 2024: Server was asked to start on port: '46783'
Fri Feb  9 22:30:54 2024: Server is using token UUID: '67bd4505-4a44-4828-b2ac-b2078756b0b6'
Fri Feb  9 22:30:54 2024: SESSION_MGR: creating session with session uuid: '6d04a3e9-ade5-4ab9-8d63-1f78fcd2ec76' and name 'default'
Fri Feb  9 22:30:54 2024: Attempting to start server on port '46783'
Fri Feb  9 22:30:54 2024: XCD main fifo: created main fifo '/tmp/xcdmain67bd4505-4a44-4828-b2ac-b2078756b0b6', fd read = 13
Fri Feb  9 22:30:54 2024: Running Dispatch Server
Fri Feb  9 22:30:54 2024: Version 2.2.0
Fri Feb  9 22:30:56 2024: Dispatch Server: Accepted socket connection from client
Fri Feb  9 22:30:56 2024: Starting Socket connection
Fri Feb  9 22:30:56 2024: EXCHANGE_TOKEN received, server token: 67bd4505-4a44-4828-b2ac-b2078756b0b6, passed token: 67bd4505-4a44-4828-b2ac-b2078756b0b6
Fri Feb  9 22:30:56 2024: DISPATCH_HANDLER: Adding handler from function makeHandler in library libxv_system_diagram
Fri Feb  9 22:30:56 2024: SESSION_MGR: creating session with session uuid: '3a8c9667-39c0-4cb6-95a2-ef92cb71cd65' and name 'v++_compile_Work'
Fri Feb  9 22:30:56 2024: KERNEL_SVC: creating session with uuid: '3a8c9667-39c0-4cb6-95a2-ef92cb71cd65' and name 'v++_compile_Work'
Fri Feb  9 22:30:56 2024: GUIDANCE_SMGR: creating guidance session with uuid: '3a8c9667-39c0-4cb6-95a2-ef92cb71cd65' and name 'v++_compile_Work'
Fri Feb  9 22:30:56 2024: SYSTEM_DIAGRAM: creating session with uuid: '3a8c9667-39c0-4cb6-95a2-ef92cb71cd65' and name 'v++_compile_Work'
Fri Feb  9 22:31:04 2024: Dispatch Server: Accepted socket connection from client
Fri Feb  9 22:31:04 2024: Starting Socket connection
Fri Feb  9 22:31:04 2024: SESSION_MGR: creating session with session uuid: 'b4641efe-5343-443b-91a4-b670f2f5ec90' and name 'AIE Compilation'
Fri Feb  9 22:31:04 2024: KERNEL_SVC: creating session with uuid: 'b4641efe-5343-443b-91a4-b670f2f5ec90' and name 'AIE Compilation'
Fri Feb  9 22:31:04 2024: GUIDANCE_SMGR: creating guidance session with uuid: 'b4641efe-5343-443b-91a4-b670f2f5ec90' and name 'AIE Compilation'
Fri Feb  9 22:31:04 2024: SYSTEM_DIAGRAM: creating session with uuid: 'b4641efe-5343-443b-91a4-b670f2f5ec90' and name 'AIE Compilation'
Fri Feb  9 22:31:04 2024: SESSION_MGR: closing session for UUID 'b4641efe-5343-443b-91a4-b670f2f5ec90' with name ''
Fri Feb  9 22:31:04 2024: KERNEL_SVC: closing session for UUID 'b4641efe-5343-443b-91a4-b670f2f5ec90' with name ''
Fri Feb  9 22:31:04 2024: GUIDANCE_SMGR: closing session for UUID 'b4641efe-5343-443b-91a4-b670f2f5ec90' with name ''
Fri Feb  9 22:31:04 2024: SYSTEM_DIAGRAM: closing session for UUID 'b4641efe-5343-443b-91a4-b670f2f5ec90' with name ''
Fri Feb  9 22:31:05 2024: SESSION_MGR: closing session for UUID '3a8c9667-39c0-4cb6-95a2-ef92cb71cd65' with name 'v++_compile_Work'
Fri Feb  9 22:31:05 2024: KERNEL_SVC: closing session for UUID '3a8c9667-39c0-4cb6-95a2-ef92cb71cd65' with name 'v++_compile_Work'
Fri Feb  9 22:31:05 2024: GUIDANCE_SMGR: closing session for UUID '3a8c9667-39c0-4cb6-95a2-ef92cb71cd65' with name 'v++_compile_Work'
Fri Feb  9 22:31:05 2024: SYSTEM_DIAGRAM: closing session for UUID '3a8c9667-39c0-4cb6-95a2-ef92cb71cd65' with name 'v++_compile_Work'
Fri Feb  9 22:31:05 2024: STOP_SERVER received, server token: 67bd4505-4a44-4828-b2ac-b2078756b0b6, passed token: 67bd4505-4a44-4828-b2ac-b2078756b0b6
Fri Feb  9 22:31:05 2024: Socket received request to stop server.
Fri Feb  9 22:31:05 2024: Dispatch Server: do_await_stop
Fri Feb  9 22:31:05 2024: Dispatch Server: stopping mainFifo_
Fri Feb  9 22:31:05 2024: XCD main fifo: Stopping
Fri Feb  9 22:31:05 2024: XCD main fifo: do_read error code: Operation canceled
Fri Feb  9 22:31:05 2024: XCD main fifo: bytes_transferred: 0
Fri Feb  9 22:31:05 2024: SERVER: destructor for server bound to port 46783
Fri Feb  9 22:31:05 2024: XCD main fifo: Good unlink of /tmp/xcdmain67bd4505-4a44-4828-b2ac-b2078756b0b6
Fri Feb  9 22:31:05 2024: Server exiting with status 0.
Fri Feb  9 22:31:05 2024: Closing log file.
Fri Feb  9 22:34:54 2024: Running xcd server. This server was built by gradle.
Fri Feb  9 22:34:54 2024: Server was asked to start on port: '45177'
Fri Feb  9 22:34:54 2024: Server is using token UUID: '260c68d5-588e-4610-a258-ac002d165a69'
Fri Feb  9 22:34:54 2024: SESSION_MGR: creating session with session uuid: '6d04a3e9-ade5-4ab9-8d63-1f78fcd2ec76' and name 'default'
Fri Feb  9 22:34:54 2024: Attempting to start server on port '45177'
Fri Feb  9 22:34:54 2024: XCD main fifo: created main fifo '/tmp/xcdmain260c68d5-588e-4610-a258-ac002d165a69', fd read = 13
Fri Feb  9 22:34:54 2024: Running Dispatch Server
Fri Feb  9 22:34:54 2024: Version 2.2.0
Fri Feb  9 22:34:56 2024: Dispatch Server: Accepted socket connection from client
Fri Feb  9 22:34:56 2024: Starting Socket connection
Fri Feb  9 22:34:56 2024: EXCHANGE_TOKEN received, server token: 260c68d5-588e-4610-a258-ac002d165a69, passed token: 260c68d5-588e-4610-a258-ac002d165a69
Fri Feb  9 22:34:56 2024: DISPATCH_HANDLER: Adding handler from function makeHandler in library libxv_system_diagram
Fri Feb  9 22:34:56 2024: SESSION_MGR: creating session with session uuid: '950ffb7e-28f9-4767-ba4e-0d3084f73fff' and name 'v++_compile_Work'
Fri Feb  9 22:34:56 2024: KERNEL_SVC: creating session with uuid: '950ffb7e-28f9-4767-ba4e-0d3084f73fff' and name 'v++_compile_Work'
Fri Feb  9 22:34:56 2024: GUIDANCE_SMGR: creating guidance session with uuid: '950ffb7e-28f9-4767-ba4e-0d3084f73fff' and name 'v++_compile_Work'
Fri Feb  9 22:34:56 2024: SYSTEM_DIAGRAM: creating session with uuid: '950ffb7e-28f9-4767-ba4e-0d3084f73fff' and name 'v++_compile_Work'
Fri Feb  9 22:35:04 2024: Dispatch Server: Accepted socket connection from client
Fri Feb  9 22:35:04 2024: Starting Socket connection
Fri Feb  9 22:35:04 2024: SESSION_MGR: creating session with session uuid: '2c6cbca6-0754-491f-9668-ede833e1552d' and name 'AIE Compilation'
Fri Feb  9 22:35:04 2024: KERNEL_SVC: creating session with uuid: '2c6cbca6-0754-491f-9668-ede833e1552d' and name 'AIE Compilation'
Fri Feb  9 22:35:04 2024: GUIDANCE_SMGR: creating guidance session with uuid: '2c6cbca6-0754-491f-9668-ede833e1552d' and name 'AIE Compilation'
Fri Feb  9 22:35:04 2024: SYSTEM_DIAGRAM: creating session with uuid: '2c6cbca6-0754-491f-9668-ede833e1552d' and name 'AIE Compilation'
Fri Feb  9 22:35:06 2024: Dispatch Server: Accepted socket connection from client
Fri Feb  9 22:35:06 2024: Starting Socket connection
Fri Feb  9 22:35:13 2024: SESSION_MGR: closing session for UUID '2c6cbca6-0754-491f-9668-ede833e1552d' with name ''
Fri Feb  9 22:35:13 2024: KERNEL_SVC: closing session for UUID '2c6cbca6-0754-491f-9668-ede833e1552d' with name ''
Fri Feb  9 22:35:13 2024: GUIDANCE_SMGR: closing session for UUID '2c6cbca6-0754-491f-9668-ede833e1552d' with name ''
Fri Feb  9 22:35:13 2024: SYSTEM_DIAGRAM: closing session for UUID '2c6cbca6-0754-491f-9668-ede833e1552d' with name ''
Fri Feb  9 22:35:13 2024: SESSION_MGR: closing session for UUID '950ffb7e-28f9-4767-ba4e-0d3084f73fff' with name 'v++_compile_Work'
Fri Feb  9 22:35:13 2024: KERNEL_SVC: closing session for UUID '950ffb7e-28f9-4767-ba4e-0d3084f73fff' with name 'v++_compile_Work'
Fri Feb  9 22:35:13 2024: GUIDANCE_SMGR: closing session for UUID '950ffb7e-28f9-4767-ba4e-0d3084f73fff' with name 'v++_compile_Work'
Fri Feb  9 22:35:13 2024: SYSTEM_DIAGRAM: closing session for UUID '950ffb7e-28f9-4767-ba4e-0d3084f73fff' with name 'v++_compile_Work'
Fri Feb  9 22:35:13 2024: STOP_SERVER received, server token: 260c68d5-588e-4610-a258-ac002d165a69, passed token: 260c68d5-588e-4610-a258-ac002d165a69
Fri Feb  9 22:35:13 2024: Socket received request to stop server.
Fri Feb  9 22:35:13 2024: Dispatch Server: do_await_stop
Fri Feb  9 22:35:13 2024: Dispatch Server: stopping mainFifo_
Fri Feb  9 22:35:13 2024: XCD main fifo: Stopping
Fri Feb  9 22:35:13 2024: XCD main fifo: do_read error code: Operation canceled
Fri Feb  9 22:35:13 2024: XCD main fifo: bytes_transferred: 0
Fri Feb  9 22:35:13 2024: SERVER: destructor for server bound to port 45177
Fri Feb  9 22:35:13 2024: XCD main fifo: Good unlink of /tmp/xcdmain260c68d5-588e-4610-a258-ac002d165a69
Fri Feb  9 22:35:13 2024: Server exiting with status 0.
Fri Feb  9 22:35:13 2024: Closing log file.
Fri Feb  9 22:41:59 2024: Running xcd server. This server was built by gradle.
Fri Feb  9 22:41:59 2024: Server was asked to start on port: '43113'
Fri Feb  9 22:41:59 2024: Server is using token UUID: '7e349182-118b-4f37-a58e-fbe534257306'
Fri Feb  9 22:41:59 2024: SESSION_MGR: creating session with session uuid: '6d04a3e9-ade5-4ab9-8d63-1f78fcd2ec76' and name 'default'
Fri Feb  9 22:41:59 2024: Attempting to start server on port '43113'
Fri Feb  9 22:41:59 2024: XCD main fifo: created main fifo '/tmp/xcdmain7e349182-118b-4f37-a58e-fbe534257306', fd read = 13
Fri Feb  9 22:41:59 2024: Running Dispatch Server
Fri Feb  9 22:41:59 2024: Version 2.2.0
Fri Feb  9 22:42:01 2024: Dispatch Server: Accepted socket connection from client
Fri Feb  9 22:42:01 2024: Starting Socket connection
Fri Feb  9 22:42:01 2024: EXCHANGE_TOKEN received, server token: 7e349182-118b-4f37-a58e-fbe534257306, passed token: 7e349182-118b-4f37-a58e-fbe534257306
Fri Feb  9 22:42:01 2024: DISPATCH_HANDLER: Adding handler from function makeHandler in library libxv_system_diagram
Fri Feb  9 22:42:01 2024: SESSION_MGR: creating session with session uuid: '12b0ea0d-0396-4c19-8b1d-9077015cf0ef' and name 'v++_compile_Work'
Fri Feb  9 22:42:01 2024: KERNEL_SVC: creating session with uuid: '12b0ea0d-0396-4c19-8b1d-9077015cf0ef' and name 'v++_compile_Work'
Fri Feb  9 22:42:01 2024: GUIDANCE_SMGR: creating guidance session with uuid: '12b0ea0d-0396-4c19-8b1d-9077015cf0ef' and name 'v++_compile_Work'
Fri Feb  9 22:42:01 2024: SYSTEM_DIAGRAM: creating session with uuid: '12b0ea0d-0396-4c19-8b1d-9077015cf0ef' and name 'v++_compile_Work'
Fri Feb  9 22:42:09 2024: Dispatch Server: Accepted socket connection from client
Fri Feb  9 22:42:09 2024: Starting Socket connection
Fri Feb  9 22:42:09 2024: SESSION_MGR: creating session with session uuid: 'fd30001f-d880-41e9-aff9-0f94f8a62b98' and name 'AIE Compilation'
Fri Feb  9 22:42:09 2024: KERNEL_SVC: creating session with uuid: 'fd30001f-d880-41e9-aff9-0f94f8a62b98' and name 'AIE Compilation'
Fri Feb  9 22:42:09 2024: GUIDANCE_SMGR: creating guidance session with uuid: 'fd30001f-d880-41e9-aff9-0f94f8a62b98' and name 'AIE Compilation'
Fri Feb  9 22:42:09 2024: SYSTEM_DIAGRAM: creating session with uuid: 'fd30001f-d880-41e9-aff9-0f94f8a62b98' and name 'AIE Compilation'
Fri Feb  9 22:42:11 2024: Dispatch Server: Accepted socket connection from client
Fri Feb  9 22:42:11 2024: Starting Socket connection
Fri Feb  9 22:42:18 2024: SESSION_MGR: closing session for UUID 'fd30001f-d880-41e9-aff9-0f94f8a62b98' with name ''
Fri Feb  9 22:42:18 2024: KERNEL_SVC: closing session for UUID 'fd30001f-d880-41e9-aff9-0f94f8a62b98' with name ''
Fri Feb  9 22:42:18 2024: GUIDANCE_SMGR: closing session for UUID 'fd30001f-d880-41e9-aff9-0f94f8a62b98' with name ''
Fri Feb  9 22:42:18 2024: SYSTEM_DIAGRAM: closing session for UUID 'fd30001f-d880-41e9-aff9-0f94f8a62b98' with name ''
Fri Feb  9 22:42:18 2024: SESSION_MGR: closing session for UUID '12b0ea0d-0396-4c19-8b1d-9077015cf0ef' with name 'v++_compile_Work'
Fri Feb  9 22:42:18 2024: KERNEL_SVC: closing session for UUID '12b0ea0d-0396-4c19-8b1d-9077015cf0ef' with name 'v++_compile_Work'
Fri Feb  9 22:42:18 2024: GUIDANCE_SMGR: closing session for UUID '12b0ea0d-0396-4c19-8b1d-9077015cf0ef' with name 'v++_compile_Work'
Fri Feb  9 22:42:18 2024: SYSTEM_DIAGRAM: closing session for UUID '12b0ea0d-0396-4c19-8b1d-9077015cf0ef' with name 'v++_compile_Work'
Fri Feb  9 22:42:18 2024: STOP_SERVER received, server token: 7e349182-118b-4f37-a58e-fbe534257306, passed token: 7e349182-118b-4f37-a58e-fbe534257306
Fri Feb  9 22:42:18 2024: Socket received request to stop server.
Fri Feb  9 22:42:18 2024: Dispatch Server: do_await_stop
Fri Feb  9 22:42:18 2024: Dispatch Server: stopping mainFifo_
Fri Feb  9 22:42:18 2024: XCD main fifo: Stopping
Fri Feb  9 22:42:18 2024: XCD main fifo: do_read error code: Operation canceled
Fri Feb  9 22:42:18 2024: XCD main fifo: bytes_transferred: 0
Fri Feb  9 22:42:18 2024: SERVER: destructor for server bound to port 43113
Fri Feb  9 22:42:18 2024: XCD main fifo: Good unlink of /tmp/xcdmain7e349182-118b-4f37-a58e-fbe534257306
Fri Feb  9 22:42:18 2024: Server exiting with status 0.
Fri Feb  9 22:42:18 2024: Closing log file.
Fri Feb  9 22:55:13 2024: Running xcd server. This server was built by gradle.
Fri Feb  9 22:55:13 2024: Server was asked to start on port: '37777'
Fri Feb  9 22:55:13 2024: Server is using token UUID: 'c3333ee7-a240-4dce-bb76-bbd850016419'
Fri Feb  9 22:55:13 2024: SESSION_MGR: creating session with session uuid: '6d04a3e9-ade5-4ab9-8d63-1f78fcd2ec76' and name 'default'
Fri Feb  9 22:55:13 2024: Attempting to start server on port '37777'
Fri Feb  9 22:55:13 2024: XCD main fifo: created main fifo '/tmp/xcdmainc3333ee7-a240-4dce-bb76-bbd850016419', fd read = 13
Fri Feb  9 22:55:13 2024: Running Dispatch Server
Fri Feb  9 22:55:13 2024: Version 2.2.0
Fri Feb  9 22:55:15 2024: Dispatch Server: Accepted socket connection from client
Fri Feb  9 22:55:15 2024: Starting Socket connection
Fri Feb  9 22:55:15 2024: EXCHANGE_TOKEN received, server token: c3333ee7-a240-4dce-bb76-bbd850016419, passed token: c3333ee7-a240-4dce-bb76-bbd850016419
Fri Feb  9 22:55:15 2024: DISPATCH_HANDLER: Adding handler from function makeHandler in library libxv_system_diagram
Fri Feb  9 22:55:15 2024: SESSION_MGR: creating session with session uuid: '283140d9-6497-4516-bade-cee24a64e620' and name 'v++_compile_Work'
Fri Feb  9 22:55:15 2024: KERNEL_SVC: creating session with uuid: '283140d9-6497-4516-bade-cee24a64e620' and name 'v++_compile_Work'
Fri Feb  9 22:55:15 2024: GUIDANCE_SMGR: creating guidance session with uuid: '283140d9-6497-4516-bade-cee24a64e620' and name 'v++_compile_Work'
Fri Feb  9 22:55:15 2024: SYSTEM_DIAGRAM: creating session with uuid: '283140d9-6497-4516-bade-cee24a64e620' and name 'v++_compile_Work'
Fri Feb  9 22:55:23 2024: Dispatch Server: Accepted socket connection from client
Fri Feb  9 22:55:23 2024: Starting Socket connection
Fri Feb  9 22:55:23 2024: SESSION_MGR: creating session with session uuid: '4024c039-771a-4f0d-9f8d-e122214d32e8' and name 'AIE Compilation'
Fri Feb  9 22:55:23 2024: KERNEL_SVC: creating session with uuid: '4024c039-771a-4f0d-9f8d-e122214d32e8' and name 'AIE Compilation'
Fri Feb  9 22:55:23 2024: GUIDANCE_SMGR: creating guidance session with uuid: '4024c039-771a-4f0d-9f8d-e122214d32e8' and name 'AIE Compilation'
Fri Feb  9 22:55:23 2024: SYSTEM_DIAGRAM: creating session with uuid: '4024c039-771a-4f0d-9f8d-e122214d32e8' and name 'AIE Compilation'
Fri Feb  9 22:55:25 2024: Dispatch Server: Accepted socket connection from client
Fri Feb  9 22:55:25 2024: Starting Socket connection
Fri Feb  9 22:55:32 2024: SESSION_MGR: closing session for UUID '4024c039-771a-4f0d-9f8d-e122214d32e8' with name ''
Fri Feb  9 22:55:32 2024: KERNEL_SVC: closing session for UUID '4024c039-771a-4f0d-9f8d-e122214d32e8' with name ''
Fri Feb  9 22:55:32 2024: GUIDANCE_SMGR: closing session for UUID '4024c039-771a-4f0d-9f8d-e122214d32e8' with name ''
Fri Feb  9 22:55:32 2024: SYSTEM_DIAGRAM: closing session for UUID '4024c039-771a-4f0d-9f8d-e122214d32e8' with name ''
Fri Feb  9 22:55:33 2024: SESSION_MGR: closing session for UUID '283140d9-6497-4516-bade-cee24a64e620' with name 'v++_compile_Work'
Fri Feb  9 22:55:33 2024: KERNEL_SVC: closing session for UUID '283140d9-6497-4516-bade-cee24a64e620' with name 'v++_compile_Work'
Fri Feb  9 22:55:33 2024: GUIDANCE_SMGR: closing session for UUID '283140d9-6497-4516-bade-cee24a64e620' with name 'v++_compile_Work'
Fri Feb  9 22:55:33 2024: SYSTEM_DIAGRAM: closing session for UUID '283140d9-6497-4516-bade-cee24a64e620' with name 'v++_compile_Work'
Fri Feb  9 22:55:33 2024: STOP_SERVER received, server token: c3333ee7-a240-4dce-bb76-bbd850016419, passed token: c3333ee7-a240-4dce-bb76-bbd850016419
Fri Feb  9 22:55:33 2024: Socket received request to stop server.
Fri Feb  9 22:55:33 2024: Dispatch Server: do_await_stop
Fri Feb  9 22:55:33 2024: Dispatch Server: stopping mainFifo_
Fri Feb  9 22:55:33 2024: XCD main fifo: Stopping
Fri Feb  9 22:55:33 2024: XCD main fifo: do_read error code: Operation canceled
Fri Feb  9 22:55:33 2024: XCD main fifo: bytes_transferred: 0
Fri Feb  9 22:55:33 2024: SERVER: destructor for server bound to port 37777
Fri Feb  9 22:55:33 2024: XCD main fifo: Good unlink of /tmp/xcdmainc3333ee7-a240-4dce-bb76-bbd850016419
Fri Feb  9 22:55:33 2024: Server exiting with status 0.
Fri Feb  9 22:55:33 2024: Closing log file.
Fri Feb  9 22:56:20 2024: Running xcd server. This server was built by gradle.
Fri Feb  9 22:56:20 2024: Server was asked to start on port: '46309'
Fri Feb  9 22:56:20 2024: Server is using token UUID: '774c8f30-8c4e-4932-a230-eacd58ab4f96'
Fri Feb  9 22:56:20 2024: SESSION_MGR: creating session with session uuid: '6d04a3e9-ade5-4ab9-8d63-1f78fcd2ec76' and name 'default'
Fri Feb  9 22:56:20 2024: Attempting to start server on port '46309'
Fri Feb  9 22:56:20 2024: XCD main fifo: created main fifo '/tmp/xcdmain774c8f30-8c4e-4932-a230-eacd58ab4f96', fd read = 13
Fri Feb  9 22:56:20 2024: Running Dispatch Server
Fri Feb  9 22:56:20 2024: Version 2.2.0
Fri Feb  9 22:56:22 2024: Dispatch Server: Accepted socket connection from client
Fri Feb  9 22:56:22 2024: Starting Socket connection
Fri Feb  9 22:56:22 2024: EXCHANGE_TOKEN received, server token: 774c8f30-8c4e-4932-a230-eacd58ab4f96, passed token: 774c8f30-8c4e-4932-a230-eacd58ab4f96
Fri Feb  9 22:56:22 2024: DISPATCH_HANDLER: Adding handler from function makeHandler in library libxv_system_diagram
Fri Feb  9 22:56:22 2024: SESSION_MGR: creating session with session uuid: 'e19365b2-3325-440f-a946-80afabb3018c' and name 'v++_compile_Work'
Fri Feb  9 22:56:22 2024: KERNEL_SVC: creating session with uuid: 'e19365b2-3325-440f-a946-80afabb3018c' and name 'v++_compile_Work'
Fri Feb  9 22:56:22 2024: GUIDANCE_SMGR: creating guidance session with uuid: 'e19365b2-3325-440f-a946-80afabb3018c' and name 'v++_compile_Work'
Fri Feb  9 22:56:22 2024: SYSTEM_DIAGRAM: creating session with uuid: 'e19365b2-3325-440f-a946-80afabb3018c' and name 'v++_compile_Work'
Fri Feb  9 22:56:31 2024: Dispatch Server: Accepted socket connection from client
Fri Feb  9 22:56:31 2024: Starting Socket connection
Fri Feb  9 22:56:31 2024: SESSION_MGR: creating session with session uuid: '57b413c0-4ef2-4db9-8580-8d12a536f430' and name 'AIE Compilation'
Fri Feb  9 22:56:31 2024: KERNEL_SVC: creating session with uuid: '57b413c0-4ef2-4db9-8580-8d12a536f430' and name 'AIE Compilation'
Fri Feb  9 22:56:31 2024: GUIDANCE_SMGR: creating guidance session with uuid: '57b413c0-4ef2-4db9-8580-8d12a536f430' and name 'AIE Compilation'
Fri Feb  9 22:56:31 2024: SYSTEM_DIAGRAM: creating session with uuid: '57b413c0-4ef2-4db9-8580-8d12a536f430' and name 'AIE Compilation'
Fri Feb  9 22:56:32 2024: Dispatch Server: Accepted socket connection from client
Fri Feb  9 22:56:32 2024: Starting Socket connection
Fri Feb  9 22:56:36 2024: Running xcd server. This server was built by gradle.
Fri Feb  9 22:56:36 2024: Server was asked to start on port: '41693'
Fri Feb  9 22:56:36 2024: Server is using token UUID: 'abcc7415-8cf1-42cf-9fcf-6a7beaab37d2'
Fri Feb  9 22:56:36 2024: SESSION_MGR: creating session with session uuid: '6d04a3e9-ade5-4ab9-8d63-1f78fcd2ec76' and name 'default'
Fri Feb  9 22:56:36 2024: Attempting to start server on port '41693'
Fri Feb  9 22:56:36 2024: XCD main fifo: created main fifo '/tmp/xcdmainabcc7415-8cf1-42cf-9fcf-6a7beaab37d2', fd read = 13
Fri Feb  9 22:56:36 2024: Running Dispatch Server
Fri Feb  9 22:56:36 2024: Version 2.2.0
Fri Feb  9 22:56:38 2024: Dispatch Server: Accepted socket connection from client
Fri Feb  9 22:56:38 2024: Starting Socket connection
Fri Feb  9 22:56:38 2024: EXCHANGE_TOKEN received, server token: abcc7415-8cf1-42cf-9fcf-6a7beaab37d2, passed token: abcc7415-8cf1-42cf-9fcf-6a7beaab37d2
Fri Feb  9 22:56:38 2024: DISPATCH_HANDLER: Adding handler from function makeHandler in library libxv_system_diagram
Fri Feb  9 22:56:38 2024: SESSION_MGR: creating session with session uuid: '57750e5f-ba6d-4373-baf5-16bb5ad1d464' and name 'v++_compile_Work'
Fri Feb  9 22:56:38 2024: KERNEL_SVC: creating session with uuid: '57750e5f-ba6d-4373-baf5-16bb5ad1d464' and name 'v++_compile_Work'
Fri Feb  9 22:56:38 2024: GUIDANCE_SMGR: creating guidance session with uuid: '57750e5f-ba6d-4373-baf5-16bb5ad1d464' and name 'v++_compile_Work'
Fri Feb  9 22:56:38 2024: SYSTEM_DIAGRAM: creating session with uuid: '57750e5f-ba6d-4373-baf5-16bb5ad1d464' and name 'v++_compile_Work'
Fri Feb  9 22:56:46 2024: Dispatch Server: Accepted socket connection from client
Fri Feb  9 22:56:46 2024: Starting Socket connection
Fri Feb  9 22:56:46 2024: SESSION_MGR: creating session with session uuid: '0be4eaae-0fe1-4a63-ab3e-9b2927c57318' and name 'AIE Compilation'
Fri Feb  9 22:56:46 2024: KERNEL_SVC: creating session with uuid: '0be4eaae-0fe1-4a63-ab3e-9b2927c57318' and name 'AIE Compilation'
Fri Feb  9 22:56:46 2024: GUIDANCE_SMGR: creating guidance session with uuid: '0be4eaae-0fe1-4a63-ab3e-9b2927c57318' and name 'AIE Compilation'
Fri Feb  9 22:56:46 2024: SYSTEM_DIAGRAM: creating session with uuid: '0be4eaae-0fe1-4a63-ab3e-9b2927c57318' and name 'AIE Compilation'
Fri Feb  9 22:56:48 2024: Dispatch Server: Accepted socket connection from client
Fri Feb  9 22:56:48 2024: Starting Socket connection
Fri Feb  9 22:56:55 2024: SESSION_MGR: closing session for UUID '0be4eaae-0fe1-4a63-ab3e-9b2927c57318' with name ''
Fri Feb  9 22:56:55 2024: KERNEL_SVC: closing session for UUID '0be4eaae-0fe1-4a63-ab3e-9b2927c57318' with name ''
Fri Feb  9 22:56:55 2024: GUIDANCE_SMGR: closing session for UUID '0be4eaae-0fe1-4a63-ab3e-9b2927c57318' with name ''
Fri Feb  9 22:56:55 2024: SYSTEM_DIAGRAM: closing session for UUID '0be4eaae-0fe1-4a63-ab3e-9b2927c57318' with name ''
Fri Feb  9 22:56:56 2024: SESSION_MGR: closing session for UUID '57750e5f-ba6d-4373-baf5-16bb5ad1d464' with name 'v++_compile_Work'
Fri Feb  9 22:56:56 2024: KERNEL_SVC: closing session for UUID '57750e5f-ba6d-4373-baf5-16bb5ad1d464' with name 'v++_compile_Work'
Fri Feb  9 22:56:56 2024: GUIDANCE_SMGR: closing session for UUID '57750e5f-ba6d-4373-baf5-16bb5ad1d464' with name 'v++_compile_Work'
Fri Feb  9 22:56:56 2024: SYSTEM_DIAGRAM: closing session for UUID '57750e5f-ba6d-4373-baf5-16bb5ad1d464' with name 'v++_compile_Work'
Fri Feb  9 22:56:56 2024: STOP_SERVER received, server token: abcc7415-8cf1-42cf-9fcf-6a7beaab37d2, passed token: abcc7415-8cf1-42cf-9fcf-6a7beaab37d2
Fri Feb  9 22:56:56 2024: Socket received request to stop server.
Fri Feb  9 22:56:56 2024: Dispatch Server: do_await_stop
Fri Feb  9 22:56:56 2024: Dispatch Server: stopping mainFifo_
Fri Feb  9 22:56:56 2024: XCD main fifo: Stopping
Fri Feb  9 22:56:56 2024: XCD main fifo: do_read error code: Operation canceled
Fri Feb  9 22:56:56 2024: XCD main fifo: bytes_transferred: 0
Fri Feb  9 22:56:56 2024: SERVER: destructor for server bound to port 41693
Fri Feb  9 22:56:56 2024: XCD main fifo: Good unlink of /tmp/xcdmainabcc7415-8cf1-42cf-9fcf-6a7beaab37d2
Fri Feb  9 22:56:56 2024: Server exiting with status 0.
Fri Feb  9 22:56:56 2024: Closing log file.
Fri Feb  9 22:59:22 2024: Running xcd server. This server was built by gradle.
Fri Feb  9 22:59:22 2024: Server was asked to start on port: '39201'
Fri Feb  9 22:59:22 2024: Server is using token UUID: '42f75b47-aad5-42db-b198-cd220f009a57'
Fri Feb  9 22:59:22 2024: SESSION_MGR: creating session with session uuid: '6d04a3e9-ade5-4ab9-8d63-1f78fcd2ec76' and name 'default'
Fri Feb  9 22:59:22 2024: Attempting to start server on port '39201'
Fri Feb  9 22:59:22 2024: XCD main fifo: created main fifo '/tmp/xcdmain42f75b47-aad5-42db-b198-cd220f009a57', fd read = 13
Fri Feb  9 22:59:22 2024: Running Dispatch Server
Fri Feb  9 22:59:22 2024: Version 2.2.0
Fri Feb  9 22:59:24 2024: Dispatch Server: Accepted socket connection from client
Fri Feb  9 22:59:24 2024: Starting Socket connection
Fri Feb  9 22:59:24 2024: EXCHANGE_TOKEN received, server token: 42f75b47-aad5-42db-b198-cd220f009a57, passed token: 42f75b47-aad5-42db-b198-cd220f009a57
Fri Feb  9 22:59:24 2024: DISPATCH_HANDLER: Adding handler from function makeHandler in library libxv_system_diagram
Fri Feb  9 22:59:24 2024: SESSION_MGR: creating session with session uuid: '50c44e46-5134-45d6-af9b-d86270063a8e' and name 'v++_compile_Work'
Fri Feb  9 22:59:24 2024: KERNEL_SVC: creating session with uuid: '50c44e46-5134-45d6-af9b-d86270063a8e' and name 'v++_compile_Work'
Fri Feb  9 22:59:24 2024: GUIDANCE_SMGR: creating guidance session with uuid: '50c44e46-5134-45d6-af9b-d86270063a8e' and name 'v++_compile_Work'
Fri Feb  9 22:59:24 2024: SYSTEM_DIAGRAM: creating session with uuid: '50c44e46-5134-45d6-af9b-d86270063a8e' and name 'v++_compile_Work'
Fri Feb  9 22:59:32 2024: Dispatch Server: Accepted socket connection from client
Fri Feb  9 22:59:32 2024: Starting Socket connection
Fri Feb  9 22:59:32 2024: SESSION_MGR: creating session with session uuid: '005a07c9-1e03-46ba-a102-c3764ea318e5' and name 'AIE Compilation'
Fri Feb  9 22:59:32 2024: KERNEL_SVC: creating session with uuid: '005a07c9-1e03-46ba-a102-c3764ea318e5' and name 'AIE Compilation'
Fri Feb  9 22:59:32 2024: GUIDANCE_SMGR: creating guidance session with uuid: '005a07c9-1e03-46ba-a102-c3764ea318e5' and name 'AIE Compilation'
Fri Feb  9 22:59:32 2024: SYSTEM_DIAGRAM: creating session with uuid: '005a07c9-1e03-46ba-a102-c3764ea318e5' and name 'AIE Compilation'
Fri Feb  9 22:59:34 2024: Dispatch Server: Accepted socket connection from client
Fri Feb  9 22:59:34 2024: Starting Socket connection
Fri Feb  9 22:59:41 2024: SESSION_MGR: closing session for UUID '005a07c9-1e03-46ba-a102-c3764ea318e5' with name ''
Fri Feb  9 22:59:41 2024: KERNEL_SVC: closing session for UUID '005a07c9-1e03-46ba-a102-c3764ea318e5' with name ''
Fri Feb  9 22:59:41 2024: GUIDANCE_SMGR: closing session for UUID '005a07c9-1e03-46ba-a102-c3764ea318e5' with name ''
Fri Feb  9 22:59:41 2024: SYSTEM_DIAGRAM: closing session for UUID '005a07c9-1e03-46ba-a102-c3764ea318e5' with name ''
Fri Feb  9 22:59:41 2024: SESSION_MGR: closing session for UUID '50c44e46-5134-45d6-af9b-d86270063a8e' with name 'v++_compile_Work'
Fri Feb  9 22:59:41 2024: KERNEL_SVC: closing session for UUID '50c44e46-5134-45d6-af9b-d86270063a8e' with name 'v++_compile_Work'
Fri Feb  9 22:59:41 2024: GUIDANCE_SMGR: closing session for UUID '50c44e46-5134-45d6-af9b-d86270063a8e' with name 'v++_compile_Work'
Fri Feb  9 22:59:42 2024: SYSTEM_DIAGRAM: closing session for UUID '50c44e46-5134-45d6-af9b-d86270063a8e' with name 'v++_compile_Work'
Fri Feb  9 22:59:42 2024: STOP_SERVER received, server token: 42f75b47-aad5-42db-b198-cd220f009a57, passed token: 42f75b47-aad5-42db-b198-cd220f009a57
Fri Feb  9 22:59:42 2024: Socket received request to stop server.
Fri Feb  9 22:59:42 2024: Dispatch Server: do_await_stop
Fri Feb  9 22:59:42 2024: Dispatch Server: stopping mainFifo_
Fri Feb  9 22:59:42 2024: XCD main fifo: Stopping
Fri Feb  9 22:59:42 2024: XCD main fifo: do_read error code: Operation canceled
Fri Feb  9 22:59:42 2024: XCD main fifo: bytes_transferred: 0
Fri Feb  9 22:59:42 2024: SERVER: destructor for server bound to port 39201
Fri Feb  9 22:59:42 2024: XCD main fifo: Good unlink of /tmp/xcdmain42f75b47-aad5-42db-b198-cd220f009a57
Fri Feb  9 22:59:42 2024: Server exiting with status 0.
Fri Feb  9 22:59:42 2024: Closing log file.
Fri Feb  9 23:05:44 2024: Running xcd server. This server was built by gradle.
Fri Feb  9 23:05:44 2024: Server was asked to start on port: '42163'
Fri Feb  9 23:05:44 2024: Server is using token UUID: '7a9a06ca-7875-4ef1-83b9-6ec4ed48ffdf'
Fri Feb  9 23:05:44 2024: SESSION_MGR: creating session with session uuid: '6d04a3e9-ade5-4ab9-8d63-1f78fcd2ec76' and name 'default'
Fri Feb  9 23:05:44 2024: Attempting to start server on port '42163'
Fri Feb  9 23:05:44 2024: XCD main fifo: created main fifo '/tmp/xcdmain7a9a06ca-7875-4ef1-83b9-6ec4ed48ffdf', fd read = 13
Fri Feb  9 23:05:44 2024: Running Dispatch Server
Fri Feb  9 23:05:44 2024: Version 2.2.0
Fri Feb  9 23:05:46 2024: Dispatch Server: Accepted socket connection from client
Fri Feb  9 23:05:46 2024: Starting Socket connection
Fri Feb  9 23:05:46 2024: EXCHANGE_TOKEN received, server token: 7a9a06ca-7875-4ef1-83b9-6ec4ed48ffdf, passed token: 7a9a06ca-7875-4ef1-83b9-6ec4ed48ffdf
Fri Feb  9 23:05:46 2024: DISPATCH_HANDLER: Adding handler from function makeHandler in library libxv_system_diagram
Fri Feb  9 23:05:46 2024: SESSION_MGR: creating session with session uuid: 'ebd8860e-e22f-4acc-b0fb-94e2dca6c32c' and name 'v++_compile_Work'
Fri Feb  9 23:05:46 2024: KERNEL_SVC: creating session with uuid: 'ebd8860e-e22f-4acc-b0fb-94e2dca6c32c' and name 'v++_compile_Work'
Fri Feb  9 23:05:46 2024: GUIDANCE_SMGR: creating guidance session with uuid: 'ebd8860e-e22f-4acc-b0fb-94e2dca6c32c' and name 'v++_compile_Work'
Fri Feb  9 23:05:46 2024: SYSTEM_DIAGRAM: creating session with uuid: 'ebd8860e-e22f-4acc-b0fb-94e2dca6c32c' and name 'v++_compile_Work'
Fri Feb  9 23:05:54 2024: Dispatch Server: Accepted socket connection from client
Fri Feb  9 23:05:54 2024: Starting Socket connection
Fri Feb  9 23:05:54 2024: SESSION_MGR: creating session with session uuid: '0a809b26-2041-4fbb-afef-50b98046dc4d' and name 'AIE Compilation'
Fri Feb  9 23:05:54 2024: KERNEL_SVC: creating session with uuid: '0a809b26-2041-4fbb-afef-50b98046dc4d' and name 'AIE Compilation'
Fri Feb  9 23:05:54 2024: GUIDANCE_SMGR: creating guidance session with uuid: '0a809b26-2041-4fbb-afef-50b98046dc4d' and name 'AIE Compilation'
Fri Feb  9 23:05:54 2024: SYSTEM_DIAGRAM: creating session with uuid: '0a809b26-2041-4fbb-afef-50b98046dc4d' and name 'AIE Compilation'
Fri Feb  9 23:05:56 2024: Dispatch Server: Accepted socket connection from client
Fri Feb  9 23:05:56 2024: Starting Socket connection
Fri Feb  9 23:06:04 2024: SESSION_MGR: closing session for UUID '0a809b26-2041-4fbb-afef-50b98046dc4d' with name ''
Fri Feb  9 23:06:04 2024: KERNEL_SVC: closing session for UUID '0a809b26-2041-4fbb-afef-50b98046dc4d' with name ''
Fri Feb  9 23:06:04 2024: GUIDANCE_SMGR: closing session for UUID '0a809b26-2041-4fbb-afef-50b98046dc4d' with name ''
Fri Feb  9 23:06:04 2024: SYSTEM_DIAGRAM: closing session for UUID '0a809b26-2041-4fbb-afef-50b98046dc4d' with name ''
Fri Feb  9 23:06:04 2024: SESSION_MGR: closing session for UUID 'ebd8860e-e22f-4acc-b0fb-94e2dca6c32c' with name 'v++_compile_Work'
Fri Feb  9 23:06:04 2024: KERNEL_SVC: closing session for UUID 'ebd8860e-e22f-4acc-b0fb-94e2dca6c32c' with name 'v++_compile_Work'
Fri Feb  9 23:06:04 2024: GUIDANCE_SMGR: closing session for UUID 'ebd8860e-e22f-4acc-b0fb-94e2dca6c32c' with name 'v++_compile_Work'
Fri Feb  9 23:06:04 2024: SYSTEM_DIAGRAM: closing session for UUID 'ebd8860e-e22f-4acc-b0fb-94e2dca6c32c' with name 'v++_compile_Work'
Fri Feb  9 23:06:04 2024: STOP_SERVER received, server token: 7a9a06ca-7875-4ef1-83b9-6ec4ed48ffdf, passed token: 7a9a06ca-7875-4ef1-83b9-6ec4ed48ffdf
Fri Feb  9 23:06:04 2024: Socket received request to stop server.
Fri Feb  9 23:06:04 2024: Dispatch Server: do_await_stop
Fri Feb  9 23:06:04 2024: Dispatch Server: stopping mainFifo_
Fri Feb  9 23:06:04 2024: XCD main fifo: Stopping
Fri Feb  9 23:06:04 2024: XCD main fifo: do_read error code: Operation canceled
Fri Feb  9 23:06:04 2024: XCD main fifo: bytes_transferred: 0
Fri Feb  9 23:06:04 2024: SERVER: destructor for server bound to port 42163
Fri Feb  9 23:06:04 2024: XCD main fifo: Good unlink of /tmp/xcdmain7a9a06ca-7875-4ef1-83b9-6ec4ed48ffdf
Fri Feb  9 23:06:04 2024: Server exiting with status 0.
Fri Feb  9 23:06:04 2024: Closing log file.
Fri Feb  9 23:08:34 2024: Running xcd server. This server was built by gradle.
Fri Feb  9 23:08:34 2024: Server was asked to start on port: '35559'
Fri Feb  9 23:08:34 2024: Server is using token UUID: 'ea1d2cbe-9a3c-4855-bf8f-e23e8b797671'
Fri Feb  9 23:08:34 2024: SESSION_MGR: creating session with session uuid: '6d04a3e9-ade5-4ab9-8d63-1f78fcd2ec76' and name 'default'
Fri Feb  9 23:08:34 2024: Attempting to start server on port '35559'
Fri Feb  9 23:08:34 2024: XCD main fifo: created main fifo '/tmp/xcdmainea1d2cbe-9a3c-4855-bf8f-e23e8b797671', fd read = 13
Fri Feb  9 23:08:34 2024: Running Dispatch Server
Fri Feb  9 23:08:34 2024: Version 2.2.0
Fri Feb  9 23:08:36 2024: Dispatch Server: Accepted socket connection from client
Fri Feb  9 23:08:36 2024: Starting Socket connection
Fri Feb  9 23:08:36 2024: EXCHANGE_TOKEN received, server token: ea1d2cbe-9a3c-4855-bf8f-e23e8b797671, passed token: ea1d2cbe-9a3c-4855-bf8f-e23e8b797671
Fri Feb  9 23:08:36 2024: DISPATCH_HANDLER: Adding handler from function makeHandler in library libxv_system_diagram
Fri Feb  9 23:08:36 2024: SESSION_MGR: creating session with session uuid: 'e910ce91-0211-4178-a350-0a624232adc1' and name 'v++_compile_Work'
Fri Feb  9 23:08:36 2024: KERNEL_SVC: creating session with uuid: 'e910ce91-0211-4178-a350-0a624232adc1' and name 'v++_compile_Work'
Fri Feb  9 23:08:36 2024: GUIDANCE_SMGR: creating guidance session with uuid: 'e910ce91-0211-4178-a350-0a624232adc1' and name 'v++_compile_Work'
Fri Feb  9 23:08:36 2024: SYSTEM_DIAGRAM: creating session with uuid: 'e910ce91-0211-4178-a350-0a624232adc1' and name 'v++_compile_Work'
Fri Feb  9 23:08:44 2024: Dispatch Server: Accepted socket connection from client
Fri Feb  9 23:08:44 2024: Starting Socket connection
Fri Feb  9 23:08:44 2024: SESSION_MGR: creating session with session uuid: 'b236af32-fcf3-4ad0-b412-f91da524fe92' and name 'AIE Compilation'
Fri Feb  9 23:08:44 2024: KERNEL_SVC: creating session with uuid: 'b236af32-fcf3-4ad0-b412-f91da524fe92' and name 'AIE Compilation'
Fri Feb  9 23:08:44 2024: GUIDANCE_SMGR: creating guidance session with uuid: 'b236af32-fcf3-4ad0-b412-f91da524fe92' and name 'AIE Compilation'
Fri Feb  9 23:08:44 2024: SYSTEM_DIAGRAM: creating session with uuid: 'b236af32-fcf3-4ad0-b412-f91da524fe92' and name 'AIE Compilation'
Fri Feb  9 23:08:46 2024: Dispatch Server: Accepted socket connection from client
Fri Feb  9 23:08:46 2024: Starting Socket connection
Fri Feb  9 23:08:53 2024: SESSION_MGR: closing session for UUID 'b236af32-fcf3-4ad0-b412-f91da524fe92' with name ''
Fri Feb  9 23:08:53 2024: KERNEL_SVC: closing session for UUID 'b236af32-fcf3-4ad0-b412-f91da524fe92' with name ''
Fri Feb  9 23:08:53 2024: GUIDANCE_SMGR: closing session for UUID 'b236af32-fcf3-4ad0-b412-f91da524fe92' with name ''
Fri Feb  9 23:08:53 2024: SYSTEM_DIAGRAM: closing session for UUID 'b236af32-fcf3-4ad0-b412-f91da524fe92' with name ''
Fri Feb  9 23:08:53 2024: SESSION_MGR: closing session for UUID 'e910ce91-0211-4178-a350-0a624232adc1' with name 'v++_compile_Work'
Fri Feb  9 23:08:53 2024: KERNEL_SVC: closing session for UUID 'e910ce91-0211-4178-a350-0a624232adc1' with name 'v++_compile_Work'
Fri Feb  9 23:08:53 2024: GUIDANCE_SMGR: closing session for UUID 'e910ce91-0211-4178-a350-0a624232adc1' with name 'v++_compile_Work'
Fri Feb  9 23:08:54 2024: SYSTEM_DIAGRAM: closing session for UUID 'e910ce91-0211-4178-a350-0a624232adc1' with name 'v++_compile_Work'
Fri Feb  9 23:08:54 2024: STOP_SERVER received, server token: ea1d2cbe-9a3c-4855-bf8f-e23e8b797671, passed token: ea1d2cbe-9a3c-4855-bf8f-e23e8b797671
Fri Feb  9 23:08:54 2024: Socket received request to stop server.
Fri Feb  9 23:08:54 2024: Dispatch Server: do_await_stop
Fri Feb  9 23:08:54 2024: Dispatch Server: stopping mainFifo_
Fri Feb  9 23:08:54 2024: XCD main fifo: Stopping
Fri Feb  9 23:08:54 2024: XCD main fifo: do_read error code: Operation canceled
Fri Feb  9 23:08:54 2024: XCD main fifo: bytes_transferred: 0
Fri Feb  9 23:08:54 2024: SERVER: destructor for server bound to port 35559
Fri Feb  9 23:08:54 2024: XCD main fifo: Good unlink of /tmp/xcdmainea1d2cbe-9a3c-4855-bf8f-e23e8b797671
Fri Feb  9 23:08:54 2024: Server exiting with status 0.
Fri Feb  9 23:08:54 2024: Closing log file.
Fri Feb  9 23:10:33 2024: Running xcd server. This server was built by gradle.
Fri Feb  9 23:10:33 2024: Server was asked to start on port: '36495'
Fri Feb  9 23:10:33 2024: Server is using token UUID: 'e6b56b62-9edd-4a38-9d07-123349b2d631'
Fri Feb  9 23:10:33 2024: SESSION_MGR: creating session with session uuid: '6d04a3e9-ade5-4ab9-8d63-1f78fcd2ec76' and name 'default'
Fri Feb  9 23:10:33 2024: Attempting to start server on port '36495'
Fri Feb  9 23:10:33 2024: XCD main fifo: created main fifo '/tmp/xcdmaine6b56b62-9edd-4a38-9d07-123349b2d631', fd read = 13
Fri Feb  9 23:10:33 2024: Running Dispatch Server
Fri Feb  9 23:10:33 2024: Version 2.2.0
Fri Feb  9 23:10:35 2024: Dispatch Server: Accepted socket connection from client
Fri Feb  9 23:10:35 2024: Starting Socket connection
Fri Feb  9 23:10:35 2024: EXCHANGE_TOKEN received, server token: e6b56b62-9edd-4a38-9d07-123349b2d631, passed token: e6b56b62-9edd-4a38-9d07-123349b2d631
Fri Feb  9 23:10:35 2024: DISPATCH_HANDLER: Adding handler from function makeHandler in library libxv_system_diagram
Fri Feb  9 23:10:35 2024: SESSION_MGR: creating session with session uuid: '7e1150d2-6e63-4010-b982-3be3f3d0a4ca' and name 'v++_compile_Work'
Fri Feb  9 23:10:35 2024: KERNEL_SVC: creating session with uuid: '7e1150d2-6e63-4010-b982-3be3f3d0a4ca' and name 'v++_compile_Work'
Fri Feb  9 23:10:35 2024: GUIDANCE_SMGR: creating guidance session with uuid: '7e1150d2-6e63-4010-b982-3be3f3d0a4ca' and name 'v++_compile_Work'
Fri Feb  9 23:10:35 2024: SYSTEM_DIAGRAM: creating session with uuid: '7e1150d2-6e63-4010-b982-3be3f3d0a4ca' and name 'v++_compile_Work'
Fri Feb  9 23:10:43 2024: Dispatch Server: Accepted socket connection from client
Fri Feb  9 23:10:43 2024: Starting Socket connection
Fri Feb  9 23:10:43 2024: SESSION_MGR: creating session with session uuid: '22dbd845-6792-45c8-9610-cc2c7b9201cf' and name 'AIE Compilation'
Fri Feb  9 23:10:43 2024: KERNEL_SVC: creating session with uuid: '22dbd845-6792-45c8-9610-cc2c7b9201cf' and name 'AIE Compilation'
Fri Feb  9 23:10:43 2024: GUIDANCE_SMGR: creating guidance session with uuid: '22dbd845-6792-45c8-9610-cc2c7b9201cf' and name 'AIE Compilation'
Fri Feb  9 23:10:43 2024: SYSTEM_DIAGRAM: creating session with uuid: '22dbd845-6792-45c8-9610-cc2c7b9201cf' and name 'AIE Compilation'
Fri Feb  9 23:10:45 2024: Dispatch Server: Accepted socket connection from client
Fri Feb  9 23:10:45 2024: Starting Socket connection
Fri Feb  9 23:10:52 2024: SESSION_MGR: closing session for UUID '22dbd845-6792-45c8-9610-cc2c7b9201cf' with name ''
Fri Feb  9 23:10:52 2024: KERNEL_SVC: closing session for UUID '22dbd845-6792-45c8-9610-cc2c7b9201cf' with name ''
Fri Feb  9 23:10:52 2024: GUIDANCE_SMGR: closing session for UUID '22dbd845-6792-45c8-9610-cc2c7b9201cf' with name ''
Fri Feb  9 23:10:52 2024: SYSTEM_DIAGRAM: closing session for UUID '22dbd845-6792-45c8-9610-cc2c7b9201cf' with name ''
Fri Feb  9 23:10:53 2024: SESSION_MGR: closing session for UUID '7e1150d2-6e63-4010-b982-3be3f3d0a4ca' with name 'v++_compile_Work'
Fri Feb  9 23:10:53 2024: KERNEL_SVC: closing session for UUID '7e1150d2-6e63-4010-b982-3be3f3d0a4ca' with name 'v++_compile_Work'
Fri Feb  9 23:10:53 2024: GUIDANCE_SMGR: closing session for UUID '7e1150d2-6e63-4010-b982-3be3f3d0a4ca' with name 'v++_compile_Work'
Fri Feb  9 23:10:53 2024: SYSTEM_DIAGRAM: closing session for UUID '7e1150d2-6e63-4010-b982-3be3f3d0a4ca' with name 'v++_compile_Work'
Fri Feb  9 23:10:53 2024: STOP_SERVER received, server token: e6b56b62-9edd-4a38-9d07-123349b2d631, passed token: e6b56b62-9edd-4a38-9d07-123349b2d631
Fri Feb  9 23:10:53 2024: Socket received request to stop server.
Fri Feb  9 23:10:53 2024: Dispatch Server: do_await_stop
Fri Feb  9 23:10:53 2024: Dispatch Server: stopping mainFifo_
Fri Feb  9 23:10:53 2024: XCD main fifo: Stopping
Fri Feb  9 23:10:53 2024: XCD main fifo: do_read error code: Operation canceled
Fri Feb  9 23:10:53 2024: XCD main fifo: bytes_transferred: 0
Fri Feb  9 23:10:53 2024: SERVER: destructor for server bound to port 36495
Fri Feb  9 23:10:53 2024: XCD main fifo: Good unlink of /tmp/xcdmaine6b56b62-9edd-4a38-9d07-123349b2d631
Fri Feb  9 23:10:53 2024: Server exiting with status 0.
Fri Feb  9 23:10:53 2024: Closing log file.
Fri Feb  9 23:12:18 2024: Running xcd server. This server was built by gradle.
Fri Feb  9 23:12:18 2024: Server was asked to start on port: '42381'
Fri Feb  9 23:12:18 2024: Server is using token UUID: 'a676a7b8-8c7a-4ce8-83b6-27d4f0e671c1'
Fri Feb  9 23:12:18 2024: SESSION_MGR: creating session with session uuid: '6d04a3e9-ade5-4ab9-8d63-1f78fcd2ec76' and name 'default'
Fri Feb  9 23:12:18 2024: Attempting to start server on port '42381'
Fri Feb  9 23:12:18 2024: XCD main fifo: created main fifo '/tmp/xcdmaina676a7b8-8c7a-4ce8-83b6-27d4f0e671c1', fd read = 13
Fri Feb  9 23:12:18 2024: Running Dispatch Server
Fri Feb  9 23:12:18 2024: Version 2.2.0
Fri Feb  9 23:12:20 2024: Dispatch Server: Accepted socket connection from client
Fri Feb  9 23:12:20 2024: Starting Socket connection
Fri Feb  9 23:12:20 2024: EXCHANGE_TOKEN received, server token: a676a7b8-8c7a-4ce8-83b6-27d4f0e671c1, passed token: a676a7b8-8c7a-4ce8-83b6-27d4f0e671c1
Fri Feb  9 23:12:20 2024: DISPATCH_HANDLER: Adding handler from function makeHandler in library libxv_system_diagram
Fri Feb  9 23:12:20 2024: SESSION_MGR: creating session with session uuid: '1770ad3d-bee5-4da8-9d82-dfb8a82f089a' and name 'v++_compile_Work'
Fri Feb  9 23:12:20 2024: KERNEL_SVC: creating session with uuid: '1770ad3d-bee5-4da8-9d82-dfb8a82f089a' and name 'v++_compile_Work'
Fri Feb  9 23:12:20 2024: GUIDANCE_SMGR: creating guidance session with uuid: '1770ad3d-bee5-4da8-9d82-dfb8a82f089a' and name 'v++_compile_Work'
Fri Feb  9 23:12:20 2024: SYSTEM_DIAGRAM: creating session with uuid: '1770ad3d-bee5-4da8-9d82-dfb8a82f089a' and name 'v++_compile_Work'
Fri Feb  9 23:12:28 2024: Dispatch Server: Accepted socket connection from client
Fri Feb  9 23:12:28 2024: Starting Socket connection
Fri Feb  9 23:12:28 2024: SESSION_MGR: creating session with session uuid: '7cbf8394-2bba-49d9-a3cb-6ec434db1bdd' and name 'AIE Compilation'
Fri Feb  9 23:12:28 2024: KERNEL_SVC: creating session with uuid: '7cbf8394-2bba-49d9-a3cb-6ec434db1bdd' and name 'AIE Compilation'
Fri Feb  9 23:12:28 2024: GUIDANCE_SMGR: creating guidance session with uuid: '7cbf8394-2bba-49d9-a3cb-6ec434db1bdd' and name 'AIE Compilation'
Fri Feb  9 23:12:28 2024: SYSTEM_DIAGRAM: creating session with uuid: '7cbf8394-2bba-49d9-a3cb-6ec434db1bdd' and name 'AIE Compilation'
Fri Feb  9 23:12:30 2024: Dispatch Server: Accepted socket connection from client
Fri Feb  9 23:12:30 2024: Starting Socket connection
Fri Feb  9 23:12:37 2024: SESSION_MGR: closing session for UUID '7cbf8394-2bba-49d9-a3cb-6ec434db1bdd' with name ''
Fri Feb  9 23:12:37 2024: KERNEL_SVC: closing session for UUID '7cbf8394-2bba-49d9-a3cb-6ec434db1bdd' with name ''
Fri Feb  9 23:12:37 2024: GUIDANCE_SMGR: closing session for UUID '7cbf8394-2bba-49d9-a3cb-6ec434db1bdd' with name ''
Fri Feb  9 23:12:37 2024: SYSTEM_DIAGRAM: closing session for UUID '7cbf8394-2bba-49d9-a3cb-6ec434db1bdd' with name ''
Fri Feb  9 23:12:37 2024: SESSION_MGR: closing session for UUID '1770ad3d-bee5-4da8-9d82-dfb8a82f089a' with name 'v++_compile_Work'
Fri Feb  9 23:12:37 2024: KERNEL_SVC: closing session for UUID '1770ad3d-bee5-4da8-9d82-dfb8a82f089a' with name 'v++_compile_Work'
Fri Feb  9 23:12:37 2024: GUIDANCE_SMGR: closing session for UUID '1770ad3d-bee5-4da8-9d82-dfb8a82f089a' with name 'v++_compile_Work'
Fri Feb  9 23:12:37 2024: SYSTEM_DIAGRAM: closing session for UUID '1770ad3d-bee5-4da8-9d82-dfb8a82f089a' with name 'v++_compile_Work'
Fri Feb  9 23:12:37 2024: STOP_SERVER received, server token: a676a7b8-8c7a-4ce8-83b6-27d4f0e671c1, passed token: a676a7b8-8c7a-4ce8-83b6-27d4f0e671c1
Fri Feb  9 23:12:37 2024: Socket received request to stop server.
Fri Feb  9 23:12:37 2024: Dispatch Server: do_await_stop
Fri Feb  9 23:12:37 2024: Dispatch Server: stopping mainFifo_
Fri Feb  9 23:12:37 2024: XCD main fifo: Stopping
Fri Feb  9 23:12:37 2024: XCD main fifo: do_read error code: Operation canceled
Fri Feb  9 23:12:37 2024: XCD main fifo: bytes_transferred: 0
Fri Feb  9 23:12:37 2024: SERVER: destructor for server bound to port 42381
Fri Feb  9 23:12:37 2024: XCD main fifo: Good unlink of /tmp/xcdmaina676a7b8-8c7a-4ce8-83b6-27d4f0e671c1
Fri Feb  9 23:12:37 2024: Server exiting with status 0.
Fri Feb  9 23:12:37 2024: Closing log file.
Fri Feb  9 23:13:51 2024: Running xcd server. This server was built by gradle.
Fri Feb  9 23:13:51 2024: Server was asked to start on port: '37031'
Fri Feb  9 23:13:51 2024: Server is using token UUID: 'd3119e29-6bf7-4c7f-99bb-30ad58579f10'
Fri Feb  9 23:13:51 2024: SESSION_MGR: creating session with session uuid: '6d04a3e9-ade5-4ab9-8d63-1f78fcd2ec76' and name 'default'
Fri Feb  9 23:13:51 2024: Attempting to start server on port '37031'
Fri Feb  9 23:13:51 2024: XCD main fifo: created main fifo '/tmp/xcdmaind3119e29-6bf7-4c7f-99bb-30ad58579f10', fd read = 13
Fri Feb  9 23:13:51 2024: Running Dispatch Server
Fri Feb  9 23:13:51 2024: Version 2.2.0
Fri Feb  9 23:13:53 2024: Dispatch Server: Accepted socket connection from client
Fri Feb  9 23:13:53 2024: Starting Socket connection
Fri Feb  9 23:13:53 2024: EXCHANGE_TOKEN received, server token: d3119e29-6bf7-4c7f-99bb-30ad58579f10, passed token: d3119e29-6bf7-4c7f-99bb-30ad58579f10
Fri Feb  9 23:13:54 2024: DISPATCH_HANDLER: Adding handler from function makeHandler in library libxv_system_diagram
Fri Feb  9 23:13:54 2024: SESSION_MGR: creating session with session uuid: 'fb69c89b-cba4-48f6-acaa-8b21d5e9b17b' and name 'v++_compile_Work'
Fri Feb  9 23:13:54 2024: KERNEL_SVC: creating session with uuid: 'fb69c89b-cba4-48f6-acaa-8b21d5e9b17b' and name 'v++_compile_Work'
Fri Feb  9 23:13:54 2024: GUIDANCE_SMGR: creating guidance session with uuid: 'fb69c89b-cba4-48f6-acaa-8b21d5e9b17b' and name 'v++_compile_Work'
Fri Feb  9 23:13:54 2024: SYSTEM_DIAGRAM: creating session with uuid: 'fb69c89b-cba4-48f6-acaa-8b21d5e9b17b' and name 'v++_compile_Work'
Fri Feb  9 23:14:01 2024: Dispatch Server: Accepted socket connection from client
Fri Feb  9 23:14:01 2024: Starting Socket connection
Fri Feb  9 23:14:01 2024: SESSION_MGR: creating session with session uuid: 'cf0cbd73-8d4a-438f-b4b3-9651fa68b31c' and name 'AIE Compilation'
Fri Feb  9 23:14:01 2024: KERNEL_SVC: creating session with uuid: 'cf0cbd73-8d4a-438f-b4b3-9651fa68b31c' and name 'AIE Compilation'
Fri Feb  9 23:14:01 2024: GUIDANCE_SMGR: creating guidance session with uuid: 'cf0cbd73-8d4a-438f-b4b3-9651fa68b31c' and name 'AIE Compilation'
Fri Feb  9 23:14:01 2024: SYSTEM_DIAGRAM: creating session with uuid: 'cf0cbd73-8d4a-438f-b4b3-9651fa68b31c' and name 'AIE Compilation'
Fri Feb  9 23:14:03 2024: Dispatch Server: Accepted socket connection from client
Fri Feb  9 23:14:03 2024: Starting Socket connection
Fri Feb  9 23:14:12 2024: Running xcd server. This server was built by gradle.
Fri Feb  9 23:14:12 2024: Server was asked to start on port: '40405'
Fri Feb  9 23:14:12 2024: Server is using token UUID: '7eb0a5db-ca06-43aa-81ea-d92ade88e43d'
Fri Feb  9 23:14:12 2024: SESSION_MGR: creating session with session uuid: '6d04a3e9-ade5-4ab9-8d63-1f78fcd2ec76' and name 'default'
Fri Feb  9 23:14:12 2024: Attempting to start server on port '40405'
Fri Feb  9 23:14:12 2024: XCD main fifo: created main fifo '/tmp/xcdmain7eb0a5db-ca06-43aa-81ea-d92ade88e43d', fd read = 13
Fri Feb  9 23:14:12 2024: Running Dispatch Server
Fri Feb  9 23:14:12 2024: Version 2.2.0
Fri Feb  9 23:14:14 2024: Dispatch Server: Accepted socket connection from client
Fri Feb  9 23:14:14 2024: Starting Socket connection
Fri Feb  9 23:14:14 2024: EXCHANGE_TOKEN received, server token: 7eb0a5db-ca06-43aa-81ea-d92ade88e43d, passed token: 7eb0a5db-ca06-43aa-81ea-d92ade88e43d
Fri Feb  9 23:14:14 2024: DISPATCH_HANDLER: Adding handler from function makeHandler in library libxv_system_diagram
Fri Feb  9 23:14:14 2024: SESSION_MGR: creating session with session uuid: 'de25468d-c618-4442-93b0-4312f0b9c6c5' and name 'v++_compile_Work'
Fri Feb  9 23:14:14 2024: KERNEL_SVC: creating session with uuid: 'de25468d-c618-4442-93b0-4312f0b9c6c5' and name 'v++_compile_Work'
Fri Feb  9 23:14:14 2024: GUIDANCE_SMGR: creating guidance session with uuid: 'de25468d-c618-4442-93b0-4312f0b9c6c5' and name 'v++_compile_Work'
Fri Feb  9 23:14:14 2024: SYSTEM_DIAGRAM: creating session with uuid: 'de25468d-c618-4442-93b0-4312f0b9c6c5' and name 'v++_compile_Work'
Fri Feb  9 23:14:22 2024: Dispatch Server: Accepted socket connection from client
Fri Feb  9 23:14:22 2024: Starting Socket connection
Fri Feb  9 23:14:22 2024: SESSION_MGR: creating session with session uuid: '3cbc431c-1975-4208-b144-8b62fa861a62' and name 'AIE Compilation'
Fri Feb  9 23:14:22 2024: KERNEL_SVC: creating session with uuid: '3cbc431c-1975-4208-b144-8b62fa861a62' and name 'AIE Compilation'
Fri Feb  9 23:14:22 2024: GUIDANCE_SMGR: creating guidance session with uuid: '3cbc431c-1975-4208-b144-8b62fa861a62' and name 'AIE Compilation'
Fri Feb  9 23:14:22 2024: SYSTEM_DIAGRAM: creating session with uuid: '3cbc431c-1975-4208-b144-8b62fa861a62' and name 'AIE Compilation'
Fri Feb  9 23:14:24 2024: Dispatch Server: Accepted socket connection from client
Fri Feb  9 23:14:24 2024: Starting Socket connection
Fri Feb  9 23:14:31 2024: SESSION_MGR: closing session for UUID '3cbc431c-1975-4208-b144-8b62fa861a62' with name ''
Fri Feb  9 23:14:31 2024: KERNEL_SVC: closing session for UUID '3cbc431c-1975-4208-b144-8b62fa861a62' with name ''
Fri Feb  9 23:14:31 2024: GUIDANCE_SMGR: closing session for UUID '3cbc431c-1975-4208-b144-8b62fa861a62' with name ''
Fri Feb  9 23:14:31 2024: SYSTEM_DIAGRAM: closing session for UUID '3cbc431c-1975-4208-b144-8b62fa861a62' with name ''
Fri Feb  9 23:14:32 2024: SESSION_MGR: closing session for UUID 'de25468d-c618-4442-93b0-4312f0b9c6c5' with name 'v++_compile_Work'
Fri Feb  9 23:14:32 2024: KERNEL_SVC: closing session for UUID 'de25468d-c618-4442-93b0-4312f0b9c6c5' with name 'v++_compile_Work'
Fri Feb  9 23:14:32 2024: GUIDANCE_SMGR: closing session for UUID 'de25468d-c618-4442-93b0-4312f0b9c6c5' with name 'v++_compile_Work'
Fri Feb  9 23:14:32 2024: SYSTEM_DIAGRAM: closing session for UUID 'de25468d-c618-4442-93b0-4312f0b9c6c5' with name 'v++_compile_Work'
Fri Feb  9 23:14:32 2024: STOP_SERVER received, server token: 7eb0a5db-ca06-43aa-81ea-d92ade88e43d, passed token: 7eb0a5db-ca06-43aa-81ea-d92ade88e43d
Fri Feb  9 23:14:32 2024: Socket received request to stop server.
Fri Feb  9 23:14:32 2024: Dispatch Server: do_await_stop
Fri Feb  9 23:14:32 2024: Dispatch Server: stopping mainFifo_
Fri Feb  9 23:14:32 2024: XCD main fifo: Stopping
Fri Feb  9 23:14:32 2024: XCD main fifo: do_read error code: Operation canceled
Fri Feb  9 23:14:32 2024: XCD main fifo: bytes_transferred: 0
Fri Feb  9 23:14:32 2024: SERVER: destructor for server bound to port 40405
Fri Feb  9 23:14:32 2024: XCD main fifo: Good unlink of /tmp/xcdmain7eb0a5db-ca06-43aa-81ea-d92ade88e43d
Fri Feb  9 23:14:32 2024: Server exiting with status 0.
Fri Feb  9 23:14:32 2024: Closing log file.
Fri Feb  9 23:15:18 2024: Running xcd server. This server was built by gradle.
Fri Feb  9 23:15:18 2024: Server was asked to start on port: '45119'
Fri Feb  9 23:15:18 2024: Server is using token UUID: 'e6e3007b-eceb-49dc-9ef4-5575e39bd89b'
Fri Feb  9 23:15:18 2024: SESSION_MGR: creating session with session uuid: '6d04a3e9-ade5-4ab9-8d63-1f78fcd2ec76' and name 'default'
Fri Feb  9 23:15:18 2024: Attempting to start server on port '45119'
Fri Feb  9 23:15:18 2024: XCD main fifo: created main fifo '/tmp/xcdmaine6e3007b-eceb-49dc-9ef4-5575e39bd89b', fd read = 13
Fri Feb  9 23:15:18 2024: Running Dispatch Server
Fri Feb  9 23:15:18 2024: Version 2.2.0
Fri Feb  9 23:15:20 2024: Dispatch Server: Accepted socket connection from client
Fri Feb  9 23:15:20 2024: Starting Socket connection
Fri Feb  9 23:15:20 2024: EXCHANGE_TOKEN received, server token: e6e3007b-eceb-49dc-9ef4-5575e39bd89b, passed token: e6e3007b-eceb-49dc-9ef4-5575e39bd89b
Fri Feb  9 23:15:20 2024: DISPATCH_HANDLER: Adding handler from function makeHandler in library libxv_system_diagram
Fri Feb  9 23:15:20 2024: SESSION_MGR: creating session with session uuid: '1fd03286-cca1-47b5-a255-8485fe09f2c8' and name 'v++_compile_Work'
Fri Feb  9 23:15:20 2024: KERNEL_SVC: creating session with uuid: '1fd03286-cca1-47b5-a255-8485fe09f2c8' and name 'v++_compile_Work'
Fri Feb  9 23:15:20 2024: GUIDANCE_SMGR: creating guidance session with uuid: '1fd03286-cca1-47b5-a255-8485fe09f2c8' and name 'v++_compile_Work'
Fri Feb  9 23:15:20 2024: SYSTEM_DIAGRAM: creating session with uuid: '1fd03286-cca1-47b5-a255-8485fe09f2c8' and name 'v++_compile_Work'
Fri Feb  9 23:15:28 2024: Dispatch Server: Accepted socket connection from client
Fri Feb  9 23:15:28 2024: Starting Socket connection
Fri Feb  9 23:15:28 2024: SESSION_MGR: creating session with session uuid: 'b409ea73-0fce-4801-bb70-e536080ac31e' and name 'AIE Compilation'
Fri Feb  9 23:15:28 2024: KERNEL_SVC: creating session with uuid: 'b409ea73-0fce-4801-bb70-e536080ac31e' and name 'AIE Compilation'
Fri Feb  9 23:15:28 2024: GUIDANCE_SMGR: creating guidance session with uuid: 'b409ea73-0fce-4801-bb70-e536080ac31e' and name 'AIE Compilation'
Fri Feb  9 23:15:28 2024: SYSTEM_DIAGRAM: creating session with uuid: 'b409ea73-0fce-4801-bb70-e536080ac31e' and name 'AIE Compilation'
Fri Feb  9 23:15:30 2024: Dispatch Server: Accepted socket connection from client
Fri Feb  9 23:15:30 2024: Starting Socket connection
Fri Feb  9 23:15:38 2024: SESSION_MGR: closing session for UUID 'b409ea73-0fce-4801-bb70-e536080ac31e' with name ''
Fri Feb  9 23:15:38 2024: KERNEL_SVC: closing session for UUID 'b409ea73-0fce-4801-bb70-e536080ac31e' with name ''
Fri Feb  9 23:15:38 2024: GUIDANCE_SMGR: closing session for UUID 'b409ea73-0fce-4801-bb70-e536080ac31e' with name ''
Fri Feb  9 23:15:38 2024: SYSTEM_DIAGRAM: closing session for UUID 'b409ea73-0fce-4801-bb70-e536080ac31e' with name ''
Fri Feb  9 23:15:38 2024: SESSION_MGR: closing session for UUID '1fd03286-cca1-47b5-a255-8485fe09f2c8' with name 'v++_compile_Work'
Fri Feb  9 23:15:38 2024: KERNEL_SVC: closing session for UUID '1fd03286-cca1-47b5-a255-8485fe09f2c8' with name 'v++_compile_Work'
Fri Feb  9 23:15:38 2024: GUIDANCE_SMGR: closing session for UUID '1fd03286-cca1-47b5-a255-8485fe09f2c8' with name 'v++_compile_Work'
Fri Feb  9 23:15:38 2024: SYSTEM_DIAGRAM: closing session for UUID '1fd03286-cca1-47b5-a255-8485fe09f2c8' with name 'v++_compile_Work'
Fri Feb  9 23:15:38 2024: STOP_SERVER received, server token: e6e3007b-eceb-49dc-9ef4-5575e39bd89b, passed token: e6e3007b-eceb-49dc-9ef4-5575e39bd89b
Fri Feb  9 23:15:38 2024: Socket received request to stop server.
Fri Feb  9 23:15:38 2024: Dispatch Server: do_await_stop
Fri Feb  9 23:15:38 2024: Dispatch Server: stopping mainFifo_
Fri Feb  9 23:15:38 2024: XCD main fifo: Stopping
Fri Feb  9 23:15:38 2024: XCD main fifo: do_read error code: Operation canceled
Fri Feb  9 23:15:38 2024: XCD main fifo: bytes_transferred: 0
Fri Feb  9 23:15:38 2024: SERVER: destructor for server bound to port 45119
Fri Feb  9 23:15:38 2024: XCD main fifo: Good unlink of /tmp/xcdmaine6e3007b-eceb-49dc-9ef4-5575e39bd89b
Fri Feb  9 23:15:38 2024: Server exiting with status 0.
Fri Feb  9 23:15:38 2024: Closing log file.
Fri Feb  9 23:21:47 2024: Running xcd server. This server was built by gradle.
Fri Feb  9 23:21:47 2024: Server was asked to start on port: '37223'
Fri Feb  9 23:21:47 2024: Server is using token UUID: '7958e97c-e9c3-4cd2-85ff-d732d20490bc'
Fri Feb  9 23:21:47 2024: SESSION_MGR: creating session with session uuid: '6d04a3e9-ade5-4ab9-8d63-1f78fcd2ec76' and name 'default'
Fri Feb  9 23:21:47 2024: Attempting to start server on port '37223'
Fri Feb  9 23:21:47 2024: XCD main fifo: created main fifo '/tmp/xcdmain7958e97c-e9c3-4cd2-85ff-d732d20490bc', fd read = 13
Fri Feb  9 23:21:47 2024: Running Dispatch Server
Fri Feb  9 23:21:47 2024: Version 2.2.0
Fri Feb  9 23:21:49 2024: Dispatch Server: Accepted socket connection from client
Fri Feb  9 23:21:49 2024: Starting Socket connection
Fri Feb  9 23:21:49 2024: EXCHANGE_TOKEN received, server token: 7958e97c-e9c3-4cd2-85ff-d732d20490bc, passed token: 7958e97c-e9c3-4cd2-85ff-d732d20490bc
Fri Feb  9 23:21:49 2024: DISPATCH_HANDLER: Adding handler from function makeHandler in library libxv_system_diagram
Fri Feb  9 23:21:49 2024: SESSION_MGR: creating session with session uuid: 'af689f2c-a35e-4c99-8c03-ee0f09e8d963' and name 'v++_compile_Work'
Fri Feb  9 23:21:49 2024: KERNEL_SVC: creating session with uuid: 'af689f2c-a35e-4c99-8c03-ee0f09e8d963' and name 'v++_compile_Work'
Fri Feb  9 23:21:49 2024: GUIDANCE_SMGR: creating guidance session with uuid: 'af689f2c-a35e-4c99-8c03-ee0f09e8d963' and name 'v++_compile_Work'
Fri Feb  9 23:21:49 2024: SYSTEM_DIAGRAM: creating session with uuid: 'af689f2c-a35e-4c99-8c03-ee0f09e8d963' and name 'v++_compile_Work'
Fri Feb  9 23:21:57 2024: Dispatch Server: Accepted socket connection from client
Fri Feb  9 23:21:57 2024: Starting Socket connection
Fri Feb  9 23:21:57 2024: SESSION_MGR: creating session with session uuid: 'db777014-5f87-4be3-82ae-0cb0e0a9d137' and name 'AIE Compilation'
Fri Feb  9 23:21:57 2024: KERNEL_SVC: creating session with uuid: 'db777014-5f87-4be3-82ae-0cb0e0a9d137' and name 'AIE Compilation'
Fri Feb  9 23:21:57 2024: GUIDANCE_SMGR: creating guidance session with uuid: 'db777014-5f87-4be3-82ae-0cb0e0a9d137' and name 'AIE Compilation'
Fri Feb  9 23:21:57 2024: SYSTEM_DIAGRAM: creating session with uuid: 'db777014-5f87-4be3-82ae-0cb0e0a9d137' and name 'AIE Compilation'
Fri Feb  9 23:21:59 2024: Dispatch Server: Accepted socket connection from client
Fri Feb  9 23:21:59 2024: Starting Socket connection
Fri Feb  9 23:22:06 2024: SESSION_MGR: closing session for UUID 'db777014-5f87-4be3-82ae-0cb0e0a9d137' with name ''
Fri Feb  9 23:22:06 2024: KERNEL_SVC: closing session for UUID 'db777014-5f87-4be3-82ae-0cb0e0a9d137' with name ''
Fri Feb  9 23:22:06 2024: GUIDANCE_SMGR: closing session for UUID 'db777014-5f87-4be3-82ae-0cb0e0a9d137' with name ''
Fri Feb  9 23:22:06 2024: SYSTEM_DIAGRAM: closing session for UUID 'db777014-5f87-4be3-82ae-0cb0e0a9d137' with name ''
Fri Feb  9 23:22:06 2024: SESSION_MGR: closing session for UUID 'af689f2c-a35e-4c99-8c03-ee0f09e8d963' with name 'v++_compile_Work'
Fri Feb  9 23:22:06 2024: KERNEL_SVC: closing session for UUID 'af689f2c-a35e-4c99-8c03-ee0f09e8d963' with name 'v++_compile_Work'
Fri Feb  9 23:22:06 2024: GUIDANCE_SMGR: closing session for UUID 'af689f2c-a35e-4c99-8c03-ee0f09e8d963' with name 'v++_compile_Work'
Fri Feb  9 23:22:06 2024: SYSTEM_DIAGRAM: closing session for UUID 'af689f2c-a35e-4c99-8c03-ee0f09e8d963' with name 'v++_compile_Work'
Fri Feb  9 23:22:06 2024: STOP_SERVER received, server token: 7958e97c-e9c3-4cd2-85ff-d732d20490bc, passed token: 7958e97c-e9c3-4cd2-85ff-d732d20490bc
Fri Feb  9 23:22:06 2024: Socket received request to stop server.
Fri Feb  9 23:22:06 2024: Dispatch Server: do_await_stop
Fri Feb  9 23:22:06 2024: Dispatch Server: stopping mainFifo_
Fri Feb  9 23:22:06 2024: XCD main fifo: Stopping
Fri Feb  9 23:22:06 2024: XCD main fifo: do_read error code: Operation canceled
Fri Feb  9 23:22:06 2024: XCD main fifo: bytes_transferred: 0
Fri Feb  9 23:22:06 2024: SERVER: destructor for server bound to port 37223
Fri Feb  9 23:22:06 2024: XCD main fifo: Good unlink of /tmp/xcdmain7958e97c-e9c3-4cd2-85ff-d732d20490bc
Fri Feb  9 23:22:06 2024: Server exiting with status 0.
Fri Feb  9 23:22:06 2024: Closing log file.
Fri Feb  9 23:22:43 2024: Running xcd server. This server was built by gradle.
Fri Feb  9 23:22:43 2024: Server was asked to start on port: '33641'
Fri Feb  9 23:22:43 2024: Server is using token UUID: '9bf770b1-7d26-4e11-9862-66976fa6a979'
Fri Feb  9 23:22:43 2024: SESSION_MGR: creating session with session uuid: '6d04a3e9-ade5-4ab9-8d63-1f78fcd2ec76' and name 'default'
Fri Feb  9 23:22:43 2024: Attempting to start server on port '33641'
Fri Feb  9 23:22:43 2024: XCD main fifo: created main fifo '/tmp/xcdmain9bf770b1-7d26-4e11-9862-66976fa6a979', fd read = 13
Fri Feb  9 23:22:43 2024: Running Dispatch Server
Fri Feb  9 23:22:43 2024: Version 2.2.0
Fri Feb  9 23:22:45 2024: Dispatch Server: Accepted socket connection from client
Fri Feb  9 23:22:45 2024: Starting Socket connection
Fri Feb  9 23:22:45 2024: EXCHANGE_TOKEN received, server token: 9bf770b1-7d26-4e11-9862-66976fa6a979, passed token: 9bf770b1-7d26-4e11-9862-66976fa6a979
Fri Feb  9 23:22:45 2024: DISPATCH_HANDLER: Adding handler from function makeHandler in library libxv_system_diagram
Fri Feb  9 23:22:45 2024: SESSION_MGR: creating session with session uuid: '89736e9f-3d98-4bce-b87c-c77fea417d84' and name 'v++_compile_Work'
Fri Feb  9 23:22:45 2024: KERNEL_SVC: creating session with uuid: '89736e9f-3d98-4bce-b87c-c77fea417d84' and name 'v++_compile_Work'
Fri Feb  9 23:22:45 2024: GUIDANCE_SMGR: creating guidance session with uuid: '89736e9f-3d98-4bce-b87c-c77fea417d84' and name 'v++_compile_Work'
Fri Feb  9 23:22:45 2024: SYSTEM_DIAGRAM: creating session with uuid: '89736e9f-3d98-4bce-b87c-c77fea417d84' and name 'v++_compile_Work'
Fri Feb  9 23:22:53 2024: Dispatch Server: Accepted socket connection from client
Fri Feb  9 23:22:53 2024: Starting Socket connection
Fri Feb  9 23:22:53 2024: SESSION_MGR: creating session with session uuid: '28378690-2a39-42a4-8829-93495623c66e' and name 'AIE Compilation'
Fri Feb  9 23:22:53 2024: KERNEL_SVC: creating session with uuid: '28378690-2a39-42a4-8829-93495623c66e' and name 'AIE Compilation'
Fri Feb  9 23:22:53 2024: GUIDANCE_SMGR: creating guidance session with uuid: '28378690-2a39-42a4-8829-93495623c66e' and name 'AIE Compilation'
Fri Feb  9 23:22:53 2024: SYSTEM_DIAGRAM: creating session with uuid: '28378690-2a39-42a4-8829-93495623c66e' and name 'AIE Compilation'
Fri Feb  9 23:22:55 2024: Dispatch Server: Accepted socket connection from client
Fri Feb  9 23:22:55 2024: Starting Socket connection
Fri Feb  9 23:23:03 2024: SESSION_MGR: closing session for UUID '28378690-2a39-42a4-8829-93495623c66e' with name ''
Fri Feb  9 23:23:03 2024: KERNEL_SVC: closing session for UUID '28378690-2a39-42a4-8829-93495623c66e' with name ''
Fri Feb  9 23:23:03 2024: GUIDANCE_SMGR: closing session for UUID '28378690-2a39-42a4-8829-93495623c66e' with name ''
Fri Feb  9 23:23:03 2024: SYSTEM_DIAGRAM: closing session for UUID '28378690-2a39-42a4-8829-93495623c66e' with name ''
Fri Feb  9 23:23:03 2024: SESSION_MGR: closing session for UUID '89736e9f-3d98-4bce-b87c-c77fea417d84' with name 'v++_compile_Work'
Fri Feb  9 23:23:03 2024: KERNEL_SVC: closing session for UUID '89736e9f-3d98-4bce-b87c-c77fea417d84' with name 'v++_compile_Work'
Fri Feb  9 23:23:03 2024: GUIDANCE_SMGR: closing session for UUID '89736e9f-3d98-4bce-b87c-c77fea417d84' with name 'v++_compile_Work'
Fri Feb  9 23:23:03 2024: SYSTEM_DIAGRAM: closing session for UUID '89736e9f-3d98-4bce-b87c-c77fea417d84' with name 'v++_compile_Work'
Fri Feb  9 23:23:03 2024: STOP_SERVER received, server token: 9bf770b1-7d26-4e11-9862-66976fa6a979, passed token: 9bf770b1-7d26-4e11-9862-66976fa6a979
Fri Feb  9 23:23:03 2024: Socket received request to stop server.
Fri Feb  9 23:23:03 2024: Dispatch Server: do_await_stop
Fri Feb  9 23:23:03 2024: Dispatch Server: stopping mainFifo_
Fri Feb  9 23:23:03 2024: XCD main fifo: Stopping
Fri Feb  9 23:23:03 2024: XCD main fifo: do_read error code: Operation canceled
Fri Feb  9 23:23:03 2024: XCD main fifo: bytes_transferred: 0
Fri Feb  9 23:23:03 2024: SERVER: destructor for server bound to port 33641
Fri Feb  9 23:23:03 2024: XCD main fifo: Good unlink of /tmp/xcdmain9bf770b1-7d26-4e11-9862-66976fa6a979
Fri Feb  9 23:23:03 2024: Server exiting with status 0.
Fri Feb  9 23:23:03 2024: Closing log file.
Sat Feb 10 17:09:51 2024: Running xcd server. This server was built by gradle.
Sat Feb 10 17:09:51 2024: Server was asked to start on port: '40717'
Sat Feb 10 17:09:51 2024: Server is using token UUID: '399fa675-cc53-4154-831e-6f2c822a9621'
Sat Feb 10 17:09:51 2024: SESSION_MGR: creating session with session uuid: '6d04a3e9-ade5-4ab9-8d63-1f78fcd2ec76' and name 'default'
Sat Feb 10 17:09:51 2024: Attempting to start server on port '40717'
Sat Feb 10 17:09:51 2024: XCD main fifo: created main fifo '/tmp/xcdmain399fa675-cc53-4154-831e-6f2c822a9621', fd read = 13
Sat Feb 10 17:09:51 2024: Running Dispatch Server
Sat Feb 10 17:09:51 2024: Version 2.2.0
Sat Feb 10 17:09:53 2024: Dispatch Server: Accepted socket connection from client
Sat Feb 10 17:09:53 2024: Starting Socket connection
Sat Feb 10 17:09:53 2024: EXCHANGE_TOKEN received, server token: 399fa675-cc53-4154-831e-6f2c822a9621, passed token: 399fa675-cc53-4154-831e-6f2c822a9621
Sat Feb 10 17:09:53 2024: DISPATCH_HANDLER: Adding handler from function makeHandler in library libxv_system_diagram
Sat Feb 10 17:09:53 2024: SESSION_MGR: creating session with session uuid: '835d9f27-513f-432b-9b35-9b3a4a605681' and name 'v++_compile_Work'
Sat Feb 10 17:09:53 2024: KERNEL_SVC: creating session with uuid: '835d9f27-513f-432b-9b35-9b3a4a605681' and name 'v++_compile_Work'
Sat Feb 10 17:09:53 2024: GUIDANCE_SMGR: creating guidance session with uuid: '835d9f27-513f-432b-9b35-9b3a4a605681' and name 'v++_compile_Work'
Sat Feb 10 17:09:53 2024: SYSTEM_DIAGRAM: creating session with uuid: '835d9f27-513f-432b-9b35-9b3a4a605681' and name 'v++_compile_Work'
Sat Feb 10 17:10:01 2024: Dispatch Server: Accepted socket connection from client
Sat Feb 10 17:10:01 2024: Starting Socket connection
Sat Feb 10 17:10:01 2024: SESSION_MGR: creating session with session uuid: 'd70d0579-cf3a-4230-94b9-ab246add532e' and name 'AIE Compilation'
Sat Feb 10 17:10:01 2024: KERNEL_SVC: creating session with uuid: 'd70d0579-cf3a-4230-94b9-ab246add532e' and name 'AIE Compilation'
Sat Feb 10 17:10:01 2024: GUIDANCE_SMGR: creating guidance session with uuid: 'd70d0579-cf3a-4230-94b9-ab246add532e' and name 'AIE Compilation'
Sat Feb 10 17:10:01 2024: SYSTEM_DIAGRAM: creating session with uuid: 'd70d0579-cf3a-4230-94b9-ab246add532e' and name 'AIE Compilation'
Sat Feb 10 17:10:03 2024: Dispatch Server: Accepted socket connection from client
Sat Feb 10 17:10:03 2024: Starting Socket connection
Sat Feb 10 17:10:10 2024: SESSION_MGR: closing session for UUID 'd70d0579-cf3a-4230-94b9-ab246add532e' with name ''
Sat Feb 10 17:10:10 2024: KERNEL_SVC: closing session for UUID 'd70d0579-cf3a-4230-94b9-ab246add532e' with name ''
Sat Feb 10 17:10:10 2024: GUIDANCE_SMGR: closing session for UUID 'd70d0579-cf3a-4230-94b9-ab246add532e' with name ''
Sat Feb 10 17:10:10 2024: SYSTEM_DIAGRAM: closing session for UUID 'd70d0579-cf3a-4230-94b9-ab246add532e' with name ''
Sat Feb 10 17:10:10 2024: SESSION_MGR: closing session for UUID '835d9f27-513f-432b-9b35-9b3a4a605681' with name 'v++_compile_Work'
Sat Feb 10 17:10:10 2024: KERNEL_SVC: closing session for UUID '835d9f27-513f-432b-9b35-9b3a4a605681' with name 'v++_compile_Work'
Sat Feb 10 17:10:10 2024: GUIDANCE_SMGR: closing session for UUID '835d9f27-513f-432b-9b35-9b3a4a605681' with name 'v++_compile_Work'
Sat Feb 10 17:10:10 2024: SYSTEM_DIAGRAM: closing session for UUID '835d9f27-513f-432b-9b35-9b3a4a605681' with name 'v++_compile_Work'
Sat Feb 10 17:10:10 2024: STOP_SERVER received, server token: 399fa675-cc53-4154-831e-6f2c822a9621, passed token: 399fa675-cc53-4154-831e-6f2c822a9621
Sat Feb 10 17:10:10 2024: Socket received request to stop server.
Sat Feb 10 17:10:10 2024: Dispatch Server: do_await_stop
Sat Feb 10 17:10:10 2024: Dispatch Server: stopping mainFifo_
Sat Feb 10 17:10:10 2024: XCD main fifo: Stopping
Sat Feb 10 17:10:10 2024: XCD main fifo: do_read error code: Operation canceled
Sat Feb 10 17:10:10 2024: XCD main fifo: bytes_transferred: 0
Sat Feb 10 17:10:10 2024: SERVER: destructor for server bound to port 40717
Sat Feb 10 17:10:10 2024: XCD main fifo: Good unlink of /tmp/xcdmain399fa675-cc53-4154-831e-6f2c822a9621
Sat Feb 10 17:10:10 2024: Server exiting with status 0.
Sat Feb 10 17:10:10 2024: Closing log file.
Mon Feb 12 10:49:29 2024: Running xcd server. This server was built by gradle.
Mon Feb 12 10:49:29 2024: Server was asked to start on port: '42451'
Mon Feb 12 10:49:29 2024: Server is using token UUID: '9a4cd741-dfc0-4e9f-95dc-55ae86ec090c'
Mon Feb 12 10:49:29 2024: SESSION_MGR: creating session with session uuid: '6d04a3e9-ade5-4ab9-8d63-1f78fcd2ec76' and name 'default'
Mon Feb 12 10:49:29 2024: Attempting to start server on port '42451'
Mon Feb 12 10:49:29 2024: XCD main fifo: created main fifo '/tmp/xcdmain9a4cd741-dfc0-4e9f-95dc-55ae86ec090c', fd read = 13
Mon Feb 12 10:49:29 2024: Running Dispatch Server
Mon Feb 12 10:49:29 2024: Version 2.2.0
Mon Feb 12 10:49:31 2024: Dispatch Server: Accepted socket connection from client
Mon Feb 12 10:49:31 2024: Starting Socket connection
Mon Feb 12 10:49:31 2024: EXCHANGE_TOKEN received, server token: 9a4cd741-dfc0-4e9f-95dc-55ae86ec090c, passed token: 9a4cd741-dfc0-4e9f-95dc-55ae86ec090c
Mon Feb 12 10:49:31 2024: DISPATCH_HANDLER: Adding handler from function makeHandler in library libxv_system_diagram
Mon Feb 12 10:49:31 2024: SESSION_MGR: creating session with session uuid: 'f40bb0ae-5c29-4756-9458-bd2ea89ab8bc' and name 'v++_compile_Work'
Mon Feb 12 10:49:31 2024: KERNEL_SVC: creating session with uuid: 'f40bb0ae-5c29-4756-9458-bd2ea89ab8bc' and name 'v++_compile_Work'
Mon Feb 12 10:49:31 2024: GUIDANCE_SMGR: creating guidance session with uuid: 'f40bb0ae-5c29-4756-9458-bd2ea89ab8bc' and name 'v++_compile_Work'
Mon Feb 12 10:49:31 2024: SYSTEM_DIAGRAM: creating session with uuid: 'f40bb0ae-5c29-4756-9458-bd2ea89ab8bc' and name 'v++_compile_Work'
Mon Feb 12 10:49:40 2024: Dispatch Server: Accepted socket connection from client
Mon Feb 12 10:49:40 2024: Starting Socket connection
Mon Feb 12 10:49:40 2024: SESSION_MGR: creating session with session uuid: '5c8334c7-3f46-4f82-b78a-3ec5a27964bb' and name 'AIE Compilation'
Mon Feb 12 10:49:40 2024: KERNEL_SVC: creating session with uuid: '5c8334c7-3f46-4f82-b78a-3ec5a27964bb' and name 'AIE Compilation'
Mon Feb 12 10:49:40 2024: GUIDANCE_SMGR: creating guidance session with uuid: '5c8334c7-3f46-4f82-b78a-3ec5a27964bb' and name 'AIE Compilation'
Mon Feb 12 10:49:40 2024: SYSTEM_DIAGRAM: creating session with uuid: '5c8334c7-3f46-4f82-b78a-3ec5a27964bb' and name 'AIE Compilation'
Mon Feb 12 10:49:42 2024: Dispatch Server: Accepted socket connection from client
Mon Feb 12 10:49:42 2024: Starting Socket connection
Mon Feb 12 10:49:50 2024: SESSION_MGR: closing session for UUID '5c8334c7-3f46-4f82-b78a-3ec5a27964bb' with name ''
Mon Feb 12 10:49:50 2024: KERNEL_SVC: closing session for UUID '5c8334c7-3f46-4f82-b78a-3ec5a27964bb' with name ''
Mon Feb 12 10:49:50 2024: GUIDANCE_SMGR: closing session for UUID '5c8334c7-3f46-4f82-b78a-3ec5a27964bb' with name ''
Mon Feb 12 10:49:50 2024: SYSTEM_DIAGRAM: closing session for UUID '5c8334c7-3f46-4f82-b78a-3ec5a27964bb' with name ''
Mon Feb 12 10:49:50 2024: SESSION_MGR: closing session for UUID 'f40bb0ae-5c29-4756-9458-bd2ea89ab8bc' with name 'v++_compile_Work'
Mon Feb 12 10:49:50 2024: KERNEL_SVC: closing session for UUID 'f40bb0ae-5c29-4756-9458-bd2ea89ab8bc' with name 'v++_compile_Work'
Mon Feb 12 10:49:50 2024: GUIDANCE_SMGR: closing session for UUID 'f40bb0ae-5c29-4756-9458-bd2ea89ab8bc' with name 'v++_compile_Work'
Mon Feb 12 10:49:50 2024: SYSTEM_DIAGRAM: closing session for UUID 'f40bb0ae-5c29-4756-9458-bd2ea89ab8bc' with name 'v++_compile_Work'
Mon Feb 12 10:49:50 2024: STOP_SERVER received, server token: 9a4cd741-dfc0-4e9f-95dc-55ae86ec090c, passed token: 9a4cd741-dfc0-4e9f-95dc-55ae86ec090c
Mon Feb 12 10:49:50 2024: Socket received request to stop server.
Mon Feb 12 10:49:50 2024: Dispatch Server: do_await_stop
Mon Feb 12 10:49:50 2024: Dispatch Server: stopping mainFifo_
Mon Feb 12 10:49:50 2024: XCD main fifo: Stopping
Mon Feb 12 10:49:50 2024: XCD main fifo: do_read error code: Operation canceled
Mon Feb 12 10:49:50 2024: XCD main fifo: bytes_transferred: 0
Mon Feb 12 10:49:50 2024: SERVER: destructor for server bound to port 42451
Mon Feb 12 10:49:50 2024: XCD main fifo: Good unlink of /tmp/xcdmain9a4cd741-dfc0-4e9f-95dc-55ae86ec090c
Mon Feb 12 10:49:50 2024: Server exiting with status 0.
Mon Feb 12 10:49:50 2024: Closing log file.
Mon Feb 12 10:57:14 2024: Running xcd server. This server was built by gradle.
Mon Feb 12 10:57:14 2024: Server was asked to start on port: '46163'
Mon Feb 12 10:57:14 2024: Server is using token UUID: 'f050960e-9b76-4064-9d97-41dfd3f7cea1'
Mon Feb 12 10:57:14 2024: SESSION_MGR: creating session with session uuid: '6d04a3e9-ade5-4ab9-8d63-1f78fcd2ec76' and name 'default'
Mon Feb 12 10:57:14 2024: Attempting to start server on port '46163'
Mon Feb 12 10:57:14 2024: XCD main fifo: created main fifo '/tmp/xcdmainf050960e-9b76-4064-9d97-41dfd3f7cea1', fd read = 13
Mon Feb 12 10:57:14 2024: Running Dispatch Server
Mon Feb 12 10:57:14 2024: Version 2.2.0
Mon Feb 12 10:57:16 2024: Dispatch Server: Accepted socket connection from client
Mon Feb 12 10:57:16 2024: Starting Socket connection
Mon Feb 12 10:57:16 2024: EXCHANGE_TOKEN received, server token: f050960e-9b76-4064-9d97-41dfd3f7cea1, passed token: f050960e-9b76-4064-9d97-41dfd3f7cea1
Mon Feb 12 10:57:16 2024: DISPATCH_HANDLER: Adding handler from function makeHandler in library libxv_system_diagram
Mon Feb 12 10:57:16 2024: SESSION_MGR: creating session with session uuid: '39247476-3dac-49b9-9292-4797bc59001c' and name 'v++_compile_Work'
Mon Feb 12 10:57:16 2024: KERNEL_SVC: creating session with uuid: '39247476-3dac-49b9-9292-4797bc59001c' and name 'v++_compile_Work'
Mon Feb 12 10:57:16 2024: GUIDANCE_SMGR: creating guidance session with uuid: '39247476-3dac-49b9-9292-4797bc59001c' and name 'v++_compile_Work'
Mon Feb 12 10:57:16 2024: SYSTEM_DIAGRAM: creating session with uuid: '39247476-3dac-49b9-9292-4797bc59001c' and name 'v++_compile_Work'
Mon Feb 12 10:57:25 2024: Dispatch Server: Accepted socket connection from client
Mon Feb 12 10:57:25 2024: Starting Socket connection
Mon Feb 12 10:57:25 2024: SESSION_MGR: creating session with session uuid: '95654623-6a97-4572-8f49-ea72da6fe627' and name 'AIE Compilation'
Mon Feb 12 10:57:25 2024: KERNEL_SVC: creating session with uuid: '95654623-6a97-4572-8f49-ea72da6fe627' and name 'AIE Compilation'
Mon Feb 12 10:57:25 2024: GUIDANCE_SMGR: creating guidance session with uuid: '95654623-6a97-4572-8f49-ea72da6fe627' and name 'AIE Compilation'
Mon Feb 12 10:57:25 2024: SYSTEM_DIAGRAM: creating session with uuid: '95654623-6a97-4572-8f49-ea72da6fe627' and name 'AIE Compilation'
Mon Feb 12 10:57:27 2024: Dispatch Server: Accepted socket connection from client
Mon Feb 12 10:57:27 2024: Starting Socket connection
Mon Feb 12 10:57:35 2024: SESSION_MGR: closing session for UUID '95654623-6a97-4572-8f49-ea72da6fe627' with name ''
Mon Feb 12 10:57:35 2024: KERNEL_SVC: closing session for UUID '95654623-6a97-4572-8f49-ea72da6fe627' with name ''
Mon Feb 12 10:57:35 2024: GUIDANCE_SMGR: closing session for UUID '95654623-6a97-4572-8f49-ea72da6fe627' with name ''
Mon Feb 12 10:57:35 2024: SYSTEM_DIAGRAM: closing session for UUID '95654623-6a97-4572-8f49-ea72da6fe627' with name ''
Mon Feb 12 10:57:35 2024: SESSION_MGR: closing session for UUID '39247476-3dac-49b9-9292-4797bc59001c' with name 'v++_compile_Work'
Mon Feb 12 10:57:35 2024: KERNEL_SVC: closing session for UUID '39247476-3dac-49b9-9292-4797bc59001c' with name 'v++_compile_Work'
Mon Feb 12 10:57:35 2024: GUIDANCE_SMGR: closing session for UUID '39247476-3dac-49b9-9292-4797bc59001c' with name 'v++_compile_Work'
Mon Feb 12 10:57:35 2024: SYSTEM_DIAGRAM: closing session for UUID '39247476-3dac-49b9-9292-4797bc59001c' with name 'v++_compile_Work'
Mon Feb 12 10:57:35 2024: STOP_SERVER received, server token: f050960e-9b76-4064-9d97-41dfd3f7cea1, passed token: f050960e-9b76-4064-9d97-41dfd3f7cea1
Mon Feb 12 10:57:35 2024: Socket received request to stop server.
Mon Feb 12 10:57:35 2024: Dispatch Server: do_await_stop
Mon Feb 12 10:57:35 2024: Dispatch Server: stopping mainFifo_
Mon Feb 12 10:57:35 2024: XCD main fifo: Stopping
Mon Feb 12 10:57:35 2024: XCD main fifo: do_read error code: Operation canceled
Mon Feb 12 10:57:35 2024: XCD main fifo: bytes_transferred: 0
Mon Feb 12 10:57:35 2024: SERVER: destructor for server bound to port 46163
Mon Feb 12 10:57:35 2024: XCD main fifo: Good unlink of /tmp/xcdmainf050960e-9b76-4064-9d97-41dfd3f7cea1
Mon Feb 12 10:57:35 2024: Server exiting with status 0.
Mon Feb 12 10:57:35 2024: Closing log file.
Mon Feb 12 10:59:39 2024: Running xcd server. This server was built by gradle.
Mon Feb 12 10:59:39 2024: Server was asked to start on port: '33749'
Mon Feb 12 10:59:39 2024: Server is using token UUID: '10385628-ad1c-4ebc-961b-0fa41281efa5'
Mon Feb 12 10:59:39 2024: SESSION_MGR: creating session with session uuid: '6d04a3e9-ade5-4ab9-8d63-1f78fcd2ec76' and name 'default'
Mon Feb 12 10:59:39 2024: Attempting to start server on port '33749'
Mon Feb 12 10:59:39 2024: XCD main fifo: created main fifo '/tmp/xcdmain10385628-ad1c-4ebc-961b-0fa41281efa5', fd read = 13
Mon Feb 12 10:59:39 2024: Running Dispatch Server
Mon Feb 12 10:59:39 2024: Version 2.2.0
Mon Feb 12 10:59:41 2024: Dispatch Server: Accepted socket connection from client
Mon Feb 12 10:59:41 2024: Starting Socket connection
Mon Feb 12 10:59:41 2024: EXCHANGE_TOKEN received, server token: 10385628-ad1c-4ebc-961b-0fa41281efa5, passed token: 10385628-ad1c-4ebc-961b-0fa41281efa5
Mon Feb 12 10:59:41 2024: DISPATCH_HANDLER: Adding handler from function makeHandler in library libxv_system_diagram
Mon Feb 12 10:59:41 2024: SESSION_MGR: creating session with session uuid: '316b926a-a47c-459f-b2d1-b34a037be85f' and name 'v++_compile_Work'
Mon Feb 12 10:59:41 2024: KERNEL_SVC: creating session with uuid: '316b926a-a47c-459f-b2d1-b34a037be85f' and name 'v++_compile_Work'
Mon Feb 12 10:59:41 2024: GUIDANCE_SMGR: creating guidance session with uuid: '316b926a-a47c-459f-b2d1-b34a037be85f' and name 'v++_compile_Work'
Mon Feb 12 10:59:41 2024: SYSTEM_DIAGRAM: creating session with uuid: '316b926a-a47c-459f-b2d1-b34a037be85f' and name 'v++_compile_Work'
Mon Feb 12 10:59:49 2024: Dispatch Server: Accepted socket connection from client
Mon Feb 12 10:59:49 2024: Starting Socket connection
Mon Feb 12 10:59:49 2024: SESSION_MGR: creating session with session uuid: '383491c1-a8c2-48e9-a35d-2b3a88711e15' and name 'AIE Compilation'
Mon Feb 12 10:59:49 2024: KERNEL_SVC: creating session with uuid: '383491c1-a8c2-48e9-a35d-2b3a88711e15' and name 'AIE Compilation'
Mon Feb 12 10:59:49 2024: GUIDANCE_SMGR: creating guidance session with uuid: '383491c1-a8c2-48e9-a35d-2b3a88711e15' and name 'AIE Compilation'
Mon Feb 12 10:59:49 2024: SYSTEM_DIAGRAM: creating session with uuid: '383491c1-a8c2-48e9-a35d-2b3a88711e15' and name 'AIE Compilation'
Mon Feb 12 10:59:51 2024: Dispatch Server: Accepted socket connection from client
Mon Feb 12 10:59:51 2024: Starting Socket connection
Mon Feb 12 10:59:59 2024: SESSION_MGR: closing session for UUID '383491c1-a8c2-48e9-a35d-2b3a88711e15' with name ''
Mon Feb 12 10:59:59 2024: KERNEL_SVC: closing session for UUID '383491c1-a8c2-48e9-a35d-2b3a88711e15' with name ''
Mon Feb 12 10:59:59 2024: GUIDANCE_SMGR: closing session for UUID '383491c1-a8c2-48e9-a35d-2b3a88711e15' with name ''
Mon Feb 12 10:59:59 2024: SYSTEM_DIAGRAM: closing session for UUID '383491c1-a8c2-48e9-a35d-2b3a88711e15' with name ''
Mon Feb 12 10:59:59 2024: SESSION_MGR: closing session for UUID '316b926a-a47c-459f-b2d1-b34a037be85f' with name 'v++_compile_Work'
Mon Feb 12 10:59:59 2024: KERNEL_SVC: closing session for UUID '316b926a-a47c-459f-b2d1-b34a037be85f' with name 'v++_compile_Work'
Mon Feb 12 10:59:59 2024: GUIDANCE_SMGR: closing session for UUID '316b926a-a47c-459f-b2d1-b34a037be85f' with name 'v++_compile_Work'
Mon Feb 12 10:59:59 2024: SYSTEM_DIAGRAM: closing session for UUID '316b926a-a47c-459f-b2d1-b34a037be85f' with name 'v++_compile_Work'
Mon Feb 12 10:59:59 2024: STOP_SERVER received, server token: 10385628-ad1c-4ebc-961b-0fa41281efa5, passed token: 10385628-ad1c-4ebc-961b-0fa41281efa5
Mon Feb 12 10:59:59 2024: Socket received request to stop server.
Mon Feb 12 10:59:59 2024: Dispatch Server: do_await_stop
Mon Feb 12 10:59:59 2024: Dispatch Server: stopping mainFifo_
Mon Feb 12 10:59:59 2024: XCD main fifo: Stopping
Mon Feb 12 10:59:59 2024: XCD main fifo: do_read error code: Operation canceled
Mon Feb 12 10:59:59 2024: XCD main fifo: bytes_transferred: 0
Mon Feb 12 10:59:59 2024: SERVER: destructor for server bound to port 33749
Mon Feb 12 10:59:59 2024: XCD main fifo: Good unlink of /tmp/xcdmain10385628-ad1c-4ebc-961b-0fa41281efa5
Mon Feb 12 10:59:59 2024: Server exiting with status 0.
Mon Feb 12 10:59:59 2024: Closing log file.
Mon Feb 12 11:01:38 2024: Running xcd server. This server was built by gradle.
Mon Feb 12 11:01:38 2024: Server was asked to start on port: '38159'
Mon Feb 12 11:01:38 2024: Server is using token UUID: '9a1b5570-bebe-4a27-94b4-48460f949805'
Mon Feb 12 11:01:38 2024: SESSION_MGR: creating session with session uuid: '6d04a3e9-ade5-4ab9-8d63-1f78fcd2ec76' and name 'default'
Mon Feb 12 11:01:38 2024: Attempting to start server on port '38159'
Mon Feb 12 11:01:38 2024: XCD main fifo: created main fifo '/tmp/xcdmain9a1b5570-bebe-4a27-94b4-48460f949805', fd read = 13
Mon Feb 12 11:01:38 2024: Running Dispatch Server
Mon Feb 12 11:01:38 2024: Version 2.2.0
Mon Feb 12 11:01:40 2024: Dispatch Server: Accepted socket connection from client
Mon Feb 12 11:01:40 2024: Starting Socket connection
Mon Feb 12 11:01:40 2024: EXCHANGE_TOKEN received, server token: 9a1b5570-bebe-4a27-94b4-48460f949805, passed token: 9a1b5570-bebe-4a27-94b4-48460f949805
Mon Feb 12 11:01:40 2024: DISPATCH_HANDLER: Adding handler from function makeHandler in library libxv_system_diagram
Mon Feb 12 11:01:40 2024: SESSION_MGR: creating session with session uuid: '68043c9e-d1fd-46da-b946-9b562aff9e43' and name 'v++_compile_Work'
Mon Feb 12 11:01:40 2024: KERNEL_SVC: creating session with uuid: '68043c9e-d1fd-46da-b946-9b562aff9e43' and name 'v++_compile_Work'
Mon Feb 12 11:01:40 2024: GUIDANCE_SMGR: creating guidance session with uuid: '68043c9e-d1fd-46da-b946-9b562aff9e43' and name 'v++_compile_Work'
Mon Feb 12 11:01:40 2024: SYSTEM_DIAGRAM: creating session with uuid: '68043c9e-d1fd-46da-b946-9b562aff9e43' and name 'v++_compile_Work'
Mon Feb 12 11:01:49 2024: Dispatch Server: Accepted socket connection from client
Mon Feb 12 11:01:49 2024: Starting Socket connection
Mon Feb 12 11:01:49 2024: SESSION_MGR: creating session with session uuid: 'a4929fce-5792-486d-abd2-0da4ed7f0578' and name 'AIE Compilation'
Mon Feb 12 11:01:49 2024: KERNEL_SVC: creating session with uuid: 'a4929fce-5792-486d-abd2-0da4ed7f0578' and name 'AIE Compilation'
Mon Feb 12 11:01:49 2024: GUIDANCE_SMGR: creating guidance session with uuid: 'a4929fce-5792-486d-abd2-0da4ed7f0578' and name 'AIE Compilation'
Mon Feb 12 11:01:49 2024: SYSTEM_DIAGRAM: creating session with uuid: 'a4929fce-5792-486d-abd2-0da4ed7f0578' and name 'AIE Compilation'
Mon Feb 12 11:01:51 2024: Dispatch Server: Accepted socket connection from client
Mon Feb 12 11:01:51 2024: Starting Socket connection
Mon Feb 12 11:01:58 2024: SESSION_MGR: closing session for UUID 'a4929fce-5792-486d-abd2-0da4ed7f0578' with name ''
Mon Feb 12 11:01:58 2024: KERNEL_SVC: closing session for UUID 'a4929fce-5792-486d-abd2-0da4ed7f0578' with name ''
Mon Feb 12 11:01:58 2024: GUIDANCE_SMGR: closing session for UUID 'a4929fce-5792-486d-abd2-0da4ed7f0578' with name ''
Mon Feb 12 11:01:58 2024: SYSTEM_DIAGRAM: closing session for UUID 'a4929fce-5792-486d-abd2-0da4ed7f0578' with name ''
Mon Feb 12 11:01:59 2024: SESSION_MGR: closing session for UUID '68043c9e-d1fd-46da-b946-9b562aff9e43' with name 'v++_compile_Work'
Mon Feb 12 11:01:59 2024: KERNEL_SVC: closing session for UUID '68043c9e-d1fd-46da-b946-9b562aff9e43' with name 'v++_compile_Work'
Mon Feb 12 11:01:59 2024: GUIDANCE_SMGR: closing session for UUID '68043c9e-d1fd-46da-b946-9b562aff9e43' with name 'v++_compile_Work'
Mon Feb 12 11:01:59 2024: SYSTEM_DIAGRAM: closing session for UUID '68043c9e-d1fd-46da-b946-9b562aff9e43' with name 'v++_compile_Work'
Mon Feb 12 11:01:59 2024: STOP_SERVER received, server token: 9a1b5570-bebe-4a27-94b4-48460f949805, passed token: 9a1b5570-bebe-4a27-94b4-48460f949805
Mon Feb 12 11:01:59 2024: Socket received request to stop server.
Mon Feb 12 11:01:59 2024: Dispatch Server: do_await_stop
Mon Feb 12 11:01:59 2024: Dispatch Server: stopping mainFifo_
Mon Feb 12 11:01:59 2024: XCD main fifo: Stopping
Mon Feb 12 11:01:59 2024: XCD main fifo: do_read error code: Operation canceled
Mon Feb 12 11:01:59 2024: XCD main fifo: bytes_transferred: 0
Mon Feb 12 11:01:59 2024: SERVER: destructor for server bound to port 38159
Mon Feb 12 11:01:59 2024: XCD main fifo: Good unlink of /tmp/xcdmain9a1b5570-bebe-4a27-94b4-48460f949805
Mon Feb 12 11:01:59 2024: Server exiting with status 0.
Mon Feb 12 11:01:59 2024: Closing log file.
Mon Feb 12 11:02:53 2024: Running xcd server. This server was built by gradle.
Mon Feb 12 11:02:53 2024: Server was asked to start on port: '44635'
Mon Feb 12 11:02:53 2024: Server is using token UUID: '6e9d51dc-80e2-4306-970d-d1296b3c4a22'
Mon Feb 12 11:02:53 2024: SESSION_MGR: creating session with session uuid: '6d04a3e9-ade5-4ab9-8d63-1f78fcd2ec76' and name 'default'
Mon Feb 12 11:02:53 2024: Attempting to start server on port '44635'
Mon Feb 12 11:02:53 2024: XCD main fifo: created main fifo '/tmp/xcdmain6e9d51dc-80e2-4306-970d-d1296b3c4a22', fd read = 13
Mon Feb 12 11:02:53 2024: Running Dispatch Server
Mon Feb 12 11:02:53 2024: Version 2.2.0
Mon Feb 12 11:02:55 2024: Dispatch Server: Accepted socket connection from client
Mon Feb 12 11:02:55 2024: Starting Socket connection
Mon Feb 12 11:02:55 2024: EXCHANGE_TOKEN received, server token: 6e9d51dc-80e2-4306-970d-d1296b3c4a22, passed token: 6e9d51dc-80e2-4306-970d-d1296b3c4a22
Mon Feb 12 11:02:55 2024: DISPATCH_HANDLER: Adding handler from function makeHandler in library libxv_system_diagram
Mon Feb 12 11:02:55 2024: SESSION_MGR: creating session with session uuid: '3525c23e-05cb-49eb-bdc0-12d12cc9a0c1' and name 'v++_compile_Work'
Mon Feb 12 11:02:55 2024: KERNEL_SVC: creating session with uuid: '3525c23e-05cb-49eb-bdc0-12d12cc9a0c1' and name 'v++_compile_Work'
Mon Feb 12 11:02:55 2024: GUIDANCE_SMGR: creating guidance session with uuid: '3525c23e-05cb-49eb-bdc0-12d12cc9a0c1' and name 'v++_compile_Work'
Mon Feb 12 11:02:55 2024: SYSTEM_DIAGRAM: creating session with uuid: '3525c23e-05cb-49eb-bdc0-12d12cc9a0c1' and name 'v++_compile_Work'
Mon Feb 12 11:03:04 2024: Dispatch Server: Accepted socket connection from client
Mon Feb 12 11:03:04 2024: Starting Socket connection
Mon Feb 12 11:03:04 2024: SESSION_MGR: creating session with session uuid: '33919900-c4a4-41c0-95c3-84fdd4d9effe' and name 'AIE Compilation'
Mon Feb 12 11:03:04 2024: KERNEL_SVC: creating session with uuid: '33919900-c4a4-41c0-95c3-84fdd4d9effe' and name 'AIE Compilation'
Mon Feb 12 11:03:04 2024: GUIDANCE_SMGR: creating guidance session with uuid: '33919900-c4a4-41c0-95c3-84fdd4d9effe' and name 'AIE Compilation'
Mon Feb 12 11:03:04 2024: SYSTEM_DIAGRAM: creating session with uuid: '33919900-c4a4-41c0-95c3-84fdd4d9effe' and name 'AIE Compilation'
Mon Feb 12 11:03:06 2024: Dispatch Server: Accepted socket connection from client
Mon Feb 12 11:03:06 2024: Starting Socket connection
Mon Feb 12 11:03:14 2024: SESSION_MGR: closing session for UUID '33919900-c4a4-41c0-95c3-84fdd4d9effe' with name ''
Mon Feb 12 11:03:14 2024: KERNEL_SVC: closing session for UUID '33919900-c4a4-41c0-95c3-84fdd4d9effe' with name ''
Mon Feb 12 11:03:14 2024: GUIDANCE_SMGR: closing session for UUID '33919900-c4a4-41c0-95c3-84fdd4d9effe' with name ''
Mon Feb 12 11:03:14 2024: SYSTEM_DIAGRAM: closing session for UUID '33919900-c4a4-41c0-95c3-84fdd4d9effe' with name ''
Mon Feb 12 11:03:15 2024: SESSION_MGR: closing session for UUID '3525c23e-05cb-49eb-bdc0-12d12cc9a0c1' with name 'v++_compile_Work'
Mon Feb 12 11:03:15 2024: KERNEL_SVC: closing session for UUID '3525c23e-05cb-49eb-bdc0-12d12cc9a0c1' with name 'v++_compile_Work'
Mon Feb 12 11:03:15 2024: GUIDANCE_SMGR: closing session for UUID '3525c23e-05cb-49eb-bdc0-12d12cc9a0c1' with name 'v++_compile_Work'
Mon Feb 12 11:03:15 2024: SYSTEM_DIAGRAM: closing session for UUID '3525c23e-05cb-49eb-bdc0-12d12cc9a0c1' with name 'v++_compile_Work'
Mon Feb 12 11:03:15 2024: STOP_SERVER received, server token: 6e9d51dc-80e2-4306-970d-d1296b3c4a22, passed token: 6e9d51dc-80e2-4306-970d-d1296b3c4a22
Mon Feb 12 11:03:15 2024: Socket received request to stop server.
Mon Feb 12 11:03:15 2024: Dispatch Server: do_await_stop
Mon Feb 12 11:03:15 2024: Dispatch Server: stopping mainFifo_
Mon Feb 12 11:03:15 2024: XCD main fifo: Stopping
Mon Feb 12 11:03:15 2024: XCD main fifo: do_read error code: Operation canceled
Mon Feb 12 11:03:15 2024: XCD main fifo: bytes_transferred: 0
Mon Feb 12 11:03:15 2024: SERVER: destructor for server bound to port 44635
Mon Feb 12 11:03:15 2024: XCD main fifo: Good unlink of /tmp/xcdmain6e9d51dc-80e2-4306-970d-d1296b3c4a22
Mon Feb 12 11:03:15 2024: Server exiting with status 0.
Mon Feb 12 11:03:15 2024: Closing log file.
Mon Feb 12 11:03:27 2024: Running xcd server. This server was built by gradle.
Mon Feb 12 11:03:27 2024: Server was asked to start on port: '37191'
Mon Feb 12 11:03:27 2024: Server is using token UUID: '5f024f02-3315-496c-a0ca-ba976b70f4af'
Mon Feb 12 11:03:27 2024: SESSION_MGR: creating session with session uuid: '6d04a3e9-ade5-4ab9-8d63-1f78fcd2ec76' and name 'default'
Mon Feb 12 11:03:27 2024: Attempting to start server on port '37191'
Mon Feb 12 11:03:27 2024: XCD main fifo: created main fifo '/tmp/xcdmain5f024f02-3315-496c-a0ca-ba976b70f4af', fd read = 13
Mon Feb 12 11:03:27 2024: Running Dispatch Server
Mon Feb 12 11:03:27 2024: Version 2.2.0
Mon Feb 12 11:03:29 2024: Dispatch Server: Accepted socket connection from client
Mon Feb 12 11:03:29 2024: Starting Socket connection
Mon Feb 12 11:03:29 2024: EXCHANGE_TOKEN received, server token: 5f024f02-3315-496c-a0ca-ba976b70f4af, passed token: 5f024f02-3315-496c-a0ca-ba976b70f4af
Mon Feb 12 11:03:29 2024: DISPATCH_HANDLER: Adding handler from function makeHandler in library libxv_system_diagram
Mon Feb 12 11:03:29 2024: SESSION_MGR: creating session with session uuid: '477c89c4-4944-4218-9b38-4834d781903f' and name 'v++_compile_Work'
Mon Feb 12 11:03:29 2024: KERNEL_SVC: creating session with uuid: '477c89c4-4944-4218-9b38-4834d781903f' and name 'v++_compile_Work'
Mon Feb 12 11:03:29 2024: GUIDANCE_SMGR: creating guidance session with uuid: '477c89c4-4944-4218-9b38-4834d781903f' and name 'v++_compile_Work'
Mon Feb 12 11:03:29 2024: SYSTEM_DIAGRAM: creating session with uuid: '477c89c4-4944-4218-9b38-4834d781903f' and name 'v++_compile_Work'
Mon Feb 12 11:03:38 2024: Dispatch Server: Accepted socket connection from client
Mon Feb 12 11:03:38 2024: Starting Socket connection
Mon Feb 12 11:03:38 2024: SESSION_MGR: creating session with session uuid: '7b5b8ba3-4763-4fa4-a92a-43eb0098ea32' and name 'AIE Compilation'
Mon Feb 12 11:03:38 2024: KERNEL_SVC: creating session with uuid: '7b5b8ba3-4763-4fa4-a92a-43eb0098ea32' and name 'AIE Compilation'
Mon Feb 12 11:03:38 2024: GUIDANCE_SMGR: creating guidance session with uuid: '7b5b8ba3-4763-4fa4-a92a-43eb0098ea32' and name 'AIE Compilation'
Mon Feb 12 11:03:38 2024: SYSTEM_DIAGRAM: creating session with uuid: '7b5b8ba3-4763-4fa4-a92a-43eb0098ea32' and name 'AIE Compilation'
Mon Feb 12 11:03:40 2024: Dispatch Server: Accepted socket connection from client
Mon Feb 12 11:03:40 2024: Starting Socket connection
Mon Feb 12 11:03:48 2024: SESSION_MGR: closing session for UUID '7b5b8ba3-4763-4fa4-a92a-43eb0098ea32' with name ''
Mon Feb 12 11:03:48 2024: KERNEL_SVC: closing session for UUID '7b5b8ba3-4763-4fa4-a92a-43eb0098ea32' with name ''
Mon Feb 12 11:03:48 2024: GUIDANCE_SMGR: closing session for UUID '7b5b8ba3-4763-4fa4-a92a-43eb0098ea32' with name ''
Mon Feb 12 11:03:48 2024: SYSTEM_DIAGRAM: closing session for UUID '7b5b8ba3-4763-4fa4-a92a-43eb0098ea32' with name ''
Mon Feb 12 11:03:48 2024: SESSION_MGR: closing session for UUID '477c89c4-4944-4218-9b38-4834d781903f' with name 'v++_compile_Work'
Mon Feb 12 11:03:48 2024: KERNEL_SVC: closing session for UUID '477c89c4-4944-4218-9b38-4834d781903f' with name 'v++_compile_Work'
Mon Feb 12 11:03:48 2024: GUIDANCE_SMGR: closing session for UUID '477c89c4-4944-4218-9b38-4834d781903f' with name 'v++_compile_Work'
Mon Feb 12 11:03:48 2024: SYSTEM_DIAGRAM: closing session for UUID '477c89c4-4944-4218-9b38-4834d781903f' with name 'v++_compile_Work'
Mon Feb 12 11:03:48 2024: STOP_SERVER received, server token: 5f024f02-3315-496c-a0ca-ba976b70f4af, passed token: 5f024f02-3315-496c-a0ca-ba976b70f4af
Mon Feb 12 11:03:48 2024: Socket received request to stop server.
Mon Feb 12 11:03:48 2024: Dispatch Server: do_await_stop
Mon Feb 12 11:03:48 2024: Dispatch Server: stopping mainFifo_
Mon Feb 12 11:03:48 2024: XCD main fifo: Stopping
Mon Feb 12 11:03:48 2024: XCD main fifo: do_read error code: Operation canceled
Mon Feb 12 11:03:48 2024: XCD main fifo: bytes_transferred: 0
Mon Feb 12 11:03:48 2024: SERVER: destructor for server bound to port 37191
Mon Feb 12 11:03:48 2024: XCD main fifo: Good unlink of /tmp/xcdmain5f024f02-3315-496c-a0ca-ba976b70f4af
Mon Feb 12 11:03:48 2024: Server exiting with status 0.
Mon Feb 12 11:03:48 2024: Closing log file.
Mon Feb 12 11:14:35 2024: Running xcd server. This server was built by gradle.
Mon Feb 12 11:14:35 2024: Server was asked to start on port: '34549'
Mon Feb 12 11:14:35 2024: Server is using token UUID: '43e15e54-4e32-4ec3-8f24-969108ee203d'
Mon Feb 12 11:14:35 2024: SESSION_MGR: creating session with session uuid: '6d04a3e9-ade5-4ab9-8d63-1f78fcd2ec76' and name 'default'
Mon Feb 12 11:14:35 2024: Attempting to start server on port '34549'
Mon Feb 12 11:14:35 2024: XCD main fifo: created main fifo '/tmp/xcdmain43e15e54-4e32-4ec3-8f24-969108ee203d', fd read = 13
Mon Feb 12 11:14:35 2024: Running Dispatch Server
Mon Feb 12 11:14:35 2024: Version 2.2.0
Mon Feb 12 11:14:37 2024: Dispatch Server: Accepted socket connection from client
Mon Feb 12 11:14:37 2024: Starting Socket connection
Mon Feb 12 11:14:37 2024: EXCHANGE_TOKEN received, server token: 43e15e54-4e32-4ec3-8f24-969108ee203d, passed token: 43e15e54-4e32-4ec3-8f24-969108ee203d
Mon Feb 12 11:14:37 2024: DISPATCH_HANDLER: Adding handler from function makeHandler in library libxv_system_diagram
Mon Feb 12 11:14:37 2024: SESSION_MGR: creating session with session uuid: 'a6eb6a4f-85ac-43d1-b800-2124420cca99' and name 'v++_compile_Work'
Mon Feb 12 11:14:37 2024: KERNEL_SVC: creating session with uuid: 'a6eb6a4f-85ac-43d1-b800-2124420cca99' and name 'v++_compile_Work'
Mon Feb 12 11:14:37 2024: GUIDANCE_SMGR: creating guidance session with uuid: 'a6eb6a4f-85ac-43d1-b800-2124420cca99' and name 'v++_compile_Work'
Mon Feb 12 11:14:37 2024: SYSTEM_DIAGRAM: creating session with uuid: 'a6eb6a4f-85ac-43d1-b800-2124420cca99' and name 'v++_compile_Work'
Mon Feb 12 11:14:46 2024: Dispatch Server: Accepted socket connection from client
Mon Feb 12 11:14:46 2024: Starting Socket connection
Mon Feb 12 11:14:46 2024: SESSION_MGR: creating session with session uuid: '6cdfa9c1-4927-4795-80ba-c466c664b834' and name 'AIE Compilation'
Mon Feb 12 11:14:46 2024: KERNEL_SVC: creating session with uuid: '6cdfa9c1-4927-4795-80ba-c466c664b834' and name 'AIE Compilation'
Mon Feb 12 11:14:46 2024: GUIDANCE_SMGR: creating guidance session with uuid: '6cdfa9c1-4927-4795-80ba-c466c664b834' and name 'AIE Compilation'
Mon Feb 12 11:14:46 2024: SYSTEM_DIAGRAM: creating session with uuid: '6cdfa9c1-4927-4795-80ba-c466c664b834' and name 'AIE Compilation'
Mon Feb 12 11:14:48 2024: Dispatch Server: Accepted socket connection from client
Mon Feb 12 11:14:48 2024: Starting Socket connection
Mon Feb 12 11:14:56 2024: SESSION_MGR: closing session for UUID '6cdfa9c1-4927-4795-80ba-c466c664b834' with name ''
Mon Feb 12 11:14:56 2024: KERNEL_SVC: closing session for UUID '6cdfa9c1-4927-4795-80ba-c466c664b834' with name ''
Mon Feb 12 11:14:56 2024: GUIDANCE_SMGR: closing session for UUID '6cdfa9c1-4927-4795-80ba-c466c664b834' with name ''
Mon Feb 12 11:14:56 2024: SYSTEM_DIAGRAM: closing session for UUID '6cdfa9c1-4927-4795-80ba-c466c664b834' with name ''
Mon Feb 12 11:14:56 2024: SESSION_MGR: closing session for UUID 'a6eb6a4f-85ac-43d1-b800-2124420cca99' with name 'v++_compile_Work'
Mon Feb 12 11:14:56 2024: KERNEL_SVC: closing session for UUID 'a6eb6a4f-85ac-43d1-b800-2124420cca99' with name 'v++_compile_Work'
Mon Feb 12 11:14:56 2024: GUIDANCE_SMGR: closing session for UUID 'a6eb6a4f-85ac-43d1-b800-2124420cca99' with name 'v++_compile_Work'
Mon Feb 12 11:14:56 2024: SYSTEM_DIAGRAM: closing session for UUID 'a6eb6a4f-85ac-43d1-b800-2124420cca99' with name 'v++_compile_Work'
Mon Feb 12 11:14:56 2024: STOP_SERVER received, server token: 43e15e54-4e32-4ec3-8f24-969108ee203d, passed token: 43e15e54-4e32-4ec3-8f24-969108ee203d
Mon Feb 12 11:14:56 2024: Socket received request to stop server.
Mon Feb 12 11:14:56 2024: Dispatch Server: do_await_stop
Mon Feb 12 11:14:56 2024: Dispatch Server: stopping mainFifo_
Mon Feb 12 11:14:56 2024: XCD main fifo: Stopping
Mon Feb 12 11:14:56 2024: XCD main fifo: do_read error code: Operation canceled
Mon Feb 12 11:14:56 2024: XCD main fifo: bytes_transferred: 0
Mon Feb 12 11:14:56 2024: SERVER: destructor for server bound to port 34549
Mon Feb 12 11:14:56 2024: XCD main fifo: Good unlink of /tmp/xcdmain43e15e54-4e32-4ec3-8f24-969108ee203d
Mon Feb 12 11:14:56 2024: Server exiting with status 0.
Mon Feb 12 11:14:56 2024: Closing log file.
Mon Feb 12 11:16:44 2024: Running xcd server. This server was built by gradle.
Mon Feb 12 11:16:44 2024: Server was asked to start on port: '41519'
Mon Feb 12 11:16:44 2024: Server is using token UUID: '22a0c596-6038-47dd-be6e-58eb9de7ffda'
Mon Feb 12 11:16:44 2024: SESSION_MGR: creating session with session uuid: '6d04a3e9-ade5-4ab9-8d63-1f78fcd2ec76' and name 'default'
Mon Feb 12 11:16:44 2024: Attempting to start server on port '41519'
Mon Feb 12 11:16:44 2024: XCD main fifo: created main fifo '/tmp/xcdmain22a0c596-6038-47dd-be6e-58eb9de7ffda', fd read = 13
Mon Feb 12 11:16:44 2024: Running Dispatch Server
Mon Feb 12 11:16:44 2024: Version 2.2.0
Mon Feb 12 11:16:46 2024: Dispatch Server: Accepted socket connection from client
Mon Feb 12 11:16:46 2024: Starting Socket connection
Mon Feb 12 11:16:46 2024: EXCHANGE_TOKEN received, server token: 22a0c596-6038-47dd-be6e-58eb9de7ffda, passed token: 22a0c596-6038-47dd-be6e-58eb9de7ffda
Mon Feb 12 11:16:46 2024: DISPATCH_HANDLER: Adding handler from function makeHandler in library libxv_system_diagram
Mon Feb 12 11:16:46 2024: SESSION_MGR: creating session with session uuid: '9ba3ec7e-e250-4f3d-9fe4-fe66bd94adaf' and name 'v++_compile_Work'
Mon Feb 12 11:16:46 2024: KERNEL_SVC: creating session with uuid: '9ba3ec7e-e250-4f3d-9fe4-fe66bd94adaf' and name 'v++_compile_Work'
Mon Feb 12 11:16:46 2024: GUIDANCE_SMGR: creating guidance session with uuid: '9ba3ec7e-e250-4f3d-9fe4-fe66bd94adaf' and name 'v++_compile_Work'
Mon Feb 12 11:16:46 2024: SYSTEM_DIAGRAM: creating session with uuid: '9ba3ec7e-e250-4f3d-9fe4-fe66bd94adaf' and name 'v++_compile_Work'
Mon Feb 12 11:16:55 2024: Dispatch Server: Accepted socket connection from client
Mon Feb 12 11:16:55 2024: Starting Socket connection
Mon Feb 12 11:16:55 2024: SESSION_MGR: creating session with session uuid: 'ca92faa6-1156-442a-82bb-32326bcd2a0c' and name 'AIE Compilation'
Mon Feb 12 11:16:55 2024: KERNEL_SVC: creating session with uuid: 'ca92faa6-1156-442a-82bb-32326bcd2a0c' and name 'AIE Compilation'
Mon Feb 12 11:16:55 2024: GUIDANCE_SMGR: creating guidance session with uuid: 'ca92faa6-1156-442a-82bb-32326bcd2a0c' and name 'AIE Compilation'
Mon Feb 12 11:16:55 2024: SYSTEM_DIAGRAM: creating session with uuid: 'ca92faa6-1156-442a-82bb-32326bcd2a0c' and name 'AIE Compilation'
Mon Feb 12 11:16:57 2024: Dispatch Server: Accepted socket connection from client
Mon Feb 12 11:16:57 2024: Starting Socket connection
Mon Feb 12 11:17:05 2024: SESSION_MGR: closing session for UUID 'ca92faa6-1156-442a-82bb-32326bcd2a0c' with name ''
Mon Feb 12 11:17:05 2024: KERNEL_SVC: closing session for UUID 'ca92faa6-1156-442a-82bb-32326bcd2a0c' with name ''
Mon Feb 12 11:17:05 2024: GUIDANCE_SMGR: closing session for UUID 'ca92faa6-1156-442a-82bb-32326bcd2a0c' with name ''
Mon Feb 12 11:17:05 2024: SYSTEM_DIAGRAM: closing session for UUID 'ca92faa6-1156-442a-82bb-32326bcd2a0c' with name ''
Mon Feb 12 11:17:05 2024: SESSION_MGR: closing session for UUID '9ba3ec7e-e250-4f3d-9fe4-fe66bd94adaf' with name 'v++_compile_Work'
Mon Feb 12 11:17:05 2024: KERNEL_SVC: closing session for UUID '9ba3ec7e-e250-4f3d-9fe4-fe66bd94adaf' with name 'v++_compile_Work'
Mon Feb 12 11:17:05 2024: GUIDANCE_SMGR: closing session for UUID '9ba3ec7e-e250-4f3d-9fe4-fe66bd94adaf' with name 'v++_compile_Work'
Mon Feb 12 11:17:05 2024: SYSTEM_DIAGRAM: closing session for UUID '9ba3ec7e-e250-4f3d-9fe4-fe66bd94adaf' with name 'v++_compile_Work'
Mon Feb 12 11:17:05 2024: STOP_SERVER received, server token: 22a0c596-6038-47dd-be6e-58eb9de7ffda, passed token: 22a0c596-6038-47dd-be6e-58eb9de7ffda
Mon Feb 12 11:17:05 2024: Socket received request to stop server.
Mon Feb 12 11:17:05 2024: Dispatch Server: do_await_stop
Mon Feb 12 11:17:05 2024: Dispatch Server: stopping mainFifo_
Mon Feb 12 11:17:05 2024: XCD main fifo: Stopping
Mon Feb 12 11:17:05 2024: XCD main fifo: do_read error code: Operation canceled
Mon Feb 12 11:17:05 2024: XCD main fifo: bytes_transferred: 0
Mon Feb 12 11:17:05 2024: SERVER: destructor for server bound to port 41519
Mon Feb 12 11:17:05 2024: XCD main fifo: Good unlink of /tmp/xcdmain22a0c596-6038-47dd-be6e-58eb9de7ffda
Mon Feb 12 11:17:05 2024: Server exiting with status 0.
Mon Feb 12 11:17:05 2024: Closing log file.
Mon Feb 12 11:18:26 2024: Running xcd server. This server was built by gradle.
Mon Feb 12 11:18:26 2024: Server was asked to start on port: '44095'
Mon Feb 12 11:18:26 2024: Server is using token UUID: '69693880-43ab-4d75-a854-69ee9f95619f'
Mon Feb 12 11:18:26 2024: SESSION_MGR: creating session with session uuid: '6d04a3e9-ade5-4ab9-8d63-1f78fcd2ec76' and name 'default'
Mon Feb 12 11:18:26 2024: Attempting to start server on port '44095'
Mon Feb 12 11:18:26 2024: XCD main fifo: created main fifo '/tmp/xcdmain69693880-43ab-4d75-a854-69ee9f95619f', fd read = 13
Mon Feb 12 11:18:26 2024: Running Dispatch Server
Mon Feb 12 11:18:26 2024: Version 2.2.0
Mon Feb 12 11:18:28 2024: Dispatch Server: Accepted socket connection from client
Mon Feb 12 11:18:28 2024: Starting Socket connection
Mon Feb 12 11:18:28 2024: EXCHANGE_TOKEN received, server token: 69693880-43ab-4d75-a854-69ee9f95619f, passed token: 69693880-43ab-4d75-a854-69ee9f95619f
Mon Feb 12 11:18:28 2024: DISPATCH_HANDLER: Adding handler from function makeHandler in library libxv_system_diagram
Mon Feb 12 11:18:28 2024: SESSION_MGR: creating session with session uuid: '1d46330b-90a8-43df-968e-60f8762984c8' and name 'v++_compile_Work'
Mon Feb 12 11:18:28 2024: KERNEL_SVC: creating session with uuid: '1d46330b-90a8-43df-968e-60f8762984c8' and name 'v++_compile_Work'
Mon Feb 12 11:18:28 2024: GUIDANCE_SMGR: creating guidance session with uuid: '1d46330b-90a8-43df-968e-60f8762984c8' and name 'v++_compile_Work'
Mon Feb 12 11:18:28 2024: SYSTEM_DIAGRAM: creating session with uuid: '1d46330b-90a8-43df-968e-60f8762984c8' and name 'v++_compile_Work'
Mon Feb 12 11:18:37 2024: Dispatch Server: Accepted socket connection from client
Mon Feb 12 11:18:37 2024: Starting Socket connection
Mon Feb 12 11:18:37 2024: SESSION_MGR: creating session with session uuid: '4e3d53b2-e5fd-4822-b022-17d323789a5d' and name 'AIE Compilation'
Mon Feb 12 11:18:37 2024: KERNEL_SVC: creating session with uuid: '4e3d53b2-e5fd-4822-b022-17d323789a5d' and name 'AIE Compilation'
Mon Feb 12 11:18:37 2024: GUIDANCE_SMGR: creating guidance session with uuid: '4e3d53b2-e5fd-4822-b022-17d323789a5d' and name 'AIE Compilation'
Mon Feb 12 11:18:37 2024: SYSTEM_DIAGRAM: creating session with uuid: '4e3d53b2-e5fd-4822-b022-17d323789a5d' and name 'AIE Compilation'
Mon Feb 12 11:18:39 2024: Dispatch Server: Accepted socket connection from client
Mon Feb 12 11:18:39 2024: Starting Socket connection
Mon Feb 12 11:18:47 2024: SESSION_MGR: closing session for UUID '4e3d53b2-e5fd-4822-b022-17d323789a5d' with name ''
Mon Feb 12 11:18:47 2024: KERNEL_SVC: closing session for UUID '4e3d53b2-e5fd-4822-b022-17d323789a5d' with name ''
Mon Feb 12 11:18:47 2024: GUIDANCE_SMGR: closing session for UUID '4e3d53b2-e5fd-4822-b022-17d323789a5d' with name ''
Mon Feb 12 11:18:47 2024: SYSTEM_DIAGRAM: closing session for UUID '4e3d53b2-e5fd-4822-b022-17d323789a5d' with name ''
Mon Feb 12 11:18:48 2024: SESSION_MGR: closing session for UUID '1d46330b-90a8-43df-968e-60f8762984c8' with name 'v++_compile_Work'
Mon Feb 12 11:18:48 2024: KERNEL_SVC: closing session for UUID '1d46330b-90a8-43df-968e-60f8762984c8' with name 'v++_compile_Work'
Mon Feb 12 11:18:48 2024: GUIDANCE_SMGR: closing session for UUID '1d46330b-90a8-43df-968e-60f8762984c8' with name 'v++_compile_Work'
Mon Feb 12 11:18:48 2024: SYSTEM_DIAGRAM: closing session for UUID '1d46330b-90a8-43df-968e-60f8762984c8' with name 'v++_compile_Work'
Mon Feb 12 11:18:48 2024: STOP_SERVER received, server token: 69693880-43ab-4d75-a854-69ee9f95619f, passed token: 69693880-43ab-4d75-a854-69ee9f95619f
Mon Feb 12 11:18:48 2024: Socket received request to stop server.
Mon Feb 12 11:18:48 2024: Dispatch Server: do_await_stop
Mon Feb 12 11:18:48 2024: Dispatch Server: stopping mainFifo_
Mon Feb 12 11:18:48 2024: XCD main fifo: Stopping
Mon Feb 12 11:18:48 2024: XCD main fifo: do_read error code: Operation canceled
Mon Feb 12 11:18:48 2024: XCD main fifo: bytes_transferred: 0
Mon Feb 12 11:18:48 2024: SERVER: destructor for server bound to port 44095
Mon Feb 12 11:18:48 2024: XCD main fifo: Good unlink of /tmp/xcdmain69693880-43ab-4d75-a854-69ee9f95619f
Mon Feb 12 11:18:48 2024: Server exiting with status 0.
Mon Feb 12 11:18:48 2024: Closing log file.
Mon Feb 12 11:30:46 2024: Running xcd server. This server was built by gradle.
Mon Feb 12 11:30:46 2024: Server was asked to start on port: '38247'
Mon Feb 12 11:30:46 2024: Server is using token UUID: '355f32a6-6926-4e03-9579-837e7877f915'
Mon Feb 12 11:30:46 2024: SESSION_MGR: creating session with session uuid: '6d04a3e9-ade5-4ab9-8d63-1f78fcd2ec76' and name 'default'
Mon Feb 12 11:30:46 2024: Attempting to start server on port '38247'
Mon Feb 12 11:30:46 2024: XCD main fifo: created main fifo '/tmp/xcdmain355f32a6-6926-4e03-9579-837e7877f915', fd read = 13
Mon Feb 12 11:30:46 2024: Running Dispatch Server
Mon Feb 12 11:30:46 2024: Version 2.2.0
Mon Feb 12 11:30:48 2024: Dispatch Server: Accepted socket connection from client
Mon Feb 12 11:30:48 2024: Starting Socket connection
Mon Feb 12 11:30:48 2024: EXCHANGE_TOKEN received, server token: 355f32a6-6926-4e03-9579-837e7877f915, passed token: 355f32a6-6926-4e03-9579-837e7877f915
Mon Feb 12 11:30:48 2024: DISPATCH_HANDLER: Adding handler from function makeHandler in library libxv_system_diagram
Mon Feb 12 11:30:48 2024: SESSION_MGR: creating session with session uuid: '9175708a-96aa-4b03-ac55-d83a0044a59e' and name 'v++_compile_Work'
Mon Feb 12 11:30:48 2024: KERNEL_SVC: creating session with uuid: '9175708a-96aa-4b03-ac55-d83a0044a59e' and name 'v++_compile_Work'
Mon Feb 12 11:30:48 2024: GUIDANCE_SMGR: creating guidance session with uuid: '9175708a-96aa-4b03-ac55-d83a0044a59e' and name 'v++_compile_Work'
Mon Feb 12 11:30:48 2024: SYSTEM_DIAGRAM: creating session with uuid: '9175708a-96aa-4b03-ac55-d83a0044a59e' and name 'v++_compile_Work'
Mon Feb 12 11:30:57 2024: Dispatch Server: Accepted socket connection from client
Mon Feb 12 11:30:57 2024: Starting Socket connection
Mon Feb 12 11:30:57 2024: SESSION_MGR: creating session with session uuid: 'b846373a-3e6c-4ae5-a8ab-5d648cd5f16e' and name 'AIE Compilation'
Mon Feb 12 11:30:57 2024: KERNEL_SVC: creating session with uuid: 'b846373a-3e6c-4ae5-a8ab-5d648cd5f16e' and name 'AIE Compilation'
Mon Feb 12 11:30:57 2024: GUIDANCE_SMGR: creating guidance session with uuid: 'b846373a-3e6c-4ae5-a8ab-5d648cd5f16e' and name 'AIE Compilation'
Mon Feb 12 11:30:57 2024: SYSTEM_DIAGRAM: creating session with uuid: 'b846373a-3e6c-4ae5-a8ab-5d648cd5f16e' and name 'AIE Compilation'
Mon Feb 12 11:30:59 2024: Dispatch Server: Accepted socket connection from client
Mon Feb 12 11:30:59 2024: Starting Socket connection
Mon Feb 12 11:31:07 2024: SESSION_MGR: closing session for UUID 'b846373a-3e6c-4ae5-a8ab-5d648cd5f16e' with name ''
Mon Feb 12 11:31:07 2024: KERNEL_SVC: closing session for UUID 'b846373a-3e6c-4ae5-a8ab-5d648cd5f16e' with name ''
Mon Feb 12 11:31:07 2024: GUIDANCE_SMGR: closing session for UUID 'b846373a-3e6c-4ae5-a8ab-5d648cd5f16e' with name ''
Mon Feb 12 11:31:07 2024: SYSTEM_DIAGRAM: closing session for UUID 'b846373a-3e6c-4ae5-a8ab-5d648cd5f16e' with name ''
Mon Feb 12 11:31:07 2024: SESSION_MGR: closing session for UUID '9175708a-96aa-4b03-ac55-d83a0044a59e' with name 'v++_compile_Work'
Mon Feb 12 11:31:07 2024: KERNEL_SVC: closing session for UUID '9175708a-96aa-4b03-ac55-d83a0044a59e' with name 'v++_compile_Work'
Mon Feb 12 11:31:07 2024: GUIDANCE_SMGR: closing session for UUID '9175708a-96aa-4b03-ac55-d83a0044a59e' with name 'v++_compile_Work'
Mon Feb 12 11:31:07 2024: SYSTEM_DIAGRAM: closing session for UUID '9175708a-96aa-4b03-ac55-d83a0044a59e' with name 'v++_compile_Work'
Mon Feb 12 11:31:07 2024: STOP_SERVER received, server token: 355f32a6-6926-4e03-9579-837e7877f915, passed token: 355f32a6-6926-4e03-9579-837e7877f915
Mon Feb 12 11:31:07 2024: Socket received request to stop server.
Mon Feb 12 11:31:07 2024: Dispatch Server: do_await_stop
Mon Feb 12 11:31:07 2024: Dispatch Server: stopping mainFifo_
Mon Feb 12 11:31:07 2024: XCD main fifo: Stopping
Mon Feb 12 11:31:07 2024: XCD main fifo: do_read error code: Operation canceled
Mon Feb 12 11:31:07 2024: XCD main fifo: bytes_transferred: 0
Mon Feb 12 11:31:07 2024: SERVER: destructor for server bound to port 38247
Mon Feb 12 11:31:07 2024: XCD main fifo: Good unlink of /tmp/xcdmain355f32a6-6926-4e03-9579-837e7877f915
Mon Feb 12 11:31:07 2024: Server exiting with status 0.
Mon Feb 12 11:31:07 2024: Closing log file.
Mon Feb 12 11:34:14 2024: Running xcd server. This server was built by gradle.
Mon Feb 12 11:34:14 2024: Server was asked to start on port: '35297'
Mon Feb 12 11:34:14 2024: Server is using token UUID: '70ca98f8-b51f-4301-ad3e-ec6ba6107345'
Mon Feb 12 11:34:14 2024: SESSION_MGR: creating session with session uuid: '6d04a3e9-ade5-4ab9-8d63-1f78fcd2ec76' and name 'default'
Mon Feb 12 11:34:14 2024: Attempting to start server on port '35297'
Mon Feb 12 11:34:14 2024: XCD main fifo: created main fifo '/tmp/xcdmain70ca98f8-b51f-4301-ad3e-ec6ba6107345', fd read = 13
Mon Feb 12 11:34:14 2024: Running Dispatch Server
Mon Feb 12 11:34:14 2024: Version 2.2.0
Mon Feb 12 11:34:16 2024: Dispatch Server: Accepted socket connection from client
Mon Feb 12 11:34:16 2024: Starting Socket connection
Mon Feb 12 11:34:16 2024: EXCHANGE_TOKEN received, server token: 70ca98f8-b51f-4301-ad3e-ec6ba6107345, passed token: 70ca98f8-b51f-4301-ad3e-ec6ba6107345
Mon Feb 12 11:34:16 2024: DISPATCH_HANDLER: Adding handler from function makeHandler in library libxv_system_diagram
Mon Feb 12 11:34:16 2024: SESSION_MGR: creating session with session uuid: 'e8938487-a6f7-4f03-85f0-564237325f7d' and name 'v++_compile_Work'
Mon Feb 12 11:34:16 2024: KERNEL_SVC: creating session with uuid: 'e8938487-a6f7-4f03-85f0-564237325f7d' and name 'v++_compile_Work'
Mon Feb 12 11:34:16 2024: GUIDANCE_SMGR: creating guidance session with uuid: 'e8938487-a6f7-4f03-85f0-564237325f7d' and name 'v++_compile_Work'
Mon Feb 12 11:34:16 2024: SYSTEM_DIAGRAM: creating session with uuid: 'e8938487-a6f7-4f03-85f0-564237325f7d' and name 'v++_compile_Work'
Mon Feb 12 11:34:25 2024: Dispatch Server: Accepted socket connection from client
Mon Feb 12 11:34:25 2024: Starting Socket connection
Mon Feb 12 11:34:25 2024: SESSION_MGR: creating session with session uuid: '697f3754-64a3-4d16-b7d0-7f9d54cc4cef' and name 'AIE Compilation'
Mon Feb 12 11:34:25 2024: KERNEL_SVC: creating session with uuid: '697f3754-64a3-4d16-b7d0-7f9d54cc4cef' and name 'AIE Compilation'
Mon Feb 12 11:34:25 2024: GUIDANCE_SMGR: creating guidance session with uuid: '697f3754-64a3-4d16-b7d0-7f9d54cc4cef' and name 'AIE Compilation'
Mon Feb 12 11:34:25 2024: SYSTEM_DIAGRAM: creating session with uuid: '697f3754-64a3-4d16-b7d0-7f9d54cc4cef' and name 'AIE Compilation'
Mon Feb 12 11:34:27 2024: Dispatch Server: Accepted socket connection from client
Mon Feb 12 11:34:27 2024: Starting Socket connection
Mon Feb 12 11:34:36 2024: SESSION_MGR: closing session for UUID '697f3754-64a3-4d16-b7d0-7f9d54cc4cef' with name ''
Mon Feb 12 11:34:36 2024: KERNEL_SVC: closing session for UUID '697f3754-64a3-4d16-b7d0-7f9d54cc4cef' with name ''
Mon Feb 12 11:34:36 2024: GUIDANCE_SMGR: closing session for UUID '697f3754-64a3-4d16-b7d0-7f9d54cc4cef' with name ''
Mon Feb 12 11:34:36 2024: SYSTEM_DIAGRAM: closing session for UUID '697f3754-64a3-4d16-b7d0-7f9d54cc4cef' with name ''
Mon Feb 12 11:34:37 2024: SESSION_MGR: closing session for UUID 'e8938487-a6f7-4f03-85f0-564237325f7d' with name 'v++_compile_Work'
Mon Feb 12 11:34:37 2024: KERNEL_SVC: closing session for UUID 'e8938487-a6f7-4f03-85f0-564237325f7d' with name 'v++_compile_Work'
Mon Feb 12 11:34:37 2024: GUIDANCE_SMGR: closing session for UUID 'e8938487-a6f7-4f03-85f0-564237325f7d' with name 'v++_compile_Work'
Mon Feb 12 11:34:37 2024: SYSTEM_DIAGRAM: closing session for UUID 'e8938487-a6f7-4f03-85f0-564237325f7d' with name 'v++_compile_Work'
Mon Feb 12 11:34:37 2024: STOP_SERVER received, server token: 70ca98f8-b51f-4301-ad3e-ec6ba6107345, passed token: 70ca98f8-b51f-4301-ad3e-ec6ba6107345
Mon Feb 12 11:34:37 2024: Socket received request to stop server.
Mon Feb 12 11:34:37 2024: Dispatch Server: do_await_stop
Mon Feb 12 11:34:37 2024: Dispatch Server: stopping mainFifo_
Mon Feb 12 11:34:37 2024: XCD main fifo: Stopping
Mon Feb 12 11:34:37 2024: XCD main fifo: do_read error code: Operation canceled
Mon Feb 12 11:34:37 2024: XCD main fifo: bytes_transferred: 0
Mon Feb 12 11:34:37 2024: SERVER: destructor for server bound to port 35297
Mon Feb 12 11:34:37 2024: XCD main fifo: Good unlink of /tmp/xcdmain70ca98f8-b51f-4301-ad3e-ec6ba6107345
Mon Feb 12 11:34:37 2024: Server exiting with status 0.
Mon Feb 12 11:34:37 2024: Closing log file.
Mon Feb 12 11:35:20 2024: Running xcd server. This server was built by gradle.
Mon Feb 12 11:35:20 2024: Server was asked to start on port: '32833'
Mon Feb 12 11:35:20 2024: Server is using token UUID: 'f6cf4329-a556-4544-bca7-54c7697b104d'
Mon Feb 12 11:35:20 2024: SESSION_MGR: creating session with session uuid: '6d04a3e9-ade5-4ab9-8d63-1f78fcd2ec76' and name 'default'
Mon Feb 12 11:35:20 2024: Attempting to start server on port '32833'
Mon Feb 12 11:35:20 2024: XCD main fifo: created main fifo '/tmp/xcdmainf6cf4329-a556-4544-bca7-54c7697b104d', fd read = 13
Mon Feb 12 11:35:20 2024: Running Dispatch Server
Mon Feb 12 11:35:20 2024: Version 2.2.0
Mon Feb 12 11:35:22 2024: Dispatch Server: Accepted socket connection from client
Mon Feb 12 11:35:22 2024: Starting Socket connection
Mon Feb 12 11:35:22 2024: EXCHANGE_TOKEN received, server token: f6cf4329-a556-4544-bca7-54c7697b104d, passed token: f6cf4329-a556-4544-bca7-54c7697b104d
Mon Feb 12 11:35:22 2024: DISPATCH_HANDLER: Adding handler from function makeHandler in library libxv_system_diagram
Mon Feb 12 11:35:22 2024: SESSION_MGR: creating session with session uuid: 'b207e7e2-8973-446a-a63d-915c80656eef' and name 'v++_compile_Work'
Mon Feb 12 11:35:22 2024: KERNEL_SVC: creating session with uuid: 'b207e7e2-8973-446a-a63d-915c80656eef' and name 'v++_compile_Work'
Mon Feb 12 11:35:22 2024: GUIDANCE_SMGR: creating guidance session with uuid: 'b207e7e2-8973-446a-a63d-915c80656eef' and name 'v++_compile_Work'
Mon Feb 12 11:35:22 2024: SYSTEM_DIAGRAM: creating session with uuid: 'b207e7e2-8973-446a-a63d-915c80656eef' and name 'v++_compile_Work'
Mon Feb 12 11:35:31 2024: Dispatch Server: Accepted socket connection from client
Mon Feb 12 11:35:31 2024: Starting Socket connection
Mon Feb 12 11:35:31 2024: SESSION_MGR: creating session with session uuid: '2572cf19-35f2-4345-a456-e0b850ae7ff3' and name 'AIE Compilation'
Mon Feb 12 11:35:31 2024: KERNEL_SVC: creating session with uuid: '2572cf19-35f2-4345-a456-e0b850ae7ff3' and name 'AIE Compilation'
Mon Feb 12 11:35:31 2024: GUIDANCE_SMGR: creating guidance session with uuid: '2572cf19-35f2-4345-a456-e0b850ae7ff3' and name 'AIE Compilation'
Mon Feb 12 11:35:31 2024: SYSTEM_DIAGRAM: creating session with uuid: '2572cf19-35f2-4345-a456-e0b850ae7ff3' and name 'AIE Compilation'
Mon Feb 12 11:35:33 2024: Dispatch Server: Accepted socket connection from client
Mon Feb 12 11:35:33 2024: Starting Socket connection
Mon Feb 12 11:35:42 2024: SESSION_MGR: closing session for UUID '2572cf19-35f2-4345-a456-e0b850ae7ff3' with name ''
Mon Feb 12 11:35:42 2024: KERNEL_SVC: closing session for UUID '2572cf19-35f2-4345-a456-e0b850ae7ff3' with name ''
Mon Feb 12 11:35:42 2024: GUIDANCE_SMGR: closing session for UUID '2572cf19-35f2-4345-a456-e0b850ae7ff3' with name ''
Mon Feb 12 11:35:42 2024: SYSTEM_DIAGRAM: closing session for UUID '2572cf19-35f2-4345-a456-e0b850ae7ff3' with name ''
Mon Feb 12 11:35:42 2024: SESSION_MGR: closing session for UUID 'b207e7e2-8973-446a-a63d-915c80656eef' with name 'v++_compile_Work'
Mon Feb 12 11:35:42 2024: KERNEL_SVC: closing session for UUID 'b207e7e2-8973-446a-a63d-915c80656eef' with name 'v++_compile_Work'
Mon Feb 12 11:35:42 2024: GUIDANCE_SMGR: closing session for UUID 'b207e7e2-8973-446a-a63d-915c80656eef' with name 'v++_compile_Work'
Mon Feb 12 11:35:42 2024: SYSTEM_DIAGRAM: closing session for UUID 'b207e7e2-8973-446a-a63d-915c80656eef' with name 'v++_compile_Work'
Mon Feb 12 11:35:42 2024: STOP_SERVER received, server token: f6cf4329-a556-4544-bca7-54c7697b104d, passed token: f6cf4329-a556-4544-bca7-54c7697b104d
Mon Feb 12 11:35:42 2024: Socket received request to stop server.
Mon Feb 12 11:35:42 2024: Dispatch Server: do_await_stop
Mon Feb 12 11:35:42 2024: Dispatch Server: stopping mainFifo_
Mon Feb 12 11:35:42 2024: XCD main fifo: Stopping
Mon Feb 12 11:35:42 2024: XCD main fifo: do_read error code: Operation canceled
Mon Feb 12 11:35:42 2024: XCD main fifo: bytes_transferred: 0
Mon Feb 12 11:35:42 2024: SERVER: destructor for server bound to port 32833
Mon Feb 12 11:35:42 2024: XCD main fifo: Good unlink of /tmp/xcdmainf6cf4329-a556-4544-bca7-54c7697b104d
Mon Feb 12 11:35:42 2024: Server exiting with status 0.
Mon Feb 12 11:35:42 2024: Closing log file.
Mon Feb 12 11:38:09 2024: Running xcd server. This server was built by gradle.
Mon Feb 12 11:38:09 2024: Server was asked to start on port: '34609'
Mon Feb 12 11:38:09 2024: Server is using token UUID: '36402739-a7c1-4750-bc6c-72b52710b4a2'
Mon Feb 12 11:38:09 2024: SESSION_MGR: creating session with session uuid: '6d04a3e9-ade5-4ab9-8d63-1f78fcd2ec76' and name 'default'
Mon Feb 12 11:38:09 2024: Attempting to start server on port '34609'
Mon Feb 12 11:38:09 2024: XCD main fifo: created main fifo '/tmp/xcdmain36402739-a7c1-4750-bc6c-72b52710b4a2', fd read = 13
Mon Feb 12 11:38:09 2024: Running Dispatch Server
Mon Feb 12 11:38:09 2024: Version 2.2.0
Mon Feb 12 11:38:11 2024: Dispatch Server: Accepted socket connection from client
Mon Feb 12 11:38:11 2024: Starting Socket connection
Mon Feb 12 11:38:11 2024: EXCHANGE_TOKEN received, server token: 36402739-a7c1-4750-bc6c-72b52710b4a2, passed token: 36402739-a7c1-4750-bc6c-72b52710b4a2
Mon Feb 12 11:38:11 2024: DISPATCH_HANDLER: Adding handler from function makeHandler in library libxv_system_diagram
Mon Feb 12 11:38:11 2024: SESSION_MGR: creating session with session uuid: 'cb6427c8-79c8-4193-b99d-6002926c65f7' and name 'v++_compile_Work'
Mon Feb 12 11:38:11 2024: KERNEL_SVC: creating session with uuid: 'cb6427c8-79c8-4193-b99d-6002926c65f7' and name 'v++_compile_Work'
Mon Feb 12 11:38:11 2024: GUIDANCE_SMGR: creating guidance session with uuid: 'cb6427c8-79c8-4193-b99d-6002926c65f7' and name 'v++_compile_Work'
Mon Feb 12 11:38:11 2024: SYSTEM_DIAGRAM: creating session with uuid: 'cb6427c8-79c8-4193-b99d-6002926c65f7' and name 'v++_compile_Work'
Mon Feb 12 11:38:20 2024: Dispatch Server: Accepted socket connection from client
Mon Feb 12 11:38:20 2024: Starting Socket connection
Mon Feb 12 11:38:20 2024: SESSION_MGR: creating session with session uuid: '2130a9e7-795c-4401-9db7-0f25588d839a' and name 'AIE Compilation'
Mon Feb 12 11:38:20 2024: KERNEL_SVC: creating session with uuid: '2130a9e7-795c-4401-9db7-0f25588d839a' and name 'AIE Compilation'
Mon Feb 12 11:38:20 2024: GUIDANCE_SMGR: creating guidance session with uuid: '2130a9e7-795c-4401-9db7-0f25588d839a' and name 'AIE Compilation'
Mon Feb 12 11:38:20 2024: SYSTEM_DIAGRAM: creating session with uuid: '2130a9e7-795c-4401-9db7-0f25588d839a' and name 'AIE Compilation'
Mon Feb 12 11:38:22 2024: Dispatch Server: Accepted socket connection from client
Mon Feb 12 11:38:22 2024: Starting Socket connection
Mon Feb 12 11:38:30 2024: SESSION_MGR: closing session for UUID '2130a9e7-795c-4401-9db7-0f25588d839a' with name ''
Mon Feb 12 11:38:30 2024: KERNEL_SVC: closing session for UUID '2130a9e7-795c-4401-9db7-0f25588d839a' with name ''
Mon Feb 12 11:38:30 2024: GUIDANCE_SMGR: closing session for UUID '2130a9e7-795c-4401-9db7-0f25588d839a' with name ''
Mon Feb 12 11:38:30 2024: SYSTEM_DIAGRAM: closing session for UUID '2130a9e7-795c-4401-9db7-0f25588d839a' with name ''
Mon Feb 12 11:38:31 2024: SESSION_MGR: closing session for UUID 'cb6427c8-79c8-4193-b99d-6002926c65f7' with name 'v++_compile_Work'
Mon Feb 12 11:38:31 2024: KERNEL_SVC: closing session for UUID 'cb6427c8-79c8-4193-b99d-6002926c65f7' with name 'v++_compile_Work'
Mon Feb 12 11:38:31 2024: GUIDANCE_SMGR: closing session for UUID 'cb6427c8-79c8-4193-b99d-6002926c65f7' with name 'v++_compile_Work'
Mon Feb 12 11:38:31 2024: SYSTEM_DIAGRAM: closing session for UUID 'cb6427c8-79c8-4193-b99d-6002926c65f7' with name 'v++_compile_Work'
Mon Feb 12 11:38:31 2024: STOP_SERVER received, server token: 36402739-a7c1-4750-bc6c-72b52710b4a2, passed token: 36402739-a7c1-4750-bc6c-72b52710b4a2
Mon Feb 12 11:38:31 2024: Socket received request to stop server.
Mon Feb 12 11:38:31 2024: Dispatch Server: do_await_stop
Mon Feb 12 11:38:31 2024: Dispatch Server: stopping mainFifo_
Mon Feb 12 11:38:31 2024: XCD main fifo: Stopping
Mon Feb 12 11:38:31 2024: XCD main fifo: do_read error code: Operation canceled
Mon Feb 12 11:38:31 2024: XCD main fifo: bytes_transferred: 0
Mon Feb 12 11:38:31 2024: SERVER: destructor for server bound to port 34609
Mon Feb 12 11:38:31 2024: XCD main fifo: Good unlink of /tmp/xcdmain36402739-a7c1-4750-bc6c-72b52710b4a2
Mon Feb 12 11:38:31 2024: Server exiting with status 0.
Mon Feb 12 11:38:31 2024: Closing log file.
Mon Feb 12 15:23:07 2024: Running xcd server. This server was built by gradle.
Mon Feb 12 15:23:07 2024: Server was asked to start on port: '38187'
Mon Feb 12 15:23:07 2024: Server is using token UUID: '50f51982-9d2c-47e5-a050-25df77a067b4'
Mon Feb 12 15:23:07 2024: SESSION_MGR: creating session with session uuid: '6d04a3e9-ade5-4ab9-8d63-1f78fcd2ec76' and name 'default'
Mon Feb 12 15:23:07 2024: Attempting to start server on port '38187'
Mon Feb 12 15:23:07 2024: XCD main fifo: created main fifo '/tmp/xcdmain50f51982-9d2c-47e5-a050-25df77a067b4', fd read = 13
Mon Feb 12 15:23:07 2024: Running Dispatch Server
Mon Feb 12 15:23:07 2024: Version 2.2.0
Mon Feb 12 15:23:09 2024: Dispatch Server: Accepted socket connection from client
Mon Feb 12 15:23:09 2024: Starting Socket connection
Mon Feb 12 15:23:09 2024: EXCHANGE_TOKEN received, server token: 50f51982-9d2c-47e5-a050-25df77a067b4, passed token: 50f51982-9d2c-47e5-a050-25df77a067b4
Mon Feb 12 15:23:09 2024: DISPATCH_HANDLER: Adding handler from function makeHandler in library libxv_system_diagram
Mon Feb 12 15:23:09 2024: SESSION_MGR: creating session with session uuid: 'c15ab8f1-7b09-48c4-a20e-819de0c9ac0b' and name 'v++_compile_Work'
Mon Feb 12 15:23:09 2024: KERNEL_SVC: creating session with uuid: 'c15ab8f1-7b09-48c4-a20e-819de0c9ac0b' and name 'v++_compile_Work'
Mon Feb 12 15:23:09 2024: GUIDANCE_SMGR: creating guidance session with uuid: 'c15ab8f1-7b09-48c4-a20e-819de0c9ac0b' and name 'v++_compile_Work'
Mon Feb 12 15:23:09 2024: SYSTEM_DIAGRAM: creating session with uuid: 'c15ab8f1-7b09-48c4-a20e-819de0c9ac0b' and name 'v++_compile_Work'
Mon Feb 12 15:23:18 2024: Dispatch Server: Accepted socket connection from client
Mon Feb 12 15:23:18 2024: Starting Socket connection
Mon Feb 12 15:23:18 2024: SESSION_MGR: creating session with session uuid: 'cacb1fa4-1d76-4550-a821-01ae1faa0d99' and name 'AIE Compilation'
Mon Feb 12 15:23:18 2024: KERNEL_SVC: creating session with uuid: 'cacb1fa4-1d76-4550-a821-01ae1faa0d99' and name 'AIE Compilation'
Mon Feb 12 15:23:18 2024: GUIDANCE_SMGR: creating guidance session with uuid: 'cacb1fa4-1d76-4550-a821-01ae1faa0d99' and name 'AIE Compilation'
Mon Feb 12 15:23:18 2024: SYSTEM_DIAGRAM: creating session with uuid: 'cacb1fa4-1d76-4550-a821-01ae1faa0d99' and name 'AIE Compilation'
Mon Feb 12 15:23:20 2024: Dispatch Server: Accepted socket connection from client
Mon Feb 12 15:23:20 2024: Starting Socket connection
Mon Feb 12 15:23:28 2024: SESSION_MGR: closing session for UUID 'cacb1fa4-1d76-4550-a821-01ae1faa0d99' with name ''
Mon Feb 12 15:23:28 2024: KERNEL_SVC: closing session for UUID 'cacb1fa4-1d76-4550-a821-01ae1faa0d99' with name ''
Mon Feb 12 15:23:28 2024: GUIDANCE_SMGR: closing session for UUID 'cacb1fa4-1d76-4550-a821-01ae1faa0d99' with name ''
Mon Feb 12 15:23:28 2024: SYSTEM_DIAGRAM: closing session for UUID 'cacb1fa4-1d76-4550-a821-01ae1faa0d99' with name ''
Mon Feb 12 15:23:28 2024: SESSION_MGR: closing session for UUID 'c15ab8f1-7b09-48c4-a20e-819de0c9ac0b' with name 'v++_compile_Work'
Mon Feb 12 15:23:28 2024: KERNEL_SVC: closing session for UUID 'c15ab8f1-7b09-48c4-a20e-819de0c9ac0b' with name 'v++_compile_Work'
Mon Feb 12 15:23:28 2024: GUIDANCE_SMGR: closing session for UUID 'c15ab8f1-7b09-48c4-a20e-819de0c9ac0b' with name 'v++_compile_Work'
Mon Feb 12 15:23:28 2024: SYSTEM_DIAGRAM: closing session for UUID 'c15ab8f1-7b09-48c4-a20e-819de0c9ac0b' with name 'v++_compile_Work'
Mon Feb 12 15:23:28 2024: STOP_SERVER received, server token: 50f51982-9d2c-47e5-a050-25df77a067b4, passed token: 50f51982-9d2c-47e5-a050-25df77a067b4
Mon Feb 12 15:23:28 2024: Socket received request to stop server.
Mon Feb 12 15:23:28 2024: Dispatch Server: do_await_stop
Mon Feb 12 15:23:28 2024: Dispatch Server: stopping mainFifo_
Mon Feb 12 15:23:28 2024: XCD main fifo: Stopping
Mon Feb 12 15:23:28 2024: XCD main fifo: do_read error code: Operation canceled
Mon Feb 12 15:23:28 2024: XCD main fifo: bytes_transferred: 0
Mon Feb 12 15:23:28 2024: SERVER: destructor for server bound to port 38187
Mon Feb 12 15:23:28 2024: XCD main fifo: Good unlink of /tmp/xcdmain50f51982-9d2c-47e5-a050-25df77a067b4
Mon Feb 12 15:23:28 2024: Server exiting with status 0.
Mon Feb 12 15:23:28 2024: Closing log file.
